property_id,survey_number,area_sq_m,owner_name,tax_due,last_paid,assessment_year
TAX-623-7924,SF/31/2,6567.96,Vadivellu,1945.04,2026-08-05,2026
TAX-623-7514,T-433/6,18164.17,Thankaraj,1523.88,2026-07-09,2026
TAX-623-1104,SF/748/8B,10948.92,Mahalaxmi,3569.72,2026-02-04,2026
TAX-623-3942,SF/47/4D,2405.01,Sanmugam,251.2,2025-12-06,2026
TAX-623-4054,RS/364/4C,10213.98,Anbalagan,5067.29,2026-04-09,2026
TAX-623-7638,RS/948/9,5715.58,Palani,370.15,2026-08-09,2026
TAX-623-3884,SF/936/6,4573.44,Kalaivaani,9766.7,2026-02-20,2026
TAX-623-2328,RS/765/7B,13409.12,Palani,0.0,2025-11-29,2026
TAX-623-1435,T-164/7B,20031.71,Sarasvati,0.0,2026-02-01,2026
TAX-623-7593,T-907/9D,17092.51,Raaman,0.0,2026-06-21,2026
TAX-623-7348,SF/520/2D,3927.73,Rajendiran,329.67,2025-11-23,2026
TAX-623-6390,T-941/1B,8347.67,Kumaar,3531.33,2025-09-18,2026
TAX-623-5194,T-498/2D,9978.45,Maheash,0.0,2026-04-28,2026
TAX-623-9961,T-666/6A,18720.01,Aarumugam,28478.79,2026-03-31,2026
TAX-623-3908,SF/73/1,5342.63,Sita,1929.62,2025-10-22,2026
TAX-623-8513,T-958/8,7168.88,Karuppaswamy,1562.1,2026-06-27,2026
TAX-623-5595,T-56/2,3493.78,Periyaswamy,1017.69,2025-12-13,2026
TAX-623-1323,RS/474/4D,2804.14,Marimutthu,0.0,2026-04-17,2026
TAX-623-5534,SF/171/7A,17505.42,Sita,0.0,2026-02-10,2026
TAX-623-6533,RS/293/7C,23823.99,Vaalli,0.0,2025-09-14,2026
TAX-623-7618,,7657.36,Dhinesh,2001.95,2026-05-28,2026
TAX-623-8361,T-883/4A,18189.0,Venkata,7502.98,2026-09-03,2026
TAX-623-5065,T-324/5,10955.22,Thankaraj,3545.29,2026-05-26,2026
TAX-623-9938,SF/10/8B,4255.82,Muthukumaar,1051.83,2025-12-02,2026
TAX-623-2237,RS/292/3A,11159.91,Jayaram,3366.09,2025-10-29,2026
TAX-623-2832,T-160/5,27105.99,Raaman,10291.44,2026-04-09,2026
TAX-623-2824,SF/95/7D,7683.8,Karuppaswamy,2940.64,2026-09-18,2026
TAX-623-9963,T-10/2,29860.4,Marimutthu,232670.27,2026-02-16,2026
TAX-623-9451,SF/316/6D,884.54,Subramanee,298.34,2026-04-28,2026
TAX-623-6115,SF/948/4D,16370.97,Jayaram,4455.99,2026-01-16,2026
TAX-623-4111,T-885/4,9034.93,Gopee,1945.1,2026-08-01,2026
TAX-623-6764,RS/313/4,7184.7,Aroon,528.4,2026-07-03,2026
TAX-623-5947,SF/899/5,8671.18,Surase,1786.55,2026-07-06,2026
TAX-623-1509,SF/395/4,1697.52,Baala,362.89,2026-05-20,2026
TAX-623-2818,,6726.24,Aroon,447.59,2026-04-15,2026
TAX-623-5508,T-963/7C,12060.31,Subramanee,28573.18,2026-04-17,2026
TAX-623-9516,T-622/6A,25825.58,Maheash,3384.12,2026-07-07,2026
TAX-623-9004,SF/689/5,5384.14,Kumaar,2369.79,2025-08-18,2026
TAX-623-3810,T-705/1D,5345.87,Vellu,1574.36,2026-07-31,2026
TAX-623-7940,SF/940/2A,5984.47,Aarumugam,40470.65,2026-02-28,2026
TAX-623-6067,T-437/9A,16734.89,Marimutthu,2524.98,2026-09-03,2026
TAX-623-8364,T-497/4,11241.93,Anbalagan,4917.1,2026-06-05,2026
TAX-623-3353,RS/711/3C,4516.98,Manee,802.14,2025-10-28,2026
TAX-623-7665,T-969/1D,12937.46,Vasanta,3276.07,2026-04-25,2026
TAX-623-2974,SF/280/7A,7714.62,Nagrajan,708.92,2026-04-23,2026
TAX-623-1317,T-28/7B,17963.78,Muthukumaar,51452.73,2026-03-20,2026
TAX-623-8190,SF/466/6,4030.85,Shiva,642.43,2026-03-16,2026
TAX-623-7888,SF/666/2D,10697.16,Manee,17700.38,2026-02-06,2026
TAX-623-1867,RS/686/2B,7709.74,Ramaswamy,1758.86,2026-04-26,2026
TAX-623-7371,,1643.98,Paandi,685.92,2025-11-11,2026
TAX-623-3631,T-802/1,6248.57,Elangovan,1430.56,2026-08-22,2026
TAX-623-9903,,2802.09,Naagammal,380.68,2025-11-20,2026
TAX-623-2619,T-794/8A,2723.69,Kalairasan,718.31,2026-08-15,2026
TAX-623-7781,RS/345/1A,6854.8,Manee,1205.49,2026-08-07,2026
TAX-623-8819,SF/248/7A,11924.64,Balasubramaniam,3051.68,2025-11-14,2026
TAX-623-6327,RS/485/9B,12313.96,Sundhar,5321.5,2025-09-05,2026
TAX-623-7712,T-198/6,2505.99,Maheash,136.12,2025-09-28,2026
TAX-623-3412,T-612/5,3944.61,Surase,6598.62,2025-10-27,2026
TAX-623-5948,T-300/3C,6285.33,Kannen,863.86,2026-03-11,2026
TAX-623-2553,RS/964/8,9938.32,Marimutthu,0.0,2026-04-08,2026
TAX-623-8532,SF/255/2B,4221.86,Kamachi,2069.83,2025-12-28,2026
TAX-623-8252,T-440/5B,5050.81,Marimutthu,12781.13,2025-10-06,2026
TAX-623-4550,,1847.58,Karthick,8713.93,2025-12-27,2026
TAX-623-3787,T-678/4A,2091.93,Rajendiran,16084.42,2025-10-31,2026
TAX-623-5581,,8593.28,Shiva,3806.72,2026-03-22,2026
TAX-623-1917,T-602/1D,11143.29,Karuppaswamy,33656.54,2025-11-23,2026
TAX-623-4562,RS/993/2A,4794.02,Kalairasan,1402.67,2026-02-08,2026
TAX-623-3245,RS/259/6,11304.64,Karuppaswamy,12533.33,2026-07-21,2026
TAX-623-4158,SF/274/9,7011.09,Vadivellu,1537.51,2025-10-27,2026
TAX-623-3552,SF/319/9,2941.47,Balasubramaniam,10293.98,2026-04-07,2026
TAX-623-4067,RS/565/3A,7101.93,Paandi,0.0,2026-05-01,2026
TAX-623-2588,RS/957/9,24299.22,Aandaal,87971.46,2026-06-20,2026
TAX-623-3028,T-496/6,4192.97,Karuppaswamy,1002.29,2025-11-11,2026
TAX-623-6691,RS/45/6C,14569.82,Palani,4957.95,2026-07-22,2026
TAX-623-1113,,762.23,Kalairasan,270.17,2025-09-09,2026
TAX-623-6569,T-736/8D,8719.96,Manimagalai,0.0,2026-07-29,2026
TAX-623-1404,,5602.88,Saravannan,1979.8,2026-08-09,2026
TAX-623-2674,RS/580/3,4772.95,Periyaswamy,2281.15,2025-12-08,2026
TAX-623-3336,SF/921/8,5192.09,Elangovan,2314.73,2026-09-09,2026
TAX-623-9661,RS/468/5,1132.4,Anbalagan,376.99,2026-02-16,2026
TAX-623-7067,SF/850/7,4361.18,Dhinesh,380.23,2026-06-21,2026
TAX-623-9848,T-774/3C,7985.33,Karuppaswamy,23438.22,2026-05-30,2026
TAX-623-6261,SF/206/3D,16483.44,Mahalaxmi,4324.08,2026-01-19,2026
TAX-623-5252,,3096.82,Rajendiran,632.7,2026-08-15,2026
TAX-623-2007,T-767/5B,2911.68,Manee,1305.69,2025-12-08,2026
TAX-623-9427,T-844/8C,3167.5,Ramaswamy,958.95,2026-06-12,2026
TAX-623-2862,T-159/7C,7654.83,Karuppaswamy,3182.77,2026-06-24,2026
TAX-623-3662,RS/63/7,8341.25,Mahalaxmi,1419.01,2026-07-27,2026
TAX-623-8276,SF/806/6,2868.57,Kalairasan,0.0,2025-09-14,2026
TAX-623-5992,T-3/5D,7830.36,Elangovan,3675.96,2026-05-05,2026
TAX-623-7259,SF/272/1,5353.49,Laxmi,1836.74,2026-01-28,2026
TAX-623-4949,T-227/1C,12417.73,Chinnaswamy,64801.38,2026-07-10,2026
TAX-623-4908,RS/437/2A,6229.49,Shiva,2579.34,2026-03-22,2026
TAX-623-6958,T-562/6A,18849.34,Kannen,0.0,2026-04-19,2026
TAX-623-8784,T-899/9C,12647.6,Kamalaa,5841.83,2026-05-14,2026
TAX-623-4237,RS/438/6C,2381.2,Velusamy,0.0,2026-06-12,2026
TAX-623-8823,T-757/6D,12918.4,Parvati,91804.85,2025-12-22,2026
TAX-623-4238,RS/889/1,6622.6,Thankaraj,0.0,2026-07-26,2026
TAX-623-4181,T-377/2D,5686.27,Saravannan,2497.06,2026-03-31,2026
TAX-623-8891,T-27/5,14733.35,Ramaswamy,4879.53,2025-12-21,2026
TAX-623-3631,SF/146/1,21027.78,Kamachi,10512.1,2025-11-21,2026
TAX-623-3347,T-87/1,16800.96,Baala,3569.9,2026-05-25,2026
TAX-623-2677,RS/221/9,4333.11,Karuppaswamy,15609.19,2025-09-12,2026
TAX-623-5063,T-57/1,6863.15,Maheash,54551.07,2025-11-01,2026
TAX-623-8182,SF/133/7B,15293.73,Raaman,6826.15,2025-12-24,2026
TAX-623-6391,RS/588/7C,15969.0,Pathmaa,0.0,2025-12-20,2026
TAX-623-3976,T-81/7D,6117.82,Ramaswamy,2120.39,2026-06-01,2026
TAX-623-7282,RS/360/3,7843.23,Paandi,1007.09,2025-10-30,2026
TAX-623-8945,T-506/8D,2651.6,Vellu,1275.78,2025-10-29,2026
TAX-623-3729,RS/453/5D,2886.06,Ramaswamy,11443.29,2026-04-05,2026
TAX-623-9540,SF/661/2B,20893.05,Shiva,8990.08,2025-10-03,2026
TAX-623-1328,RS/106/6C,26302.03,Murughan,9778.87,2026-06-25,2026
TAX-623-5351,RS/794/6C,8220.33,Aarumugam,3004.03,2026-02-13,2026
TAX-623-2024,T-873/3,19042.14,Susila,9415.94,2026-07-24,2026
TAX-623-5151,SF/318/9A,11697.58,Velusamy,0.0,2026-09-04,2026
TAX-623-5920,RS/185/4,5210.92,Aarumugam,400.79,2026-01-13,2026
TAX-623-1221,,11359.14,Manimagalai,4008.82,2025-09-19,2026
TAX-623-9667,T-829/3C,31988.78,Venkata,12192.91,2026-06-16,2026
TAX-623-5479,RS/240/9,7628.84,Dhinesh,44691.83,2026-06-22,2026
TAX-623-7575,T-429/3D,31655.56,Tamizhelvan,11187.47,2026-02-02,2026
TAX-623-2917,T-867/9D,1224.35,Sanmugam,0.0,2026-08-19,2026
TAX-623-3380,RS/906/6,17077.98,Periyaswamy,8063.46,2026-08-25,2026
TAX-623-5843,T-666/6D,10958.57,Karuppaswamy,2426.76,2025-08-20,2026
TAX-623-9237,SF/20/5,6724.72,Aiyanar,0.0,2026-01-26,2026
TAX-623-5547,SF/245/7C,9959.26,Aarumugam,13437.84,2026-08-24,2026
TAX-623-1588,SF/681/2B,2700.0,Sundhar,889.07,2025-09-05,2026
TAX-623-9460,RS/45/7,6954.48,Subramanee,497.37,2025-09-15,2026
TAX-623-5303,T-775/6,8461.99,Anbalagan,60364.93,2026-06-18,2026
TAX-623-2680,T-187/3,26055.8,Muthukumaar,325250.89,2025-11-24,2026
TAX-623-9598,T-408/9A,4983.71,Murughan,2422.17,2026-03-22,2026
TAX-623-4981,RS/448/7C,4837.11,Kalairasan,1811.13,2026-03-28,2026
TAX-623-5148,,7212.47,Sanmugam,2897.0,2026-08-19,2026
TAX-623-3893,RS/314/8B,20356.87,Chelvam,0.0,2026-01-03,2026
TAX-623-7085,RS/655/1,11906.93,Jayaram,4580.59,2026-08-08,2026
TAX-623-9088,,6935.51,Sundhar,3447.97,2026-02-17,2026
TAX-623-6057,RS/666/5,13144.06,Sanmugam,6229.08,2025-09-13,2026
TAX-623-2216,T-457/4B,11956.84,Paandi,1514.2,2026-03-02,2026
TAX-623-2048,RS/90/6C,21274.71,Marimutthu,7402.74,2025-12-16,2026
TAX-623-1792,SF/243/8,13421.26,Anbalagan,2151.04,2026-07-19,2026
TAX-623-4439,T-76/8A,47144.94,Subramanee,6961.07,2026-05-23,2026
TAX-623-3313,SF/531/3,23239.03,Venkata,0.0,2025-10-15,2026
TAX-623-2637,SF/651/9,3488.32,Dhinesh,4321.92,2026-01-06,2026
TAX-623-2660,T-738/6D,24489.45,Elangovan,10125.44,2026-05-05,2026
TAX-623-1173,T-427/1A,13422.11,Tamizhelvan,0.0,2025-12-05,2026
TAX-623-7436,T-62/3A,13934.32,Velusamy,2574.62,2026-08-13,2026
TAX-623-9207,RS/999/7,30937.59,Baala,13021.24,2025-09-22,2026
TAX-623-8357,SF/298/7D,35832.24,Karuppaswamy,1943.73,2025-10-17,2026
TAX-623-1972,SF/511/9A,44174.77,Tamizhelvan,0.0,2026-04-01,2026
TAX-623-7656,T-9/2A,11561.85,Palani,3085.81,2025-12-04,2026
TAX-623-6177,RS/567/5,13079.77,Raajaa,3301.69,2026-01-28,2026
TAX-623-8901,T-962/6D,24343.28,Ramaswamy,1313.04,2025-10-15,2026
TAX-623-7412,T-468/3B,37860.87,Kamalaa,16572.63,2026-04-07,2026
TAX-623-6003,T-345/9D,12869.91,Ramaswamy,0.0,2026-06-13,2026
TAX-623-7152,T-316/1B,17135.14,Kalaivaani,860.76,2025-11-24,2026
TAX-623-5959,RS/152/4,7465.47,Shiva,43098.2,2025-12-28,2026
TAX-623-1833,T-794/8D,6438.88,Thankaraj,1090.44,2026-04-24,2026
TAX-623-8432,SF/471/9,40280.65,Aiyanar,131235.72,2026-06-12,2026
TAX-623-3895,SF/965/5D,48886.27,Rajendiran,0.0,2026-08-26,2026
TAX-623-2930,T-557/7A,19880.61,Surase,121133.61,2025-08-29,2026
TAX-623-1117,T-263/8,28818.98,Manee,447240.37,2026-07-01,2026
TAX-623-1849,SF/654/4,27487.55,Jayalaxmi,0.0,2026-06-08,2026
TAX-623-5548,RS/667/4D,10195.18,Sita,4817.14,2025-09-03,2026
TAX-623-3399,RS/807/8,23303.74,Annamaa,4016.32,2026-06-17,2026
TAX-623-1499,T-537/8,90646.39,Annamaa,0.0,2026-05-08,2026
TAX-623-5300,,13177.96,Muthukumaar,6482.33,2026-01-31,2026
TAX-623-6178,RS/89/7C,82787.9,Velusamy,40813.03,2026-04-25,2026
TAX-623-7632,T-242/1C,3767.33,Vaalli,1535.28,2026-01-30,2026
TAX-623-3641,RS/377/4,34693.59,Maheash,7438.98,2026-07-05,2026
TAX-623-1118,T-458/9C,20404.87,Subramanee,10073.38,2025-09-28,2026
TAX-623-9983,SF/697/4C,12258.85,Aroon,3982.26,2026-09-11,2026
TAX-623-8998,RS/741/1A,18186.32,Chinnaswamy,6330.99,2026-07-19,2026
TAX-623-1821,SF/957/8,3065.55,Vellu,729.63,2025-09-08,2026
TAX-623-9880,RS/891/7A,12555.86,Thankaraj,2182.54,2025-12-18,2026
TAX-623-4016,,26201.12,Paandi,0.0,2025-08-24,2026
TAX-623-9096,T-784/2,68312.89,Vadivellu,435433.47,2026-01-12,2026
TAX-623-5351,,12930.01,Malati,92417.59,2025-12-05,2026
TAX-623-5774,T-839/6,10053.03,Dhinesh,15518.44,2026-06-21,2026
TAX-623-3172,,12585.21,Shiva,13015.9,2026-04-01,2026
TAX-623-6252,T-427/7,39408.22,Nagrajan,13617.66,2026-04-06,2026
TAX-623-8126,T-423/7B,16888.07,Raajaa,1199.99,2026-06-25,2026
TAX-623-5788,T-742/4,16508.73,Tejas Selvam,7894.29,2026-03-03,2026
TAX-623-9319,RS/980/1,25233.97,Viraj Selvam,10788.41,2026-07-06,2026
TAX-623-4831,T-368/5,22111.09,Yashasvi Selvam,2745.13,2025-11-27,2026
TAX-623-6756,,38744.73,Avi Selvam,17980.66,2026-04-29,2026
TAX-623-9260,SF/512/9C,3155.79,Rushil Selvam,731.77,2025-08-21,2026
TAX-623-2910,RS/174/3C,10544.29,Oni Selvam,44447.71,2025-11-04,2026
TAX-623-8407,SF/10/4B,6088.82,Thomas Selvam,0.0,2025-08-22,2026
TAX-623-9073,SF/515/7D,806.16,Saumya Selvam,373.62,2026-08-11,2026
TAX-623-8255,RS/274/7,5957.52,Ramaswamy,0.0,2026-03-23,2026
TAX-623-9047,SF/720/3,3476.23,Manee,917.38,2026-08-08,2026
TAX-623-4282,SF/217/8,2588.01,Chelvam,11481.34,2025-10-20,2026
TAX-623-6107,SF/771/7,7677.71,Murughan,0.0,2026-09-11,2026
TAX-623-9397,T-81/9C,9661.96,Vadivellu,3098.34,2026-03-22,2026
TAX-623-4131,RS/503/4,10829.75,Ramaswamy,3426.89,2026-09-14,2026
TAX-623-4082,T-76/2,2620.86,Ramaswamy,190.01,2026-05-20,2026
TAX-623-9708,,3548.78,Chelvam,865.45,2026-02-11,2026
TAX-623-2143,RS/885/7,5050.7,Sita,1763.91,2025-11-15,2026
TAX-623-8301,SF/446/5A,11162.07,Palani,3054.29,2025-12-26,2026
TAX-623-3312,,3559.61,Karuppaswamy,1654.29,2026-05-31,2026
TAX-623-9069,T-503/4,3845.5,Kalaivaani,0.0,2025-12-20,2026
TAX-623-4498,T-787/9,2046.99,Elangovan,421.65,2026-06-03,2026
TAX-623-1645,RS/690/8,1401.06,Vellu,6270.87,2025-09-23,2026
TAX-623-3290,T-429/9,10083.44,Vellu,56274.95,2025-12-09,2026
TAX-623-2288,T-681/6,13035.85,Manee,0.0,2026-08-25,2026
TAX-623-7813,T-765/9B,5299.28,Gopee,0.0,2026-05-02,2026
TAX-623-8960,RS/26/8,14491.93,Elangovan,5304.13,2026-04-08,2026
TAX-623-5156,RS/100/8C,6929.27,Jayaram,2067.8,2026-09-05,2026
TAX-623-3109,SF/529/3B,3037.92,Kalaivaani,922.02,2026-07-04,2026
TAX-623-5015,,5781.09,Venkata,0.0,2026-04-15,2026
TAX-623-7238,SF/592/2D,16357.16,Karthick,2728.16,2025-11-12,2026
TAX-623-7341,,4417.59,Karuppaswamy,689.73,2026-03-07,2026
TAX-623-7927,SF/689/3,17161.83,Maheash,2026.16,2026-07-12,2026
TAX-623-4588,T-711/3B,517.23,Thankaraj,183.1,2026-07-06,2026
TAX-623-3710,,10759.05,Jayaram,940.87,2025-12-07,2026
TAX-623-5471,RS/34/5,5503.26,Laxmi,0.0,2025-10-09,2026
TAX-623-5771,,3824.57,Subramanee,616.31,2026-05-11,2026
TAX-623-2572,RS/270/6D,4789.1,Palani,0.0,2025-08-27,2026
TAX-623-6003,,1069.83,Elangovan,0.0,2026-04-12,2026
TAX-623-7207,RS/587/5D,3922.3,Baala,383.51,2026-07-13,2026
TAX-623-2767,T-130/3,7526.41,Thankaraj,71868.84,2025-11-02,2026
TAX-623-9738,T-814/2A,14553.81,Raajaa,5790.94,2025-09-24,2026
TAX-623-5679,T-96/8C,2855.11,Baala,0.0,2026-06-28,2026
TAX-623-3810,RS/331/5,2334.18,Periyaswamy,792.5,2026-03-10,2026
TAX-623-7440,SF/452/8,3835.68,Shiva,0.0,2026-08-05,2026
TAX-623-1624,SF/54/7C,10199.13,Maheash,0.0,2026-01-29,2026
TAX-623-4752,,6257.51,Raaman,411.81,2025-11-04,2026
TAX-623-9080,,3447.71,Saravannan,0.0,2026-07-13,2026
TAX-623-8745,T-767/3A,6595.89,Annamaa,1517.49,2026-02-17,2026
TAX-623-4963,SF/284/2,4995.66,Paandi,1730.01,2026-03-17,2026
TAX-623-7438,T-56/4A,10016.79,Maheash,1984.8,2026-07-08,2026
TAX-623-7511,,3663.07,Raaman,313.8,2025-09-22,2026
TAX-623-9792,T-514/7A,9863.61,Annamaa,3868.04,2026-08-29,2026
TAX-623-5213,SF/550/6A,6629.18,Maheash,3250.04,2026-07-09,2026
TAX-623-6402,SF/60/4,1698.63,Periyaswamy,114.3,2026-01-22,2026
TAX-623-2006,SF/719/1,4936.38,Venkata,1788.89,2026-05-07,2026
TAX-623-8301,SF/344/7,3264.36,Sanmugam,815.75,2025-12-28,2026
TAX-623-7436,T-171/6,1524.9,Chinnaswamy,0.0,2025-10-28,2026
TAX-623-2881,RS/393/3,8021.81,Chinnaswamy,1864.74,2025-10-17,2026
TAX-623-3416,SF/184/4D,8816.9,Thankaraj,1059.62,2026-08-06,2026
TAX-623-9457,T-804/5C,6342.67,Maheash,2838.22,2026-03-20,2026
TAX-623-7445,SF/155/1A,1470.9,Aroon,614.75,2025-11-08,2026
TAX-623-4574,SF/430/8,2562.36,Kalaivaani,765.33,2026-03-23,2026
TAX-623-8394,RS/998/2B,7171.14,Aarumugam,558.12,2026-06-06,2026
TAX-623-9577,SF/299/5D,12277.8,Periyaswamy,205460.27,2026-01-05,2026
TAX-623-9199,SF/160/2,2502.17,Surase,7503.49,2026-05-15,2026
TAX-623-7799,SF/93/3D,2667.96,Marimutthu,299.23,2025-12-20,2026
TAX-623-2389,SF/992/6A,1301.96,Baala,2063.94,2026-09-16,2026
TAX-623-9290,SF/134/4D,1243.25,Vaalli,452.48,2026-02-28,2026
TAX-623-3243,SF/925/8D,7328.22,Vellu,0.0,2025-09-21,2026
TAX-623-5662,RS/842/7A,11228.67,Ponnamaal,189811.3,2026-07-30,2026
TAX-623-6956,SF/629/4C,3585.27,Surase,1034.65,2025-12-15,2026
TAX-623-1181,,8043.35,Kannen,1571.38,2025-12-16,2026
TAX-623-8596,RS/398/5,7156.45,Jayaram,24547.55,2026-06-08,2026
TAX-623-9963,SF/673/4,2282.53,Aiyanar,1108.53,2025-09-07,2026
TAX-623-9089,SF/181/4B,7396.42,Tamizhelvan,33679.15,2025-12-04,2026
TAX-623-3792,SF/577/4D,14885.36,Jayaram,5959.62,2026-02-25,2026
TAX-623-2918,SF/21/9A,3279.27,Manee,850.9,2026-05-24,2026
TAX-623-7040,T-722/3D,14722.86,Baala,3191.68,2025-12-05,2026
TAX-623-3907,,551.67,Velusamy,116.14,2026-04-04,2026
TAX-623-2806,,6590.12,Subramanee,2492.89,2026-06-01,2026
TAX-623-7843,RS/944/4C,4558.69,Tamizhelvan,996.14,2025-09-13,2026
TAX-623-1550,T-747/6A,3816.1,Baala,880.23,2025-12-07,2026
TAX-623-3844,T-430/3A,4105.75,Raaman,24160.34,2026-07-13,2026
TAX-623-4284,SF/167/8,825.42,Tamizhelvan,87.29,2026-09-01,2026
TAX-623-2187,,3757.98,Kalaivaani,1733.54,2025-09-28,2026
TAX-623-5958,RS/714/9C,4241.94,Sundhar,1575.44,2025-12-07,2026
TAX-623-9378,RS/158/1,9840.61,Vaalli,60323.2,2025-09-02,2026
TAX-623-3235,T-299/2A,2109.2,Chelvam,17970.74,2026-03-30,2026
TAX-623-3199,SF/380/7,1927.65,Manee,648.07,2025-09-07,2026
TAX-623-4343,T-684/2,3837.47,Tamizhelvan,1470.19,2026-02-20,2026
TAX-623-9252,RS/587/4A,8396.88,Shiva,3883.26,2026-06-23,2026
TAX-623-3405,T-151/2D,4212.94,Aarumugam,0.0,2026-03-26,2026
TAX-623-4636,RS/207/3D,3049.32,Murughan,175.4,2026-04-16,2026
TAX-623-9897,SF/806/9D,6329.45,Sita,29239.14,2026-03-14,2026
TAX-623-1750,,4647.53,Chelvam,600.46,2025-12-09,2026
TAX-623-1156,RS/413/3B,10292.59,Balasubramaniam,4655.94,2025-12-22,2026
TAX-623-3459,RS/838/5,16924.9,Palani,1276.97,2026-07-18,2026
TAX-623-3242,RS/793/6,42062.1,Kannen,294641.18,2026-02-23,2026
TAX-623-2553,T-889/6D,25156.47,Thankaraj,2431.29,2026-02-18,2026
TAX-623-3653,SF/256/1A,4632.41,Aarumugam,1366.07,2025-12-14,2026
TAX-623-7799,T-32/4,29493.68,Velusamy,2528.51,2025-09-15,2026
TAX-623-7377,T-851/2,15598.75,Jayaram,0.0,2026-08-24,2026
TAX-623-9469,SF/886/1A,9594.53,Saravannan,0.0,2026-06-15,2026
TAX-623-6303,T-282/7A,31994.94,Maheash,7405.18,2026-05-02,2026
TAX-623-2643,SF/524/6B,32822.31,Ramaswamy,13971.65,2025-09-08,2026
TAX-623-7414,RS/268/5,46785.12,Tamizhelvi,9440.85,2026-05-07,2026
TAX-623-4182,RS/303/5A,10967.9,Balasubramaniam,0.0,2025-12-02,2026
TAX-623-7777,,16542.49,Gopee,2819.37,2026-04-06,2026
TAX-623-9407,SF/763/5A,25438.36,Venkata,201818.51,2026-01-23,2026
TAX-623-3134,T-595/2A,40655.73,Aiyanar,15425.78,2026-05-21,2026
TAX-623-6204,,13204.92,Shiva,0.0,2025-11-07,2026
TAX-623-2588,RS/647/3,19199.57,Venkata,0.0,2025-12-26,2026
TAX-623-7930,T-440/7A,8263.11,Kumaar,1396.94,2026-02-08,2026
TAX-623-7379,T-196/1C,8734.13,Raaman,858.65,2025-11-08,2026
TAX-623-9762,RS/972/5A,38256.62,Chelvam,6641.74,2026-09-07,2026
TAX-623-3932,RS/20/4,58601.31,Gopee,9786.09,2026-03-19,2026
TAX-623-6276,SF/385/5D,17948.31,Sanmugam,128022.25,2026-05-13,2026
TAX-623-5007,RS/486/3,43605.67,Sundhar,0.0,2025-09-25,2026
TAX-623-2726,T-737/2,26897.9,Surase,9016.01,2026-01-10,2026
TAX-623-6278,T-420/5,10679.83,Aarumugam,4265.07,2025-10-16,2026
TAX-623-3959,T-77/2,28499.06,Raaman,2517.9,2026-08-28,2026
TAX-623-5057,RS/369/6A,63935.51,Vasanta,0.0,2026-03-27,2026
TAX-623-3957,RS/979/5C,19761.3,Kalairasan,80984.78,2026-01-20,2026
TAX-623-9866,RS/820/7C,68729.98,Surase,20569.0,2026-07-09,2026
TAX-623-9098,RS/186/7D,5029.8,Kumaar,1785.44,2025-10-14,2026
TAX-623-9461,,36909.97,Kannen,206343.09,2026-03-17,2026
TAX-623-1712,T-634/2A,21770.78,Gopee,123341.04,2026-05-05,2026
TAX-623-6191,T-870/8D,13144.03,Subramanee,4201.38,2026-07-05,2026
TAX-623-4802,T-659/7A,21035.4,Surase,58103.98,2026-07-21,2026
TAX-623-2400,RS/764/1,4004.31,Kanagammal,1796.36,2025-12-26,2026
TAX-623-3123,RS/974/6,14965.27,Ramaswamy,2959.24,2025-09-25,2026
TAX-623-2511,RS/734/8,29283.79,Balasubramaniam,0.0,2026-03-23,2026
TAX-623-9800,T-109/1,66968.8,Dhinesh,22873.11,2026-02-16,2026
TAX-623-9052,RS/221/8D,14881.02,Aroon,102513.33,2026-04-14,2026
TAX-623-9660,RS/675/9,10275.51,Elangovan,4207.31,2026-04-25,2026
TAX-623-3019,SF/709/3C,11402.83,Elangovan,83553.23,2025-12-05,2026
TAX-623-5611,T-781/4,41074.44,Nagrajan,305843.43,2025-09-26,2026
TAX-623-4885,RS/729/9C,27423.28,Jayalaxmi,11820.79,2026-08-21,2026
TAX-623-3873,T-331/2D,16052.65,Kannen,20090.06,2026-04-13,2026
TAX-623-1740,RS/149/1C,29531.58,Vadivellu,6148.74,2026-04-08,2026
TAX-623-8959,T-889/9D,22659.55,Raajaa,138770.84,2026-04-11,2026
TAX-623-5902,RS/397/7D,41986.36,Dhinesh,11008.31,2026-05-28,2026
TAX-623-6401,RS/850/4C,9287.82,Ramaswamy,2992.18,2026-04-01,2026
TAX-623-8093,T-77/3,20939.31,Aroon,62663.21,2025-09-27,2026
TAX-623-8978,,14346.46,Kumaar,3118.87,2026-05-20,2026
TAX-623-7977,RS/503/9,2676.11,Anbalagan,0.0,2026-03-02,2026
TAX-623-8945,RS/301/4D,11027.56,Chinnaswamy,1034.62,2026-06-29,2026
TAX-623-8821,SF/982/1C,8090.25,Paandi,1248.24,2025-10-05,2026
TAX-623-2183,RS/527/9A,6608.57,Dhinesh,16293.8,2026-08-04,2026
TAX-623-8066,T-547/1C,17978.6,Meenachi,112998.67,2025-10-01,2026
TAX-623-1978,T-703/3,23564.86,Chelvam,167451.69,2025-12-22,2026
TAX-623-3807,,21166.92,Subramanee,4101.72,2026-04-30,2026
TAX-623-1785,T-65/1C,4474.88,Vadivellu,1521.12,2025-09-26,2026
TAX-623-3439,,9273.11,Balasubramaniam,3476.34,2026-02-16,2026
TAX-623-6493,SF/306/6,12565.05,Vadivellu,1162.72,2026-08-31,2026
TAX-623-5976,,15586.36,Vadivellu,5643.58,2026-08-09,2026
TAX-623-3573,T-819/1D,6550.78,Rajendiran,2484.07,2026-04-28,2026
TAX-623-7582,SF/744/8,9036.06,Susila,792.14,2026-08-15,2026
TAX-623-7442,RS/632/5C,4136.05,Malati,266.7,2026-09-06,2026
TAX-623-4732,SF/730/7,5222.27,Raaman,1814.48,2026-05-12,2026
TAX-623-7187,SF/862/5D,19477.97,Jayaram,24904.94,2025-09-03,2026
TAX-623-8057,T-415/4,32523.68,Vellu,14444.28,2025-12-19,2026
TAX-623-8478,T-751/5,8521.13,Sanmugam,0.0,2026-05-28,2026
TAX-623-9301,T-144/8,23345.84,Ramaswamy,5891.91,2025-12-29,2026
TAX-623-4367,SF/531/6A,15185.65,Aiyanar,83400.68,2026-09-09,2026
TAX-623-7519,T-670/2B,6482.51,Aarumugam,2308.4,2025-12-22,2026
TAX-623-8042,T-7/9,16281.63,Jayaram,1957.06,2026-08-02,2026
TAX-623-2742,,27925.84,Kumaar,2187.66,2026-06-10,2026
TAX-623-5974,,10142.38,Kumaar,3352.37,2026-01-03,2026
TAX-623-8050,T-982/7B,30601.02,Shiva,10499.92,2026-08-23,2026
TAX-623-9327,,2123.09,Manee,0.0,2026-08-28,2026
TAX-623-8207,RS/611/2,18093.26,Kumaar,80280.03,2025-10-26,2026
TAX-623-4182,SF/182/8B,11287.1,Thankaraj,5540.82,2026-07-28,2026
TAX-623-7606,T-665/7B,8889.3,Susila,2476.51,2025-08-21,2026
TAX-623-4756,RS/604/2A,10721.19,Aiyanar,17309.94,2026-08-12,2026
TAX-623-3771,T-8/7C,2256.41,Vadivellu,732.21,2026-01-14,2026
TAX-623-8538,T-434/6B,8143.03,Elangovan,2631.32,2026-05-10,2026
TAX-623-3315,,14555.14,Aiyanar,22436.52,2026-07-28,2026
TAX-623-8936,T-973/3,34780.46,Paandi,4877.23,2025-12-05,2026
TAX-623-1632,SF/824/2D,7188.64,Shiva,3100.53,2026-09-06,2026
TAX-623-5314,RS/954/7B,5148.04,Manee,2373.18,2026-01-05,2026
TAX-623-9081,SF/207/9,6506.2,Venkata,0.0,2025-10-16,2026
TAX-623-7150,,21510.71,Murughan,5929.4,2025-11-24,2026
TAX-623-4093,,15637.68,Rajeswary,92548.8,2026-06-27,2026
TAX-623-1245,T-833/5C,7285.22,Rajendiran,450.83,2026-05-10,2026
TAX-623-3764,,15663.73,Muthukumaar,3227.82,2026-03-29,2026
TAX-623-3276,RS/255/5,13867.32,Baala,0.0,2026-03-11,2026
TAX-623-7084,RS/188/4A,20831.75,Kalaivaani,7020.54,2026-04-16,2026
TAX-623-9778,SF/798/2,2905.77,Palani,394.28,2026-04-18,2026
TAX-623-4362,RS/381/6A,7147.46,Vadivellu,23524.83,2026-03-18,2026
TAX-623-1700,RS/228/3,4271.02,Aandaal,1520.22,2025-12-17,2026
TAX-623-4482,T-531/8,990.88,Venkata,0.0,2025-11-08,2026
TAX-623-3211,T-270/4,4067.84,Ramaswamy,1666.64,2026-07-18,2026
TAX-623-2615,RS/462/3B,2436.08,Sanmugam,850.81,2026-05-08,2026
TAX-623-2043,RS/201/3D,2324.5,Palani,128.81,2026-07-07,2026
TAX-623-8881,RS/805/8,5261.47,Anbalagan,89817.4,2026-06-29,2026
TAX-623-8288,T-99/8C,7816.27,Malati,1676.56,2025-10-03,2026
TAX-623-2406,RS/364/6C,6978.53,Sundhar,992.55,2026-08-01,2026
TAX-623-5165,SF/656/6A,2331.59,Muthukumaar,450.41,2026-05-09,2026
TAX-623-8771,,3198.97,Saravannan,0.0,2026-06-04,2026
TAX-623-2422,SF/746/4C,4740.16,Elangovan,520.51,2026-01-07,2026
TAX-623-5388,T-56/1D,7670.51,Chelvam,27784.32,2026-03-12,2026
TAX-623-5411,RS/235/4C,2844.35,Chandraa,1188.94,2026-01-08,2026
TAX-623-6454,T-958/5B,3099.45,Susila,1136.52,2026-01-15,2026
TAX-623-7983,RS/537/9,1578.87,Anbalagan,6728.18,2026-01-15,2026
TAX-623-7979,SF/1/9D,1735.45,Thankaraj,741.23,2026-03-02,2026
TAX-623-5811,RS/10/7D,7106.66,Karuppaswamy,1612.53,2026-04-12,2026
TAX-623-1216,SF/733/7D,10558.72,Subramanee,4223.52,2026-02-16,2026
TAX-623-2421,RS/292/9D,3272.45,Ramaswamy,1541.71,2026-04-21,2026
TAX-623-1991,T-638/8,7035.0,Ponnamaal,2928.79,2026-07-30,2026
TAX-623-1056,RS/745/1,5327.46,Dhinesh,0.0,2026-04-16,2026
TAX-623-9694,T-811/1,2408.96,Karuppaswamy,1170.91,2026-08-25,2026
TAX-623-8002,RS/837/7D,4601.32,Vadivellu,387.71,2025-11-13,2026
TAX-623-5928,SF/472/2B,11868.63,Palani,72617.52,2025-11-15,2026
TAX-623-6642,SF/885/4,4948.6,Kumaar,1003.35,2026-02-03,2026
TAX-623-6210,RS/705/3,14768.8,Velusamy,3017.88,2025-12-30,2026
TAX-623-7926,,1024.87,Anbalagan,190.25,2025-12-29,2026
TAX-623-4254,,5162.86,Aroon,2323.97,2025-12-30,2026
TAX-623-8204,RS/332/8,4104.77,Aroon,576.04,2026-06-20,2026
TAX-623-5450,T-376/8,2726.76,Marimutthu,0.0,2026-03-13,2026
TAX-623-2370,RS/195/9C,4541.59,Sanmugam,26123.31,2026-03-14,2026
TAX-623-8646,SF/45/3,527.53,Paandi,227.99,2026-03-27,2026
TAX-623-3317,T-719/5,3295.92,Nagrajan,363.14,2026-05-19,2026
TAX-623-5274,RS/814/1D,4952.75,Karuppaswamy,1561.04,2025-11-06,2026
TAX-623-8965,SF/198/9C,13737.88,Malati,63720.05,2026-04-30,2026
TAX-623-1267,SF/171/3B,2771.61,Chelvam,786.69,2026-05-28,2026
TAX-623-9439,RS/624/4B,1955.86,Jayaram,353.04,2026-04-24,2026
TAX-623-9528,SF/531/3,2172.79,Marimutthu,373.77,2026-02-12,2026
TAX-623-6814,T-585/3,9397.7,Surase,709.79,2025-11-16,2026
TAX-623-3146,SF/585/7B,6142.53,Saravannan,2366.99,2026-06-18,2026
TAX-623-9405,T-391/2D,2405.94,Tamizhelvan,6058.29,2026-05-17,2026
TAX-623-2843,T-797/7,4338.05,Paandi,1160.47,2025-08-29,2026
TAX-623-1129,T-403/8D,3782.15,Saravannan,874.19,2025-12-03,2026
TAX-623-1401,T-764/1B,8520.88,Kannen,2535.01,2026-05-20,2026
TAX-623-2842,T-631/9,7154.9,Kamachi,3091.96,2025-11-05,2026
TAX-623-2042,T-672/1D,21165.28,Paandi,9456.51,2025-12-04,2026
TAX-623-2294,SF/972/3D,11413.02,Raajaa,3694.61,2025-09-19,2026
TAX-623-7238,T-769/5B,3287.73,Aiyanar,1339.24,2026-04-21,2026
TAX-623-9724,SF/809/5,10210.97,Annamaa,1517.85,2025-10-01,2026
TAX-623-9960,T-727/2,6423.22,Sanmugam,1077.0,2026-03-23,2026
TAX-623-3490,SF/254/9,6247.65,Subramanee,2510.44,2025-10-14,2026
TAX-623-2842,RS/832/1C,11959.5,Anbalagan,3265.42,2025-09-06,2026
TAX-623-3939,T-894/4A,22753.06,Surase,0.0,2025-10-21,2026
TAX-623-1303,T-932/3A,17801.77,Vadivellu,0.0,2026-02-27,2026
TAX-623-9923,RS/902/7A,4533.32,Baala,1466.28,2026-01-19,2026
TAX-623-7515,SF/190/1D,6743.2,Raajaa,45761.86,2025-10-29,2026
TAX-623-2490,SF/705/8,10529.26,Saravannan,601.76,2026-03-14,2026
TAX-623-2533,SF/232/1A,19072.27,Karuppaswamy,97913.14,2025-09-15,2026
TAX-623-4637,SF/950/8D,6687.21,Aroon,1207.39,2025-11-03,2026
TAX-623-4411,T-609/9B,6430.25,Murughan,0.0,2026-08-19,2026
TAX-623-9162,T-551/7C,3391.6,Murughan,1635.34,2026-04-24,2026
TAX-623-6589,T-926/3A,2600.99,Marimutthu,2790.26,2026-06-23,2026
TAX-623-5217,RS/462/1,17566.85,Vadivellu,27934.81,2025-12-27,2026
TAX-623-5201,SF/117/8C,26086.21,Kalaivaani,0.0,2026-07-13,2026
TAX-623-4101,T-884/3,10260.2,Kumaar,3000.03,2026-09-07,2026
TAX-623-3021,,18743.75,Marimutthu,46989.69,2026-05-11,2026
TAX-623-9079,SF/223/8A,11992.55,Raaman,4791.53,2026-09-12,2026
TAX-623-4841,SF/51/3,4295.72,Ramaswamy,762.4,2026-02-25,2026
TAX-623-5741,SF/112/7,12148.48,Balasubramaniam,4836.65,2026-06-17,2026
TAX-623-1753,SF/787/5,30511.76,Subramanee,187142.8,2025-11-02,2026
TAX-623-7068,T-881/5,5712.95,Dhinesh,2125.75,2026-01-16,2026
TAX-623-7500,SF/496/5A,29653.16,Pathmaa,95121.56,2026-01-18,2026
TAX-623-5311,SF/2/2,1637.43,Kannen,661.23,2025-12-17,2026
TAX-623-9607,RS/574/4,12726.75,Thankaraj,66809.41,2025-11-18,2026
TAX-623-3293,SF/703/6,9742.31,Subramanee,4575.61,2025-11-28,2026
TAX-623-9078,SF/494/3C,7545.38,Gopee,0.0,2026-08-25,2026
TAX-623-9326,,9254.01,Shiva,0.0,2025-09-03,2026
TAX-623-1056,T-548/3B,1375.15,Jayaram,5138.27,2026-05-30,2026
TAX-623-7766,,7572.81,Baala,2096.84,2025-10-29,2026
TAX-623-5281,RS/927/9,7989.59,Parvati,3255.05,2026-08-03,2026
TAX-623-2351,T-693/3,27931.56,Raajaa,97477.89,2025-09-20,2026
TAX-623-5155,SF/342/8,5685.4,Sarasvati,28224.95,2026-09-09,2026
TAX-623-3086,SF/198/5,5077.65,Anbalagan,40468.28,2026-08-17,2026
TAX-623-4699,T-527/2,4554.11,Paandi,25194.23,2026-06-03,2026
TAX-623-8070,T-52/2A,17312.59,Tamizhelvan,7713.1,2026-04-01,2026
TAX-623-5319,RS/838/4C,9775.89,Marimutthu,4025.95,2026-09-02,2026
TAX-623-3456,RS/238/4,5645.35,Tamizhelvan,2227.7,2026-03-17,2026
TAX-623-5351,RS/500/1,13440.41,Gopee,0.0,2026-01-22,2026
TAX-623-3048,SF/416/2,7962.84,Balasubramaniam,3966.56,2026-03-05,2026
TAX-623-5636,SF/998/8A,19963.0,Palani,3849.29,2026-06-07,2026
TAX-623-8341,T-242/3C,2909.15,Tamizhelvan,3447.48,2026-02-10,2026
TAX-623-9828,SF/613/2C,9516.29,Jayalaxmi,64836.06,2026-02-19,2026
TAX-623-1582,T-925/1D,5117.41,Manee,757.92,2025-12-18,2026
TAX-623-9960,RS/584/5A,1929.68,Aroon,783.43,2026-06-11,2026
TAX-623-5455,RS/64/6B,5185.16,Chinnaswamy,0.0,2025-08-22,2026
TAX-623-1635,,2721.01,Rajeswary,164.39,2026-05-23,2026
TAX-623-3692,SF/138/1,2043.06,Dhinesh,0.0,2026-05-22,2026
TAX-623-4688,,5691.77,Kannen,0.0,2026-02-01,2026
TAX-623-1019,T-511/4C,9543.88,Venkata,2815.49,2026-09-06,2026
TAX-623-9689,SF/595/8C,7087.89,Tamizhelvan,1396.1,2026-03-28,2026
TAX-623-1713,,1924.33,Surase,291.18,2026-08-08,2026
TAX-623-9735,RS/588/6A,3137.82,Raaman,1334.49,2026-09-12,2026
TAX-623-1801,T-267/1C,4997.37,Balasubramaniam,905.7,2026-08-27,2026
TAX-623-1402,RS/282/5,8260.74,Ramaswamy,963.97,2026-05-24,2026
TAX-623-6237,T-883/1,2891.32,Sanmugam,0.0,2026-03-07,2026
TAX-623-1700,SF/592/6,4792.51,Thankaraj,346.89,2026-05-13,2026
TAX-623-3250,T-240/7C,1818.84,Maheash,820.16,2025-12-06,2026
TAX-623-4323,,1397.01,Manimagalai,98.21,2025-10-20,2026
TAX-623-6405,T-768/4C,7740.95,Surase,3808.18,2025-10-27,2026
TAX-623-7030,T-107/8,11655.9,Baala,5153.55,2025-10-31,2026
TAX-623-4503,SF/974/2C,4406.98,Jayalaxmi,1752.52,2025-12-20,2026
TAX-623-1020,SF/713/3,7745.73,Kalairasan,1747.95,2026-01-31,2026
TAX-623-3524,RS/264/3D,5541.52,Periyaswamy,1539.71,2025-08-31,2026
TAX-623-3563,SF/504/4B,1855.38,Vasanta,845.42,2025-12-24,2026
TAX-623-5009,T-266/2,5114.72,Ramaswamy,1671.21,2025-08-27,2026
TAX-623-7587,SF/681/7,12990.22,Raajaa,5875.53,2025-10-20,2026
TAX-623-2011,T-800/2B,2462.79,Karuppaswamy,283.26,2026-06-16,2026
TAX-623-6570,T-93/6B,14874.4,Sita,73177.64,2026-07-19,2026
TAX-623-4690,,567.16,Aroon,0.0,2026-01-04,2026
TAX-623-3372,T-245/8A,7372.42,Murughan,0.0,2026-06-16,2026
TAX-623-9403,SF/348/1,5016.09,Marimutthu,292.13,2026-03-16,2026
TAX-623-1019,SF/948/2,3305.77,Muthukumaar,457.39,2026-03-05,2026
TAX-623-1464,T-66/2,4161.48,Palani,1670.28,2026-03-21,2026
TAX-623-7634,SF/783/1B,606.39,Velusamy,239.64,2026-03-07,2026
TAX-623-4771,T-628/7D,3184.51,Sanmugam,338.76,2026-04-20,2026
TAX-623-9771,RS/711/8C,5930.55,Kalairasan,2906.26,2026-02-11,2026
TAX-623-2230,T-185/8B,9445.36,Venkata,3825.91,2026-03-11,2026
TAX-623-7901,,2219.91,Sumati,17178.03,2026-09-01,2026
TAX-623-6628,RS/181/3C,1827.31,Surase,617.08,2026-03-01,2026
TAX-623-5536,RS/45/2C,2440.07,Ramaswamy,352.02,2026-09-01,2026
TAX-623-2956,,7130.39,Vellu,2691.35,2025-10-29,2026
TAX-623-9044,SF/483/8,4356.48,Chelvam,696.87,2025-09-05,2026
TAX-623-4259,T-368/5,2623.86,Kannen,0.0,2026-05-06,2026
TAX-623-2881,RS/226/5B,6097.56,Ponnamaal,1566.7,2026-03-10,2026
TAX-623-3764,RS/15/7C,3303.9,Subramanee,0.0,2026-03-28,2026
TAX-623-3611,RS/46/1A,8781.73,Raajaa,3579.79,2026-06-28,2026
TAX-623-6463,,2299.38,Chelvam,931.21,2026-06-10,2026
TAX-623-8718,RS/166/8D,9020.15,Manee,2587.87,2025-12-08,2026
TAX-623-2197,RS/642/8C,4219.11,Kamalaa,0.0,2025-09-12,2026
TAX-623-7061,SF/807/2B,1111.15,Murughan,273.8,2025-11-28,2026
TAX-623-4115,T-727/4,3971.89,Shiva,1134.38,2026-08-23,2026
TAX-623-7996,,3217.53,Elangovan,297.11,2026-06-06,2026
TAX-623-8671,T-850/2A,2469.52,Mahalaxmi,4959.47,2025-08-27,2026
TAX-623-5557,SF/83/7,7540.5,Vellu,3692.67,2026-08-15,2026
TAX-623-5828,T-975/1,11064.24,Karuppaswamy,3479.51,2025-12-29,2026
TAX-623-1690,SF/23/4D,7575.46,Kalairasan,0.0,2026-01-23,2026
TAX-623-5364,T-543/9A,2248.95,Baala,887.91,2025-08-28,2026
TAX-623-9866,SF/152/6,2721.91,Saravannan,0.0,2026-05-07,2026
TAX-623-3140,,4603.56,Venkata,0.0,2025-12-05,2026
TAX-623-5083,T-999/3B,9145.22,Jayaram,608.18,2025-11-07,2026
TAX-623-4274,SF/994/9B,2724.81,Muthukumaar,884.67,2026-07-10,2026
TAX-623-4604,T-747/8,3317.4,Tamizhelvan,287.22,2026-04-30,2026
TAX-623-6027,SF/457/6,1658.5,Maheash,0.0,2025-12-30,2026
TAX-623-2338,T-870/8C,1440.08,Surase,461.45,2026-08-10,2026
TAX-623-7815,T-370/7,6694.08,Balasubramaniam,3206.29,2025-12-10,2026
TAX-623-1967,T-90/4C,12432.27,Maheash,5985.3,2026-02-01,2026
TAX-623-1474,SF/856/2,4384.87,Periyaswamy,1803.36,2026-05-20,2026
TAX-623-3724,T-774/3,7925.99,Annamaa,0.0,2026-07-04,2026
TAX-623-5091,T-475/4,5354.92,Elangovan,2550.96,2025-11-22,2026
TAX-623-1409,RS/184/8C,2189.78,Paandi,365.6,2026-04-30,2026
TAX-623-3360,RS/580/7D,4393.65,Balasubramaniam,32644.47,2026-07-18,2026
TAX-623-8479,,15879.13,Tamizhelvan,0.0,2026-06-17,2026
TAX-623-1970,SF/557/6D,4073.51,Dhinesh,284.33,2025-12-31,2026
TAX-623-8156,RS/844/3,12356.0,Sanmugam,78652.06,2025-10-29,2026
TAX-623-4099,T-227/4D,759.64,Kumaar,3025.96,2025-09-04,2026
TAX-623-5768,SF/428/8,7343.42,Subramanee,0.0,2026-08-01,2026
TAX-623-1326,T-782/6,3748.29,Kannen,297.47,2026-06-30,2026
TAX-623-1011,SF/215/3,3112.15,Raajaa,29348.29,2026-06-15,2026
TAX-623-5157,SF/813/9B,4106.93,Periyaswamy,1688.37,2026-04-22,2026
TAX-623-9609,SF/602/4,554.47,Chelvam,199.7,2026-05-19,2026
TAX-623-8022,SF/518/2,3429.39,Elangovan,203.69,2025-09-15,2026
TAX-623-8090,T-487/6C,5367.34,Kumaar,523.15,2025-10-07,2026
TAX-623-2282,SF/418/2D,13173.6,Nagrajan,0.0,2025-08-19,2026
TAX-623-6097,SF/336/8,2391.46,Dhinesh,287.42,2026-05-02,2026
TAX-623-4267,RS/962/6,1271.39,Saravannan,2581.76,2025-12-03,2026
TAX-623-1058,RS/712/2C,2789.14,Manee,16300.15,2026-03-08,2026
TAX-623-3566,T-608/5D,7400.16,Balasubramaniam,1683.29,2025-11-10,2026
TAX-623-6261,RS/151/8,3693.04,Velusamy,1093.17,2025-12-25,2026
TAX-623-6912,,1935.2,Pathmaa,186.81,2026-03-04,2026
TAX-623-3795,T-19/1A,5762.27,Karuppaswamy,15987.4,2026-01-25,2026
TAX-623-9471,,3614.25,Murughan,306.22,2026-09-05,2026
TAX-623-3034,RS/507/7B,9091.78,Vadivellu,2473.86,2025-10-21,2026
TAX-623-4484,T-598/1D,3392.07,Kannen,971.8,2025-10-30,2026
TAX-623-2620,SF/241/5B,16546.28,Jayaram,2305.82,2025-12-13,2026
TAX-623-6590,T-885/7B,9124.6,Vadivellu,0.0,2026-03-25,2026
TAX-623-1667,RS/587/2D,1913.33,Kalaivaani,608.5,2026-06-17,2026
TAX-623-4061,RS/993/7,9032.49,Gopee,1044.77,2026-01-08,2026
TAX-623-7682,T-761/2C,4917.29,Dhinesh,9205.6,2025-09-08,2026
TAX-623-4973,SF/668/5B,4049.83,Aiyanar,906.0,2026-05-15,2026
TAX-623-9566,T-185/1C,9407.4,Ramaswamy,2110.94,2025-09-18,2026
TAX-623-2518,T-829/7B,16150.18,Muthukumaar,7923.96,2026-03-08,2026
TAX-623-6140,RS/881/2C,14544.7,Maheash,749.67,2026-07-29,2026
TAX-623-4970,,3421.65,Balasubramaniam,23992.0,2025-11-30,2026
TAX-623-7618,SF/280/3,5758.9,Kalairasan,1557.11,2025-08-22,2026
TAX-623-4542,SF/322/5D,8284.77,Karuppaswamy,12382.75,2025-10-19,2026
TAX-623-7793,T-513/2B,14123.47,Velusamy,0.0,2026-02-13,2026
TAX-623-2944,RS/338/7D,4559.67,Manee,5428.78,2025-12-15,2026
TAX-623-4797,T-58/8B,5596.92,Surase,1867.7,2026-05-17,2026
TAX-623-5716,RS/487/6D,2648.11,Surase,798.04,2025-09-06,2026
TAX-623-8660,T-246/5B,2987.14,Shiva,0.0,2026-07-31,2026
TAX-623-1948,SF/305/4D,9345.33,Vadivellu,44335.47,2026-02-13,2026
TAX-623-5006,RS/755/7D,18690.51,Thankaraj,5080.55,2025-08-18,2026
TAX-623-4835,RS/617/9C,6928.9,Tamizhelvi,0.0,2025-08-24,2026
TAX-623-9570,,14130.38,Marimutthu,17699.81,2025-11-30,2026
TAX-623-3428,T-703/7D,8468.35,Kalairasan,3282.09,2026-07-16,2026
TAX-623-4109,RS/204/2A,3813.23,Annamaa,0.0,2026-07-04,2026
TAX-623-6927,SF/998/8,8171.76,Sundhar,3242.19,2026-07-29,2026
TAX-623-6041,SF/970/2,22238.4,Raajaa,2295.01,2025-10-23,2026
TAX-623-8992,SF/969/5,6289.73,Paandi,0.0,2026-06-13,2026
TAX-623-3938,RS/185/7D,24941.37,Dhinesh,11875.75,2026-04-16,2026
TAX-623-1502,,807.0,Sanmugam,72.05,2026-07-17,2026
TAX-623-1817,RS/954/4A,12937.35,Periyaswamy,20844.36,2026-01-11,2026
TAX-623-6478,,7905.65,Murughan,0.0,2026-05-18,2026
TAX-623-6943,RS/120/6,4522.81,Kamalaa,1787.08,2025-10-19,2026
TAX-623-8284,RS/628/5B,7102.65,Periyaswamy,0.0,2026-06-16,2026
TAX-623-3324,,948.01,Raajaa,295.52,2026-03-17,2026
TAX-623-5787,SF/890/5,5412.59,Mahalaxmi,0.0,2025-09-03,2026
TAX-623-7211,T-786/3A,8877.96,Karthick,140768.97,2026-08-04,2026
TAX-623-3542,SF/404/6B,20399.93,Dhinesh,9298.44,2026-01-07,2026
TAX-623-1860,T-674/1,4567.38,Aiyanar,951.62,2026-09-05,2026
TAX-623-9763,SF/821/5,3580.58,Tamizhelvan,0.0,2026-01-29,2026
TAX-623-5054,RS/92/1D,4723.03,Tamizhelvi,304.65,2025-10-29,2026
TAX-623-6663,RS/754/5C,14760.67,Raajaa,6869.81,2026-06-12,2026
TAX-623-1425,RS/577/7,8853.63,Marimutthu,2045.22,2026-07-31,2026
TAX-623-2946,T-230/3A,5227.59,Murughan,1098.46,2026-03-19,2026
TAX-623-1287,SF/701/5D,9922.07,Manimagalai,2690.47,2026-03-11,2026
TAX-623-8221,RS/97/8C,5349.43,Chinnaswamy,607.41,2026-02-14,2026
TAX-623-5161,RS/184/3D,15220.56,Sundhar,7530.24,2026-06-16,2026
TAX-623-4302,T-828/5,571.07,Muthukumaar,0.0,2026-09-17,2026
TAX-623-9400,SF/445/9,3088.87,Balasubramaniam,958.07,2025-08-31,2026
TAX-623-9282,T-833/6C,1716.61,Balasubramaniam,840.0,2026-02-22,2026
TAX-623-6170,SF/713/4D,215.12,Laxmi,71.09,2025-12-20,2026
TAX-623-4255,RS/152/8A,1655.34,Vadivellu,652.09,2026-09-20,2026
TAX-623-9446,RS/53/6,612.6,Aiyanar,164.65,2026-04-14,2026
TAX-623-1161,,687.59,Elangovan,192.1,2026-08-07,2026
TAX-623-6544,T-66/5C,1872.41,Karuppaswamy,719.75,2026-01-11,2026
TAX-623-2171,RS/944/8,3046.98,Periyaswamy,680.38,2026-08-21,2026
TAX-623-2187,RS/819/3B,2486.37,Kalairasan,174.23,2026-04-24,2026
TAX-623-1622,RS/966/8,533.26,Kumaar,64.94,2026-02-19,2026
TAX-623-5936,T-33/2,964.82,Kumaar,0.0,2026-04-04,2026
TAX-623-2012,SF/789/9,1539.68,Gopee,741.95,2026-04-28,2026
TAX-623-9702,RS/986/2,2582.86,Sarasvati,0.0,2025-10-09,2026
TAX-623-6626,SF/892/4,698.01,Chinnaswamy,0.0,2025-08-29,2026
TAX-623-7100,RS/839/3,882.88,Chelvam,101.62,2025-09-18,2026
TAX-623-1463,RS/370/4,491.91,Aiyanar,54.72,2026-01-06,2026
TAX-623-9500,T-814/6,475.08,Thankaraj,1012.27,2026-03-05,2026
TAX-623-8640,SF/445/1A,2383.1,Kalaivaani,8193.11,2026-02-25,2026
TAX-623-4503,T-322/6,3061.06,Chandraa,271.1,2026-04-11,2026
TAX-623-3310,T-808/8C,1454.29,Kalairasan,711.9,2026-01-07,2026
TAX-623-6702,RS/219/2B,2439.42,Manee,972.68,2026-07-31,2026
TAX-623-8523,SF/853/5C,1439.95,Manimagalai,7229.34,2026-03-19,2026
TAX-623-8411,RS/587/1A,686.04,Chinnaswamy,3951.12,2025-11-29,2026
TAX-623-1762,T-240/6,1375.73,Anbalagan,2558.53,2026-04-12,2026
TAX-623-7406,RS/466/2,3608.83,Aarumugam,24585.43,2025-08-27,2026
TAX-623-9422,RS/694/9A,1134.59,Aiyanar,94.0,2026-09-08,2026
TAX-623-1221,RS/750/7D,4626.27,Periyaswamy,1592.24,2025-11-08,2026
TAX-623-1131,T-218/8A,117.67,Chinnaswamy,25.6,2025-09-29,2026
TAX-623-7612,RS/302/8,2560.8,Naagammal,874.21,2026-01-31,2026
TAX-623-2298,T-501/1,1597.29,Dhinesh,93.53,2026-01-06,2026
TAX-623-4001,RS/487/3D,1004.46,Marimutthu,346.72,2026-06-26,2026
TAX-623-1851,RS/348/9,1341.63,Baala,5498.43,2026-06-03,2026
TAX-623-3776,T-317/9C,259.38,Sundhar,1378.08,2025-10-23,2026
TAX-623-8918,SF/769/8B,1020.49,Shiva,259.55,2026-07-15,2026
TAX-623-2028,T-860/8,1646.25,Manimagalai,0.0,2025-11-07,2026
TAX-623-2237,RS/25/9,3908.35,Sundhar,673.71,2025-12-30,2026
TAX-623-9802,SF/315/7C,782.68,Venkata,0.0,2026-03-31,2026
TAX-623-1954,RS/915/6,807.29,Vaalli,325.15,2026-08-31,2026
TAX-623-7321,T-395/2,692.54,Elangovan,333.03,2026-03-07,2026
TAX-623-6160,RS/568/2,2666.82,Saravannan,1020.89,2025-11-19,2026
TAX-623-1971,SF/383/9,1658.04,Anbalagan,179.66,2026-05-25,2026
TAX-623-1862,RS/613/5D,924.25,Raaman,299.97,2026-06-26,2026
TAX-623-3740,T-577/2,1759.14,Dhinesh,0.0,2025-08-28,2026
TAX-623-8637,T-268/8,1309.97,Periyaswamy,0.0,2026-03-31,2026
TAX-623-5892,T-945/1B,2760.36,Sundhar,374.27,2026-04-24,2026
TAX-623-3016,SF/807/2B,756.85,Karuppaswamy,3307.47,2025-12-24,2026
TAX-623-9131,,2567.92,Nagrajan,13852.73,2026-06-10,2026
TAX-623-3869,SF/240/8,2046.88,Jayaram,817.01,2025-10-12,2026
TAX-623-8336,RS/583/9A,242.97,Vasanta,1505.1,2025-10-14,2026
TAX-623-8919,SF/903/9C,2370.73,Venkata,6409.23,2026-06-25,2026
TAX-623-8576,,1359.35,Vadivellu,9664.03,2026-09-09,2026
TAX-623-3515,RS/546/8,774.36,Pathmaa,57.21,2025-08-23,2026
TAX-623-5442,,2233.17,Pathmaa,280.02,2026-07-28,2026
TAX-623-3982,T-958/6D,2675.69,Naagammal,1330.31,2026-03-07,2026
TAX-623-5143,SF/795/8D,2980.13,Kalaivaani,614.6,2025-08-30,2026
TAX-623-5664,T-642/7,671.98,Nagrajan,112.58,2026-04-29,2026
TAX-623-4206,SF/465/7A,988.81,Ramaswamy,300.78,2026-09-13,2026
TAX-623-8128,T-198/2,1628.93,Sundhar,104.21,2026-07-19,2026
TAX-623-7502,RS/191/4,3459.32,Kannen,1492.88,2026-01-18,2026
TAX-623-9479,SF/151/8,1033.64,Jayaram,68.11,2026-04-17,2026
TAX-623-7993,T-880/1A,1192.16,Raajaa,0.0,2026-03-05,2026
TAX-623-2641,T-479/6D,495.5,Malati,163.88,2026-04-08,2026
TAX-623-9973,RS/225/1C,547.93,Muthukumaar,134.82,2025-09-18,2026
TAX-623-6056,,2217.75,Gopee,459.96,2026-08-17,2026
TAX-623-8307,T-935/6,3774.68,Rajeswary,1538.07,2026-02-23,2026
TAX-623-8423,SF/183/4,1222.43,Venkata,227.76,2026-05-23,2026
TAX-623-2591,RS/829/6C,2611.23,Chandraa,366.63,2026-01-27,2026
TAX-623-7795,SF/197/9A,1902.16,Vellu,14754.75,2025-09-25,2026
TAX-623-5693,T-302/3,905.75,Ramaswamy,77.12,2026-09-08,2026
TAX-623-9350,T-84/8D,1598.92,Elangovan,251.61,2025-11-24,2026
TAX-623-9621,T-712/8C,5264.62,Chinnaswamy,544.09,2025-11-24,2026
TAX-623-6185,,1509.23,Kalairasan,676.96,2026-05-03,2026
TAX-623-6971,SF/303/8B,3942.7,Rajendiran,1404.05,2026-08-25,2026
TAX-623-3445,RS/325/5A,170.91,Muthukumaar,46.4,2026-03-29,2026
TAX-623-8418,,2205.89,Dhinesh,266.47,2025-12-27,2026
TAX-623-1913,RS/310/5,1430.65,Gopee,683.41,2026-06-14,2026
TAX-623-4349,,1300.51,Rajendiran,0.0,2026-05-29,2026
TAX-623-7128,RS/349/2,1692.72,Karthick,0.0,2026-05-07,2026
TAX-623-2886,T-895/3,345.62,Subramanee,0.0,2025-10-22,2026
TAX-623-1581,SF/582/1,1360.85,Thankaraj,22751.72,2026-02-21,2026
TAX-623-8868,RS/210/7,2375.39,Balasubramaniam,256.18,2026-08-13,2026
TAX-623-3446,T-567/3,4813.48,Maheash,1644.67,2025-12-19,2026
TAX-623-5893,RS/676/9,861.86,Nagrajan,361.96,2025-08-22,2026
TAX-623-4534,SF/550/7A,683.55,Velusamy,150.35,2026-04-21,2026
TAX-623-1958,T-487/3B,854.23,Maheash,0.0,2026-04-20,2026
TAX-623-9587,SF/539/6B,2542.04,Aroon,1227.08,2025-12-31,2026
TAX-623-2247,SF/426/4,1477.12,Muthukumaar,206.56,2025-11-27,2026
TAX-623-8330,RS/683/2C,922.41,Tamizhelvan,83.99,2026-03-07,2026
TAX-623-3302,SF/517/6A,2695.62,Paandi,0.0,2026-05-06,2026
TAX-623-9475,RS/352/7D,2015.69,Kamalaa,948.99,2026-03-23,2026
TAX-623-7972,SF/731/8,3230.67,Susila,1205.4,2025-08-22,2026
TAX-623-2959,SF/694/5,2656.54,Venkata,781.77,2026-04-20,2026
TAX-623-6243,T-919/2A,8071.93,Marimutthu,61627.61,2026-06-07,2026
TAX-623-4424,SF/205/2,4581.79,Aroon,507.81,2025-12-18,2026
TAX-623-2175,T-172/3,772.1,Saravannan,360.8,2026-03-14,2026
TAX-623-5296,RS/124/4,5180.44,Karthick,2094.46,2026-01-25,2026
TAX-623-6578,RS/45/2,2514.47,Malati,1240.17,2026-04-24,2026
TAX-623-8522,T-137/6,2105.52,Tamizhelvan,663.45,2025-09-11,2026
TAX-623-3118,T-239/9B,6443.73,Gopee,1163.65,2025-10-08,2026
TAX-623-8060,RS/511/5,7890.94,Sumati,2648.97,2026-08-20,2026
TAX-623-9280,T-833/5D,7357.55,Marimutthu,3253.32,2026-02-02,2026
TAX-623-6326,T-228/7B,1643.74,Palani,590.91,2026-01-28,2026
TAX-623-9678,,2912.56,Malati,1328.04,2026-04-10,2026
TAX-623-9053,RS/293/8C,4903.76,Periyaswamy,436.72,2026-05-24,2026
TAX-623-9953,RS/21/7A,7393.43,Nagrajan,2714.99,2026-02-16,2026
TAX-623-9757,RS/465/5A,2452.0,Venkata,0.0,2026-01-05,2026
TAX-623-3616,RS/994/6A,2802.52,Aroon,436.73,2025-11-19,2026
TAX-623-8079,SF/199/7,1468.24,Meenachi,333.16,2025-12-16,2026
TAX-623-6742,RS/36/6C,1646.16,Sanmugam,480.26,2026-03-11,2026
TAX-623-6556,T-975/3,6431.23,Raajaa,18912.79,2025-12-10,2026
TAX-623-1286,RS/170/7,11738.74,Manee,55687.2,2026-06-13,2026
TAX-623-5017,RS/834/3,3451.91,Thankaraj,1188.46,2025-09-24,2026
TAX-623-1504,T-428/9A,8177.45,Karuppaswamy,1651.77,2026-07-21,2026
TAX-623-3049,SF/462/4,5156.03,Aroon,1543.83,2025-09-06,2026
TAX-623-2238,SF/890/3,2474.71,Thankaraj,31545.35,2025-11-28,2026
TAX-623-1115,SF/10/1,5423.71,Aiyanar,785.76,2025-11-24,2026
TAX-623-1080,T-440/6,10638.04,Mutthammal,5163.45,2026-02-19,2026
TAX-623-9741,RS/895/6D,2899.65,Velusamy,1342.96,2026-07-20,2026
TAX-623-4070,SF/378/8B,12915.21,Kannen,101883.13,2025-12-25,2026
TAX-623-9100,SF/993/6C,492.92,Chandraa,157.25,2026-08-22,2026
TAX-623-2609,T-878/2C,7279.07,Naagammal,2046.53,2025-12-29,2026
TAX-623-6272,T-896/8,3587.57,Chinnaswamy,23453.09,2026-06-02,2026
TAX-623-1958,T-92/2A,2584.03,Kumaar,995.68,2026-01-01,2026
TAX-623-7408,T-488/2C,3685.42,Surase,0.0,2025-10-24,2026
TAX-623-4195,T-67/6A,845.07,Saravannan,2417.63,2026-05-15,2026
TAX-623-9662,,2596.12,Periyaswamy,12504.07,2025-12-05,2026
TAX-623-8993,T-195/7A,4058.56,Raaman,2005.01,2025-10-25,2026
TAX-623-5643,RS/149/5D,11614.32,Balasubramaniam,78664.97,2026-06-15,2026
TAX-623-8144,T-706/2,2557.34,Murughan,1018.48,2026-08-06,2026
TAX-623-8817,T-957/4C,1982.52,Nagrajan,888.85,2026-09-05,2026
TAX-623-3634,RS/346/7C,2518.31,Maheash,18644.3,2025-12-31,2026
TAX-623-8975,,7533.47,Dhinesh,3167.66,2026-01-24,2026
TAX-623-9139,RS/299/3,5083.41,Kamalaa,37782.69,2026-04-04,2026
TAX-623-6772,SF/386/7C,1773.25,Tamizhelvan,9888.89,2026-08-21,2026
TAX-623-2985,SF/122/4A,5033.69,Shiva,1931.4,2025-12-15,2026
TAX-623-4236,T-456/6,4175.12,Manee,0.0,2025-12-08,2026
TAX-623-3134,SF/814/3A,7054.45,Sundhar,3463.23,2026-06-27,2026
TAX-623-3344,T-190/7D,1596.93,Parvati,357.8,2025-09-23,2026
TAX-623-7634,,5667.63,Vellu,103287.84,2025-12-03,2026
TAX-623-9153,T-166/2B,3866.16,Murughan,1305.58,2025-11-12,2026
TAX-623-8590,SF/255/5,449.73,Vadivellu,57.63,2026-03-29,2026
TAX-623-3249,,3291.3,Tamizhelvan,21728.39,2026-04-24,2026
TAX-623-9717,T-368/5,1727.72,Kannen,435.08,2025-11-24,2026
TAX-623-9653,RS/693/7C,1562.03,Kumaar,695.37,2026-03-21,2026
TAX-623-5238,T-674/9B,3801.4,Kalairasan,1677.74,2026-05-07,2026
TAX-623-6788,RS/68/6C,4920.47,Balasubramaniam,1162.91,2026-01-16,2026
TAX-623-6621,SF/388/2D,4589.33,Surase,35678.37,2025-10-30,2026
TAX-623-6185,T-586/5B,1205.03,Karuppaswamy,1418.31,2025-12-15,2026
TAX-623-4160,,2361.89,Venkata,738.8,2025-10-28,2026
TAX-623-9020,,3868.17,Mutthammal,975.03,2026-01-18,2026
TAX-623-6592,RS/534/4,6391.47,Palani,36864.68,2026-08-14,2026
TAX-623-1490,,1885.87,Anbalagan,172.03,2025-11-24,2026
TAX-623-1943,T-8/7C,2138.38,Kannen,382.78,2025-12-25,2026
TAX-623-3131,T-926/4,916.98,Aarumugam,0.0,2025-08-17,2026
TAX-623-1393,SF/298/5A,991.63,Nagrajan,287.71,2026-05-10,2026
TAX-623-5460,T-846/1A,4436.63,Maheash,6840.15,2025-12-01,2026
TAX-623-9615,RS/912/3A,7180.27,Maheash,1182.53,2026-02-13,2026
TAX-623-8528,SF/160/5,1653.95,Raajaa,546.4,2026-03-10,2026
TAX-623-2063,T-445/1,3981.31,Surase,1839.7,2026-03-05,2026
TAX-623-1282,SF/683/4A,2700.24,Naagammal,628.97,2026-05-28,2026
TAX-623-5424,RS/514/7,1354.07,Kannen,541.34,2026-06-27,2026
TAX-623-8437,RS/440/1A,3406.27,Palani,598.28,2025-09-05,2026
TAX-623-2646,SF/885/5C,7687.02,Chinnaswamy,2726.28,2025-08-26,2026
TAX-623-2816,SF/124/3A,2081.73,Chinnaswamy,987.45,2025-10-07,2026
TAX-623-6050,RS/538/5C,8910.59,Manee,0.0,2025-12-04,2026
TAX-623-5223,RS/373/5,293.69,Kalairasan,55.03,2025-11-29,2026
TAX-623-9402,RS/484/5B,5587.17,Susila,0.0,2026-04-16,2026
TAX-623-1253,T-789/3,2489.97,Chelvam,0.0,2025-12-21,2026
TAX-623-3987,,2070.15,Palani,7490.53,2026-02-27,2026
TAX-623-5024,T-457/2,2381.49,Kalairasan,953.09,2025-10-16,2026
TAX-623-2955,SF/197/7B,478.82,Vadivellu,103.01,2026-04-13,2026
TAX-623-7338,RS/430/9B,1731.58,Jayaram,9466.31,2025-12-24,2026
TAX-623-6805,SF/449/9A,2716.92,Tamizhelvan,198.92,2026-07-28,2026
TAX-623-6140,,9293.1,Annamaa,4413.6,2026-09-17,2026
TAX-623-7309,SF/655/3,1763.29,Surase,379.54,2025-12-19,2026
TAX-623-1385,T-356/6,1283.55,Karthick,6377.61,2025-10-07,2026
TAX-623-9080,RS/225/5,2231.93,Ramaswamy,1076.69,2026-02-10,2026
TAX-623-5752,T-650/9,5757.68,Elangovan,24517.35,2026-07-12,2026
TAX-623-3140,T-744/7,2958.31,Velusamy,327.43,2026-07-27,2026
TAX-623-3834,T-185/5,1369.62,Venkata,556.02,2025-11-29,2026
TAX-623-1790,T-540/3C,2977.35,Raajaa,45836.63,2025-10-27,2026
TAX-623-9727,SF/136/4D,2715.14,Laxmi,472.33,2025-10-12,2026
TAX-623-9468,RS/874/2,5248.76,Chelvam,2607.19,2026-02-27,2026
TAX-623-5485,SF/22/1,4156.07,Aiyanar,0.0,2026-06-02,2026
TAX-623-4360,RS/151/6C,16328.83,Sumati,0.0,2025-10-17,2026
TAX-623-4751,RS/79/6,8953.31,Paandi,37515.96,2025-09-09,2026
TAX-623-4102,,1051.95,Periyaswamy,106.22,2026-01-17,2026
TAX-623-2075,RS/956/5D,9431.74,Surase,2688.42,2026-01-05,2026
TAX-623-9736,RS/835/2,4210.95,Kalairasan,15661.13,2026-07-16,2026
TAX-623-9432,,4641.25,Venkata,448.55,2025-12-31,2026
TAX-623-3668,RS/563/8B,11587.75,Kalairasan,54296.57,2026-02-02,2026
TAX-623-6242,T-831/4C,18712.81,Thankaraj,192703.3,2026-02-20,2026
TAX-623-6531,SF/302/8,14413.61,Aiyanar,3615.72,2026-03-24,2026
TAX-623-9429,SF/986/3A,3656.8,Saravannan,0.0,2026-01-05,2026
TAX-623-8249,T-892/3,5815.17,Annamaa,2544.51,2025-10-28,2026
TAX-623-7833,RS/762/3C,7842.42,Thankaraj,2131.95,2025-10-20,2026
TAX-623-6354,SF/619/3B,12045.46,Kalairasan,5901.35,2026-01-13,2026
TAX-623-5566,T-217/7B,5901.13,Rajendiran,852.3,2026-05-08,2026
TAX-623-8273,RS/663/7,5985.5,Vellu,69411.67,2026-07-01,2026
TAX-623-6036,RS/193/9,2689.92,Palani,970.15,2026-06-04,2026
TAX-623-9267,,3353.88,Tamizhelvan,1567.38,2026-05-26,2026
TAX-623-6631,RS/489/1,12176.13,Chelvam,65769.7,2026-03-23,2026
TAX-623-4471,,24343.7,Saravannan,5744.73,2025-12-02,2026
TAX-623-5788,T-397/4,6389.94,Aarumugam,335.84,2025-12-09,2026
TAX-623-6537,RS/561/2A,16359.95,Chelvam,0.0,2026-05-30,2026
TAX-623-4926,SF/728/8,10409.53,Sanmugam,0.0,2026-07-08,2026
TAX-623-7090,SF/373/5A,4631.91,Paandi,12550.07,2026-07-14,2026
TAX-623-8464,,10502.27,Ramaswamy,70163.99,2026-01-06,2026
TAX-623-8833,T-841/9,24798.44,Shiva,0.0,2025-10-29,2026
TAX-623-9275,T-96/6A,6261.0,Saravannan,1514.58,2025-09-28,2026
TAX-623-9350,RS/205/7,25415.76,Chelvam,215733.49,2026-09-13,2026
TAX-623-4512,T-160/8,754.94,Paandi,363.39,2026-08-27,2026
TAX-623-6650,SF/56/4D,13531.4,Sanmugam,839.98,2025-10-22,2026
TAX-623-5348,SF/306/8D,6777.04,Raajaa,1937.93,2025-12-26,2026
TAX-623-8442,RS/169/4,6399.09,Naagammal,0.0,2025-08-28,2026
TAX-623-9232,T-204/2C,7573.16,Periyaswamy,3700.98,2025-10-08,2026
TAX-623-5911,,1534.03,Baala,85.46,2026-08-12,2026
TAX-623-8772,SF/616/7,5943.43,Thankaraj,1380.85,2025-10-08,2026
TAX-623-4129,RS/515/2C,8729.91,Vasanta,0.0,2025-10-26,2026
TAX-623-3398,,22879.85,Periyaswamy,6106.26,2026-07-17,2026
TAX-623-2623,T-961/2,4241.12,Periyaswamy,1740.42,2026-07-16,2026
TAX-623-6479,T-103/8B,3982.19,Karuppaswamy,781.49,2025-12-19,2026
TAX-623-3196,SF/877/8,5355.85,Muthukumaar,1804.61,2026-08-28,2026
TAX-623-6550,RS/690/4,13697.25,Velusamy,1268.18,2025-09-19,2026
TAX-623-4078,RS/344/3B,8749.71,Aarumugam,3603.71,2025-11-15,2026
TAX-623-2861,RS/132/7C,5470.62,Shiva,0.0,2026-02-17,2026
TAX-623-4781,T-591/7D,10701.32,Manimagalai,4189.69,2026-06-15,2026
TAX-623-8745,SF/644/3,7948.08,Manee,0.0,2025-12-30,2026
TAX-623-4127,T-647/6,14752.82,Pathmaa,0.0,2026-06-26,2026
TAX-623-9240,SF/282/2,2010.98,Nagrajan,660.12,2026-08-04,2026
TAX-623-8748,RS/269/3,4960.06,Balasubramaniam,817.58,2026-07-13,2026
TAX-623-5609,RS/983/2,4061.67,Manimagalai,0.0,2025-11-12,2026
TAX-623-8189,RS/629/9,475.58,Venkata,160.48,2025-12-20,2026
TAX-623-2345,,3509.14,Laxmi,0.0,2026-01-29,2026
TAX-623-9928,SF/977/2,2049.48,Kannen,151.38,2026-05-02,2026
TAX-623-2633,RS/985/7,1363.71,Velusamy,554.58,2026-09-10,2026
TAX-623-3535,RS/638/2B,4445.06,Karuppaswamy,2174.47,2026-09-21,2026
TAX-623-2363,RS/619/9,6179.58,Marimutthu,819.77,2026-09-08,2026
TAX-623-3224,RS/381/3D,5832.4,Palani,80595.24,2026-07-14,2026
TAX-623-6744,T-218/9,1503.49,Tamizhelvan,7698.65,2025-10-02,2026
TAX-623-5014,SF/202/1D,1934.7,Vellu,603.07,2026-08-08,2026
TAX-623-9161,SF/591/1,2804.17,Balasubramaniam,1126.48,2026-06-12,2026
TAX-623-3954,SF/918/9B,6075.11,Kannen,3005.49,2025-12-18,2026
TAX-623-3642,RS/410/2B,2021.48,Maheash,339.43,2026-03-02,2026
TAX-623-8280,RS/961/2,2462.81,Karuppaswamy,1158.84,2026-09-09,2026
TAX-623-8086,SF/266/1,1129.33,Periyaswamy,183.7,2026-06-17,2026
TAX-623-2015,SF/327/3D,1095.27,Nagrajan,215.55,2026-07-21,2026
TAX-623-6825,RS/678/8,5135.15,Aarumugam,0.0,2026-05-31,2026
TAX-623-6091,SF/676/4C,7678.79,Manee,1356.45,2026-08-10,2026
TAX-623-3769,RS/214/9B,2566.35,Nagrajan,1164.26,2025-09-24,2026
TAX-623-5741,SF/939/6A,5691.68,Chinnaswamy,2121.1,2026-01-14,2026
TAX-623-4500,RS/898/2C,3761.34,Surase,1247.03,2025-10-30,2026
TAX-623-8711,SF/950/9,1647.9,Aarumugam,207.97,2026-01-30,2026
TAX-623-4920,SF/665/7C,3651.73,Marimutthu,1193.52,2026-08-06,2026
TAX-623-2988,SF/698/1C,9590.5,Balasubramaniam,4684.42,2025-10-08,2026
TAX-623-5761,T-415/7A,2606.28,Palani,361.04,2026-09-21,2026
TAX-623-2772,T-611/5C,9123.96,Karthick,0.0,2026-03-09,2026
TAX-623-2324,SF/171/3,5211.39,Palani,0.0,2025-09-24,2026
TAX-623-5115,SF/696/1B,2999.79,Venkata,1295.9,2026-08-27,2026
TAX-623-8546,T-172/3D,2136.29,Murughan,529.49,2026-04-22,2026
TAX-623-6552,RS/374/8,2980.1,Vadivellu,18330.33,2026-07-23,2026
TAX-623-8823,T-532/1,522.56,Balasubramaniam,167.52,2026-08-10,2026
TAX-623-1103,RS/369/4C,2017.22,Palani,11842.7,2025-09-03,2026
TAX-623-6509,T-180/5C,3640.38,Anbalagan,549.0,2026-05-09,2026
TAX-623-4962,RS/296/2,9127.63,Aroon,2514.65,2026-04-01,2026
TAX-623-2703,RS/499/5,1843.22,Ramaswamy,681.75,2026-08-24,2026
TAX-623-3171,RS/361/1,1441.79,Shiva,222.84,2026-07-20,2026
TAX-623-7001,SF/443/2,1601.08,Subramanee,126.83,2026-08-14,2026
TAX-623-7788,RS/178/7C,5333.16,Periyaswamy,1725.39,2025-09-02,2026
TAX-623-9979,RS/559/3A,4591.15,Thankaraj,1182.59,2026-07-17,2026
TAX-623-5423,,1980.98,Chinnaswamy,988.41,2025-12-30,2026
TAX-623-8055,T-557/5,4001.19,Aandaal,1184.83,2026-08-29,2026
TAX-623-7798,SF/57/5D,2691.79,Aarumugam,557.49,2026-06-07,2026
TAX-623-5987,T-55/4B,6183.5,Gopee,617.68,2026-01-19,2026
TAX-623-6715,T-960/1D,2022.27,Raajaa,482.87,2026-03-20,2026
TAX-623-7214,SF/107/8,6017.43,Paandi,2967.68,2026-09-13,2026
TAX-623-4158,T-267/8D,3292.09,Venkata,601.49,2026-03-17,2026
TAX-623-7572,T-560/4A,354.99,Palani,123.71,2026-03-08,2026
TAX-623-5845,SF/476/7D,2485.0,Surase,593.62,2026-08-13,2026
TAX-623-2660,T-635/8,1750.91,Rajeswary,809.27,2026-05-23,2026
TAX-623-3140,T-400/9,885.37,Raaman,62.17,2026-08-03,2026
TAX-623-1035,T-311/7,4194.57,Kannen,32467.36,2026-07-20,2026
TAX-623-8842,T-539/5,3554.4,Tamizhelvan,431.19,2025-10-01,2026
TAX-623-3758,,3980.76,Vellu,1949.38,2025-11-18,2026
TAX-623-1215,T-914/7D,1206.01,Palani,6399.54,2026-03-11,2026
TAX-623-7443,RS/622/1,1606.01,Pathmaa,408.37,2026-05-27,2026
TAX-623-6474,SF/89/1C,4848.26,Aroon,1694.16,2026-05-04,2026
TAX-623-3111,SF/349/3C,6844.31,Aandaal,1017.4,2026-06-06,2026
TAX-623-2443,,1974.06,Tamizhelvan,344.41,2025-12-07,2026
TAX-623-8061,RS/104/2A,2546.72,Parvati,1023.32,2026-07-02,2026
TAX-623-8159,SF/894/3,659.3,Rajendiran,141.01,2025-10-24,2026
TAX-623-4566,RS/432/5,661.91,Velusamy,0.0,2026-03-19,2026
TAX-623-5521,,2261.6,Shiva,1015.36,2025-09-04,2026
TAX-623-3567,RS/741/1,1272.79,Sita,291.06,2026-09-05,2026
TAX-623-9523,SF/793/4B,1868.54,Saravannan,6810.3,2025-12-25,2026
TAX-623-7467,SF/441/7B,7159.51,Nagrajan,7692.45,2025-12-18,2026
TAX-623-1720,T-582/1D,2846.2,Aroon,0.0,2026-03-26,2026
TAX-623-4252,RS/617/4,1350.0,Chelvi,11449.88,2026-06-09,2026
TAX-623-4884,SF/455/5,2609.08,Sita,12384.62,2026-08-24,2026
TAX-623-3402,,6560.42,Vadivellu,6860.16,2026-07-17,2026
TAX-623-4944,T-451/8,2143.34,Aarumugam,743.66,2025-09-15,2026
TAX-623-7271,T-394/8,4156.71,Manee,1814.83,2026-04-04,2026
TAX-623-7755,RS/33/9D,1670.3,Periyaswamy,313.29,2026-07-13,2026
TAX-623-4983,T-445/7D,1164.64,Rajendiran,153.54,2025-08-24,2026
TAX-623-9498,RS/435/9,2821.38,Dhinesh,815.19,2025-11-29,2026
TAX-623-2386,,295.31,Laxmi,628.93,2026-03-15,2026
TAX-623-1481,RS/18/8,1598.92,Rajeswary,9181.23,2026-03-12,2026
TAX-623-7221,RS/185/5D,2176.52,Shiva,631.39,2026-04-28,2026
TAX-623-5910,SF/671/1,7825.74,Ramaswamy,3346.67,2026-06-22,2026
TAX-623-6249,RS/17/6B,2056.62,Shiva,728.01,2026-06-13,2026
TAX-623-4088,RS/585/6D,1684.07,Chinnaswamy,575.5,2026-05-10,2026
TAX-623-2343,RS/966/5B,1221.29,Baala,374.44,2026-07-14,2026
TAX-623-6646,RS/524/9D,2536.92,Chelvam,1124.71,2026-04-16,2026
TAX-623-4060,SF/579/9B,3001.67,Pathmaa,1231.51,2025-10-16,2026
TAX-623-9113,,1340.53,Shiva,316.37,2025-09-25,2026
TAX-623-2789,T-996/2C,3749.83,Sanmugam,1419.29,2026-01-09,2026
TAX-623-8097,T-496/4A,2202.78,Chinnaswamy,0.0,2026-09-16,2026
TAX-623-1176,SF/419/7B,3442.19,Palani,24894.69,2025-09-14,2026
TAX-623-3778,RS/761/2,10403.71,Muthukumaar,5148.27,2025-09-04,2026
TAX-623-6595,RS/363/3A,41337.39,Mutthammal,8761.52,2025-09-30,2026
TAX-623-6485,SF/740/1,22567.66,Gopee,3981.36,2025-11-27,2026
TAX-623-7414,T-138/3C,4127.75,Periyaswamy,719.64,2026-03-06,2026
TAX-623-5281,,22672.85,Elangovan,0.0,2026-06-17,2026
TAX-623-6124,RS/776/3,13731.15,Rajeswary,2755.29,2026-01-30,2026
TAX-623-4459,SF/295/5A,11297.76,Surase,0.0,2025-10-07,2026
TAX-623-8208,T-925/1B,27699.3,Chelvam,4247.33,2026-05-18,2026
TAX-623-9049,RS/303/2C,40835.13,Dhinesh,5229.01,2026-03-18,2026
TAX-623-7208,T-120/6D,36947.54,Kannen,10267.46,2026-08-12,2026
TAX-623-6842,T-689/2C,9245.8,Surase,40794.44,2026-06-08,2026
TAX-623-3942,,14848.66,Aarumugam,4348.83,2025-12-16,2026
TAX-623-1446,SF/204/2B,19791.19,Aroon,5465.5,2026-05-02,2026
TAX-623-7702,RS/705/5B,37063.65,Karthick,17174.99,2026-06-10,2026
TAX-623-8536,SF/897/5C,12080.72,Venkata,5743.86,2026-01-28,2026
TAX-623-6270,RS/430/8,13912.49,Chelvam,3133.79,2026-01-09,2026
TAX-623-2326,SF/298/5B,7632.85,Jayaram,2366.8,2025-12-05,2026
TAX-623-5477,RS/436/7,9644.95,Baala,4684.27,2026-09-09,2026
TAX-623-9761,T-897/3B,29641.13,Maheash,189612.21,2026-04-08,2026
TAX-623-5792,SF/822/7,61024.08,Balasubramaniam,0.0,2025-12-20,2026
TAX-623-4304,T-406/4,14456.3,Sarasvati,5830.66,2026-04-08,2026
TAX-623-6772,T-105/9A,40569.03,Raaman,4723.85,2026-03-04,2026
TAX-623-8990,SF/833/7C,23205.27,Palani,10415.74,2025-09-19,2026
TAX-623-1853,T-620/3,9829.52,Mutthammal,0.0,2026-04-02,2026
TAX-623-8196,SF/310/5A,21579.18,Baala,4434.05,2026-05-01,2026
TAX-623-6393,T-286/8,64091.17,Manee,423630.81,2026-08-19,2026
TAX-623-1574,T-732/2A,20998.47,Velusamy,1376.47,2025-11-20,2026
TAX-623-4311,,61404.6,Tamizhelvan,6351.68,2026-03-13,2026
TAX-623-8306,T-741/4,1275.05,Vaalli,0.0,2025-10-21,2026
TAX-623-1677,RS/893/1,38333.74,Baala,7057.07,2025-11-11,2026
TAX-623-1789,T-495/9B,18233.61,Kalairasan,83877.27,2026-07-17,2026
TAX-623-2537,SF/533/2,13123.36,Nagrajan,4589.5,2025-10-25,2026
TAX-623-6025,RS/121/7,18889.7,Anbalagan,3232.69,2025-12-25,2026
TAX-623-4553,RS/536/4D,2620.67,Tamizhelvan,246.05,2026-08-01,2026
TAX-623-1412,SF/169/9C,16836.07,Gopee,2408.62,2026-01-12,2026
TAX-623-7780,SF/711/2B,17940.94,Laxmi,6642.56,2026-01-04,2026
TAX-623-4437,RS/644/1,60891.82,Chandraa,13438.07,2025-12-28,2026
TAX-623-7671,T-555/4,12144.45,Ramaswamy,0.0,2026-03-30,2026
TAX-623-5786,T-785/7,8367.04,Kannen,3810.17,2026-09-17,2026
TAX-623-2088,T-151/3,10250.25,Ramaswamy,2849.1,2026-01-08,2026
TAX-623-9008,RS/724/8,40384.24,Manimagalai,2597.91,2026-04-10,2026
TAX-623-5588,RS/502/5C,22096.33,Kumaar,9374.32,2026-09-21,2026
TAX-623-9044,T-435/4B,10630.08,Muthukumaar,69209.93,2026-08-30,2026
TAX-623-9452,T-200/1B,25299.86,Raaman,0.0,2026-07-08,2026
TAX-623-5001,RS/658/8A,21818.88,Balasubramaniam,9571.76,2026-02-19,2026
TAX-623-2846,T-648/8A,39203.19,Sundhar,18496.5,2026-09-01,2026
TAX-623-3600,SF/723/3D,2022.92,Mahalaxmi,780.35,2025-09-03,2026
TAX-623-3811,T-285/4C,11029.87,Shiva,0.0,2026-06-10,2026
TAX-623-8198,RS/427/1,6425.57,Kumaar,0.0,2026-03-19,2026
TAX-623-1955,T-518/7,1349.8,Murughan,323.91,2026-04-30,2026
TAX-623-7834,T-89/8,5105.54,Paandi,0.0,2026-05-20,2026
TAX-623-6760,SF/223/6A,3415.34,Sundhar,9744.83,2026-03-11,2026
TAX-623-4043,RS/183/5,2635.29,Aroon,996.92,2026-08-04,2026
TAX-623-9363,RS/95/8,7985.6,Dhinesh,0.0,2025-11-22,2026
TAX-623-4803,T-395/3B,11539.81,Kumaar,1200.85,2025-09-20,2026
TAX-623-6196,T-565/5,9094.75,Dhinesh,2810.23,2026-01-04,2026
TAX-623-9277,RS/144/8B,2342.67,Aarumugam,867.07,2026-03-21,2026
TAX-623-7465,SF/936/6,3921.17,Chelvam,11282.42,2026-05-24,2026
TAX-623-6498,T-409/8D,5219.31,Elangovan,5772.27,2025-10-15,2026
TAX-623-7889,T-111/7A,9409.31,Murughan,2264.4,2026-06-19,2026
TAX-623-4186,,3051.47,Maheash,646.76,2026-07-09,2026
TAX-623-9051,RS/170/8,4346.83,Raajaa,1504.92,2026-03-23,2026
TAX-623-2625,SF/158/9D,2075.08,Karthick,120.07,2025-10-20,2026
TAX-623-8040,T-386/8C,2381.47,Velusamy,1041.53,2026-02-21,2026
TAX-623-8012,T-748/7B,7862.77,Velusamy,1936.78,2025-08-27,2026
TAX-623-6509,T-843/1B,12409.38,Saravannan,2010.53,2025-08-20,2026
TAX-623-5796,SF/348/7C,4407.05,Murughan,1449.73,2026-05-26,2026
TAX-623-7134,,10157.1,Rajendiran,684.08,2026-01-06,2026
TAX-623-8924,T-412/7D,5784.3,Kalaivaani,0.0,2026-05-21,2026
TAX-623-7733,RS/730/6D,2717.0,Marimutthu,15913.48,2025-10-06,2026
TAX-623-7326,T-746/8A,5954.79,Nagrajan,41672.11,2026-04-22,2026
TAX-623-2993,RS/346/5D,17196.06,Balasubramaniam,7083.93,2026-05-27,2026
TAX-623-8992,T-115/6C,4561.56,Kalaivaani,1774.93,2025-10-06,2026
TAX-623-6342,RS/915/5,13457.64,Pathmaa,5616.21,2026-03-10,2026
TAX-623-5756,T-742/2A,239.01,Aarumugam,49.58,2025-08-26,2026
TAX-623-8330,RS/739/2D,8444.29,Velusamy,1353.89,2026-03-28,2026
TAX-623-4923,SF/711/1,4912.96,Ramaswamy,17359.96,2026-07-07,2026
TAX-623-2780,SF/620/7,3820.52,Venkata,0.0,2025-09-04,2026
TAX-623-4359,,5024.9,Kannen,1326.73,2026-05-20,2026
TAX-623-8932,RS/651/6B,955.23,Balasubramaniam,445.24,2025-08-29,2026
TAX-623-8905,T-511/4B,4257.08,Marimutthu,1343.07,2026-04-26,2026
TAX-623-7488,RS/86/4C,4576.9,Manee,1202.44,2025-10-26,2026
TAX-623-3280,SF/640/6B,14606.13,Sundhar,1966.81,2026-01-12,2026
TAX-623-6010,SF/114/5,2963.67,Karuppaswamy,214.45,2025-10-20,2026
TAX-623-7543,T-781/6B,2038.11,Jayaram,0.0,2026-08-25,2026
TAX-623-4639,SF/410/5,3679.52,Marimutthu,0.0,2025-10-26,2026
TAX-623-2982,RS/421/4C,11509.13,Nagrajan,1609.86,2025-11-10,2026
TAX-623-1720,RS/625/4,5710.56,Annamaa,1349.08,2026-08-29,2026
TAX-623-9798,SF/871/3A,3200.14,Kalairasan,817.09,2025-12-12,2026
TAX-623-5293,SF/816/3A,5666.48,Baala,1358.35,2026-08-01,2026
TAX-623-5865,,5122.25,Kumaar,1233.25,2026-02-12,2026
TAX-623-4393,T-663/9C,10977.77,Naagammal,0.0,2026-03-03,2026
TAX-623-6949,T-645/8A,3722.87,Murughan,6826.56,2025-12-17,2026
TAX-623-5989,RS/216/5,14092.02,Paandi,0.0,2026-04-16,2026
TAX-623-3748,RS/582/5B,7439.63,Rajendiran,2472.66,2025-10-05,2026
TAX-623-8181,RS/968/3B,2142.29,Tamizhelvan,119.45,2025-12-23,2026
TAX-623-2918,,7738.87,Kannen,1460.47,2026-05-22,2026
TAX-623-9065,RS/489/3,5014.52,Chinnaswamy,1522.7,2026-09-09,2026
TAX-623-9626,,3053.61,Karuppaswamy,1389.16,2025-09-17,2026
TAX-623-1321,T-809/2C,8473.94,Saravannan,0.0,2026-08-14,2026
TAX-623-9009,T-920/4C,14693.82,Pathmaa,6952.53,2026-01-19,2026
TAX-623-2655,T-551/2D,11565.68,Vellu,5581.95,2026-02-14,2026
TAX-623-9099,T-735/8,3005.36,Kalairasan,1152.63,2026-05-12,2026
TAX-623-2030,T-311/1,5120.94,Vellu,887.72,2026-02-06,2026
TAX-623-7688,SF/202/8,7505.48,Shiva,1299.81,2026-09-11,2026
TAX-623-9646,,13071.04,Maheash,1460.07,2026-07-09,2026
TAX-623-7503,T-181/6B,4428.29,Muthukumaar,500.03,2025-10-16,2026
TAX-623-7521,T-317/8,5069.25,Gopee,2231.55,2025-11-17,2026
TAX-623-4226,SF/779/7C,3018.5,Aiyanar,995.33,2025-09-20,2026
TAX-623-5722,SF/219/5B,2404.75,Venkata,862.87,2025-12-10,2026
TAX-623-4862,SF/873/3B,11309.5,Karthick,3945.01,2026-05-08,2026
TAX-623-9401,SF/956/5A,16762.08,Thankaraj,1556.08,2026-06-09,2026
TAX-623-8011,,5581.05,Baala,2070.83,2025-11-08,2026
TAX-623-6652,T-208/4C,13915.19,Muthukumaar,0.0,2025-11-12,2026
TAX-623-8615,SF/817/4B,7834.54,Baala,411.97,2025-09-03,2026
TAX-623-5703,RS/975/1D,3034.54,Aiyanar,1040.81,2026-06-23,2026
TAX-623-4861,SF/58/6,8613.53,Balasubramaniam,0.0,2026-04-20,2026
TAX-623-2762,T-424/3D,19559.53,Vellu,6313.79,2026-02-03,2026
TAX-623-2965,RS/571/9D,6489.36,Tamizhelvan,1682.24,2025-11-16,2026
TAX-623-6421,RS/766/4,20097.88,Baala,64463.23,2026-08-16,2026
TAX-623-5114,SF/144/2C,286.3,Rajendiran,22.86,2026-07-05,2026
TAX-623-2935,RS/33/9D,12377.77,Chinnaswamy,5055.95,2026-02-19,2026
TAX-623-3174,SF/545/3D,6332.44,Vellu,1605.75,2026-01-03,2026
TAX-623-4450,T-442/5A,5012.46,Aroon,705.9,2025-09-13,2026
TAX-623-3995,T-301/1B,5860.06,Chandraa,7005.45,2026-07-17,2026
TAX-623-5480,RS/546/8C,867.49,Saravannan,161.48,2025-09-29,2026
TAX-623-5694,SF/212/5,5158.83,Tamizhelvan,2174.23,2026-07-12,2026
TAX-623-8238,RS/951/4C,6081.84,Mahalaxmi,0.0,2026-07-11,2026
TAX-623-5523,SF/899/8,22000.26,Karthick,6857.63,2026-04-19,2026
TAX-623-9349,T-835/2,3601.47,Nagrajan,215.59,2025-10-10,2026
TAX-623-4894,T-620/6C,3144.62,Karthick,1524.59,2026-05-29,2026
TAX-623-3026,RS/17/1A,3677.18,Aiyanar,207.23,2025-09-20,2026
TAX-623-8994,T-308/4C,14313.51,Vellu,0.0,2026-05-20,2026
TAX-623-4191,SF/145/4,7229.27,Surase,1050.48,2026-05-02,2026
TAX-623-3939,SF/430/3,4724.67,Shiva,1481.76,2026-09-21,2026
TAX-623-2651,,8664.97,Paandi,61882.63,2026-06-15,2026
TAX-623-8444,T-174/3,6027.41,Kamachi,2618.65,2026-07-07,2026
TAX-623-6272,RS/922/5,12361.11,Kanagammal,3100.47,2025-12-15,2026
TAX-623-7913,SF/825/3,1281.99,Kanagammal,0.0,2025-12-04,2026
TAX-623-7694,T-676/5,3920.21,Palani,16468.05,2026-04-08,2026
TAX-623-7477,,2172.57,Surase,198.86,2025-08-31,2026
TAX-623-7604,SF/856/4,525.94,Anbalagan,0.0,2026-07-17,2026
TAX-623-5749,RS/121/5C,2137.39,Tamizhelvan,802.95,2026-02-11,2026
TAX-623-4523,T-270/2D,1384.72,Karuppaswamy,108.57,2025-08-28,2026
TAX-623-2759,T-730/5,1216.54,Muthukumaar,0.0,2026-08-29,2026
TAX-623-8932,T-763/6B,3074.42,Mutthammal,575.97,2026-04-10,2026
TAX-623-7738,T-171/6,4214.3,Sanmugam,0.0,2025-09-03,2026
TAX-623-6964,,2454.12,Raajaa,804.44,2026-06-09,2026
TAX-623-4312,RS/140/5,887.42,Thankaraj,373.33,2026-01-01,2026
TAX-623-3632,RS/144/3A,1274.88,Balasubramaniam,2187.13,2026-08-29,2026
TAX-623-4800,SF/915/7,1888.89,Kumaar,37048.24,2026-04-12,2026
TAX-623-6682,T-121/9,4002.2,Surase,10470.13,2025-11-26,2026
TAX-623-1159,RS/158/2D,984.4,Paandi,432.48,2025-12-06,2026
TAX-623-3055,T-106/2C,1739.6,Rajendiran,450.33,2026-06-26,2026
TAX-623-6880,RS/927/5C,740.43,Periyaswamy,90.18,2026-05-08,2026
TAX-623-5919,T-500/9B,540.75,Meenachi,0.0,2025-08-22,2026
TAX-623-8925,RS/595/7D,3035.52,Balasubramaniam,1264.89,2025-11-25,2026
TAX-623-3725,T-797/7C,5059.18,Tamizhelvan,933.14,2026-01-09,2026
TAX-623-4423,SF/747/8D,1539.21,Dhinesh,596.83,2026-07-30,2026
TAX-623-2720,RS/470/5D,4481.54,Surase,18392.1,2026-04-30,2026
TAX-623-1882,SF/865/8D,2609.06,Velusamy,16523.98,2025-12-28,2026
TAX-623-5457,RS/637/8C,1017.43,Baala,282.37,2025-10-17,2026
TAX-623-1455,SF/596/5B,2448.37,Marimutthu,704.58,2026-02-27,2026
TAX-623-3379,T-613/7D,5886.76,Vellu,42240.54,2026-07-04,2026
TAX-623-4413,RS/629/2,2537.14,Chelvam,998.73,2026-09-15,2026
TAX-623-7146,T-225/4,6292.55,Surase,2917.41,2026-01-02,2026
TAX-623-2556,RS/570/9B,328.1,Ramaswamy,72.54,2026-02-01,2026
TAX-623-4180,RS/823/5A,3235.09,Nagrajan,1313.77,2026-09-08,2026
TAX-623-4606,T-253/9B,1848.65,Kannen,0.0,2025-09-23,2026
TAX-623-6139,,1375.73,Baala,3129.45,2025-09-11,2026
TAX-623-5688,RS/606/7,2031.13,Shiva,9881.23,2026-07-12,2026
TAX-623-9239,SF/66/6,296.47,Mahalaxmi,115.43,2026-01-14,2026
TAX-623-3844,T-463/5B,1401.78,Jayalaxmi,694.53,2026-05-13,2026
TAX-623-8769,T-55/6B,2580.12,Thankaraj,777.23,2026-03-25,2026
TAX-623-8535,SF/856/3,6904.9,Aroon,2079.93,2025-11-21,2026
TAX-623-7622,RS/825/7A,1365.16,Tamizhelvan,549.74,2025-08-19,2026
TAX-623-6512,SF/189/5A,1008.5,Periyaswamy,439.99,2025-08-27,2026
TAX-623-7504,T-63/9,1117.8,Chelvam,224.13,2026-09-10,2026
TAX-623-1638,RS/187/9,3109.28,Kalaivaani,247.66,2025-11-20,2026
TAX-623-4730,SF/520/3D,2349.68,Venkata,6970.19,2025-11-29,2026
TAX-623-9152,RS/111/6C,1473.79,Paandi,274.97,2025-10-13,2026
TAX-623-1879,T-562/7D,2804.05,Ramaswamy,0.0,2026-01-16,2026
TAX-623-7309,SF/814/7,1771.33,Palani,583.68,2026-03-22,2026
TAX-623-2262,T-589/9B,3928.07,Elangovan,0.0,2026-05-20,2026
TAX-623-5852,RS/414/7A,2626.63,Aroon,415.97,2026-03-21,2026
TAX-623-9969,RS/790/1B,7681.36,Maheash,2357.52,2026-02-07,2026
TAX-623-1363,RS/395/4,4637.65,Tamizhelvan,1304.93,2026-03-02,2026
TAX-623-7655,RS/973/3,1096.86,Aarumugam,14796.7,2025-11-08,2026
TAX-623-1251,SF/922/2,4757.34,Raaman,1628.07,2026-02-17,2026
TAX-623-9394,T-253/5A,2523.12,Nagrajan,20066.61,2025-08-18,2026
TAX-623-2724,,1854.62,Kalairasan,0.0,2026-06-13,2026
TAX-623-4204,T-405/1C,5140.27,Rajendiran,0.0,2025-10-19,2026
TAX-623-8589,,7059.42,Chelvi,18646.69,2025-11-17,2026
TAX-623-5310,SF/405/4,7117.51,Dhinesh,0.0,2026-01-07,2026
TAX-623-8171,RS/449/3A,1881.63,Chelvam,543.87,2025-09-17,2026
TAX-623-2465,RS/944/3,2980.29,Karthick,0.0,2026-08-17,2026
TAX-623-6671,T-200/6C,4786.85,Chinnaswamy,1149.23,2026-01-13,2026
TAX-623-8553,SF/420/9B,7629.4,Dhinesh,1241.23,2026-04-05,2026
TAX-623-6018,RS/4/1D,1826.66,Meenachi,3276.24,2026-07-18,2026
TAX-623-1887,RS/290/7A,2908.49,Sita,0.0,2025-12-12,2026
TAX-623-8389,RS/550/6,1445.45,Anbalagan,356.36,2026-08-29,2026
TAX-623-8842,SF/412/3D,1312.47,Kumaar,266.54,2026-05-03,2026
TAX-623-6310,RS/137/9,7902.51,Marimutthu,900.81,2026-06-27,2026
TAX-623-8551,T-668/8,10403.34,Ramaswamy,4265.07,2026-08-05,2026
TAX-623-3269,T-394/9A,3388.39,Gopee,0.0,2025-09-29,2026
TAX-623-7134,T-788/3C,8461.35,Surase,8752.17,2025-12-01,2026
TAX-623-9703,RS/626/9C,4905.01,Kannen,828.18,2025-12-03,2026
TAX-623-8456,,1719.29,Sarasvati,502.44,2026-09-21,2026
TAX-623-4210,RS/487/6C,4613.45,Baala,1338.92,2026-03-04,2026
TAX-623-1719,T-420/3B,16589.69,Kumaar,284130.7,2026-03-20,2026
TAX-623-5263,SF/902/7A,4382.24,Paandi,0.0,2025-08-17,2026
TAX-623-1578,T-353/6,13147.55,Marimutthu,824.68,2026-06-17,2026
TAX-623-5774,T-202/6,538.91,Raajaa,45.91,2026-07-16,2026
TAX-623-5062,RS/174/6D,8270.66,Sundhar,2808.15,2025-09-20,2026
TAX-623-3991,T-778/8C,4059.3,Kalaivaani,0.0,2025-08-30,2026
TAX-623-9449,,2860.53,Tamizhelvan,1059.0,2025-12-31,2026
TAX-623-7852,RS/274/2A,3638.27,Rajendiran,12080.52,2025-10-18,2026
TAX-623-7603,SF/249/2,692.12,Paandi,5419.54,2026-01-02,2026
TAX-623-3909,SF/160/8C,2971.62,Raaman,40059.31,2026-06-06,2026
TAX-623-8623,SF/94/2,5795.04,Aroon,2306.4,2026-02-18,2026
TAX-623-4065,T-724/3A,13742.82,Anbalagan,2949.2,2026-03-13,2026
TAX-623-5290,RS/148/9B,2261.35,Raaman,0.0,2026-06-25,2026
TAX-623-2375,SF/405/5B,2035.76,Baala,8295.56,2026-03-26,2026
TAX-623-5164,,2354.43,Palani,541.42,2026-02-19,2026
TAX-623-9007,RS/715/2B,7512.0,Aandaal,2993.96,2025-10-09,2026
TAX-623-2221,SF/602/3,4421.4,Karuppaswamy,1675.56,2026-07-04,2026
TAX-623-9028,,2014.43,Velusamy,0.0,2025-12-12,2026
TAX-623-2254,SF/445/3,4918.67,Anbalagan,483.8,2026-04-19,2026
TAX-623-7930,RS/163/5D,3206.22,Gopee,768.66,2025-09-15,2026
TAX-623-4390,SF/500/1,7610.61,Periyaswamy,946.95,2025-11-08,2026
TAX-623-6405,SF/427/8,3384.2,Palani,1002.11,2026-05-19,2026
TAX-623-9821,T-289/6C,10085.25,Ramaswamy,3037.41,2025-10-16,2026
TAX-623-5239,SF/215/6C,8764.49,Sundhar,3959.41,2026-01-06,2026
TAX-623-7089,SF/726/4D,1593.36,Surase,715.97,2026-01-01,2026
TAX-623-6383,T-330/2B,7354.89,Chelvam,1505.99,2026-02-01,2026
TAX-623-1083,T-4/6,4489.65,Marimutthu,0.0,2026-06-13,2026
TAX-623-7959,SF/844/4B,3580.81,Baala,1111.05,2025-09-10,2026
TAX-623-9464,SF/306/5,10207.66,Chinnaswamy,3374.04,2025-11-22,2026
TAX-623-8340,SF/609/8D,14802.42,Ponnamaal,29316.84,2025-12-11,2026
TAX-623-2188,RS/980/1,14148.35,Dhinesh,746.75,2026-08-01,2026
TAX-623-7266,RS/662/6A,3001.56,Nagrajan,649.47,2026-07-20,2026
TAX-623-4634,SF/741/3A,4226.98,Tamizhelvan,27566.23,2025-09-22,2026
TAX-623-9306,RS/347/2A,7745.03,Palani,3135.59,2026-02-12,2026
TAX-623-4381,SF/834/4A,13365.86,Velusamy,5521.31,2025-12-20,2026
TAX-623-2584,T-864/4A,4575.91,Susila,0.0,2026-09-02,2026
TAX-623-7951,T-687/7,5410.28,Chinnaswamy,2333.46,2026-04-02,2026
TAX-623-6819,SF/358/2B,2492.14,Vellu,891.36,2026-06-18,2026
TAX-623-7953,T-289/5B,1898.05,Raaman,8679.68,2025-09-18,2026
TAX-623-3498,SF/457/9D,10943.46,Aroon,0.0,2025-12-08,2026
TAX-623-7093,SF/908/5,19344.15,Karthick,7124.84,2025-11-13,2026
TAX-623-7396,RS/212/8C,5577.34,Karthick,507.46,2026-07-24,2026
TAX-623-6401,,12538.37,Karuppaswamy,0.0,2026-02-23,2026
TAX-623-2934,RS/391/3,8568.58,Surase,0.0,2026-06-05,2026
TAX-623-5763,SF/305/1,2334.02,Vellu,785.96,2026-02-25,2026
TAX-623-8135,,7203.26,Karthick,0.0,2026-04-02,2026
TAX-623-5525,,20962.29,Sundhar,0.0,2026-06-10,2026
TAX-623-5418,T-279/4,6830.5,Murughan,1024.0,2026-02-23,2026
TAX-623-4618,RS/811/4C,21473.45,Periyaswamy,0.0,2026-02-27,2026
TAX-623-1489,T-924/6C,1106.27,Aiyanar,521.11,2025-12-11,2026
TAX-623-5024,,11777.03,Velusamy,85696.19,2026-04-10,2026
TAX-623-8847,RS/462/9D,6254.1,Gopee,1531.66,2026-08-17,2026
TAX-623-4509,SF/844/7,4774.26,Raajaa,2178.66,2026-03-27,2026
TAX-623-1488,T-233/6A,6978.96,Subramanee,1525.43,2026-01-09,2026
TAX-623-8645,T-418/2,1020.79,Velusamy,5217.29,2026-07-16,2026
TAX-623-4750,,4420.15,Raaman,0.0,2026-08-29,2026
TAX-623-2392,RS/124/4,9442.38,Aroon,2408.49,2026-04-30,2026
TAX-623-5958,T-612/5,18879.47,Mahalaxmi,8692.69,2026-09-01,2026
TAX-623-7664,RS/33/8,3440.39,Ramaswamy,1710.78,2025-12-08,2026
TAX-623-3348,RS/28/7,2828.06,Chelvam,667.69,2026-06-04,2026
TAX-623-1241,T-945/2A,3462.41,Sumati,1280.46,2026-07-29,2026
TAX-623-7304,RS/222/7,13860.07,Subramanee,2867.53,2025-10-26,2026
TAX-623-9007,T-670/1,7961.53,Marimutthu,0.0,2026-02-24,2026
TAX-623-6186,SF/6/7D,3340.3,Kumaar,1590.41,2026-07-18,2026
TAX-623-4550,,12234.18,Saravannan,5765.73,2025-10-08,2026
TAX-623-3700,T-25/8A,6938.75,Kannen,0.0,2026-07-05,2026
TAX-623-2863,,13172.11,Anbalagan,5889.4,2026-02-17,2026
TAX-623-4440,SF/929/3,2184.93,Jayaram,262.26,2025-09-29,2026
TAX-623-8779,RS/69/3B,5606.2,Vadivellu,1990.28,2026-04-21,2026
TAX-623-5320,SF/523/1,2407.63,Kamalaa,992.21,2026-03-03,2026
TAX-623-2267,,496.6,Baala,99.58,2025-11-19,2026
TAX-623-2042,SF/150/3D,2917.08,Anbalagan,526.65,2025-08-27,2026
TAX-623-2559,RS/860/6,1456.77,Tamizhelvan,320.07,2026-08-17,2026
TAX-623-2048,T-954/6A,1170.92,Velusamy,5777.26,2026-02-14,2026
TAX-623-4822,RS/615/1A,4295.19,Chinnaswamy,752.92,2026-02-04,2026
TAX-623-4498,RS/666/6,4603.93,Sanmugam,0.0,2026-01-20,2026
TAX-623-4348,T-614/3A,3340.15,Karuppaswamy,0.0,2026-04-17,2026
TAX-623-3376,RS/896/5B,849.67,Vellu,0.0,2026-03-31,2026
TAX-623-1200,T-193/3D,1624.47,Jayaram,0.0,2026-06-28,2026
TAX-623-1083,T-533/3,3615.18,Baala,19227.51,2025-12-16,2026
TAX-623-6230,RS/384/4A,4563.4,Gopee,2140.02,2025-08-23,2026
TAX-623-3068,RS/833/9A,1583.72,Balasubramaniam,253.69,2026-02-13,2026
TAX-623-2991,T-111/8A,1752.56,Subramanee,0.0,2026-02-10,2026
TAX-623-2189,RS/111/9B,986.75,Shiva,329.49,2026-04-01,2026
TAX-623-7359,RS/247/4,988.59,Tamizhelvan,0.0,2026-09-17,2026
TAX-623-5228,RS/781/4,4351.61,Raajaa,543.96,2026-01-25,2026
TAX-623-5606,RS/829/8,7355.18,Manee,1407.08,2025-09-03,2026
TAX-623-6436,SF/4/4C,2515.26,Venkata,229.92,2025-09-28,2026
TAX-623-9505,T-455/8,5616.03,Chelvam,1146.71,2026-04-10,2026
TAX-623-6989,RS/448/9,2756.28,Surase,1211.51,2025-08-19,2026
TAX-623-7346,SF/807/7,1186.14,Sanmugam,411.85,2025-10-24,2026
TAX-623-6859,SF/661/2A,4311.11,Nagrajan,1045.46,2026-02-08,2026
TAX-623-6333,SF/448/5,7828.48,Naagammal,1892.06,2026-09-15,2026
TAX-623-2676,,1759.76,Elangovan,0.0,2025-10-12,2026
TAX-623-4607,T-52/5,7920.31,Kumaar,3650.52,2026-02-22,2026
TAX-623-5471,SF/534/2,361.41,Venkata,71.83,2025-12-23,2026
TAX-623-6298,SF/828/4B,4098.65,Venkata,300.18,2026-07-16,2026
TAX-623-3336,T-955/3,2522.51,Paandi,797.36,2026-09-10,2026
TAX-623-8722,RS/139/3,1547.78,Chinnaswamy,557.7,2026-01-12,2026
TAX-623-4836,SF/728/2C,2295.97,Surase,718.76,2025-09-14,2026
TAX-623-6398,RS/694/7B,532.78,Raaman,2800.73,2026-01-19,2026
TAX-623-5651,RS/130/1,1385.45,Jayaram,374.55,2026-03-28,2026
TAX-623-4302,SF/323/8,2687.11,Nagrajan,0.0,2026-01-17,2026
TAX-623-8845,SF/146/1,6631.58,Elangovan,37066.57,2025-10-09,2026
TAX-623-3748,T-945/2,1488.21,Karthick,300.61,2025-12-17,2026
TAX-623-5814,RS/70/6,1242.9,Vellu,0.0,2026-04-17,2026
TAX-623-1601,,2011.82,Kamalaa,915.88,2026-01-17,2026
TAX-623-7304,,5731.11,Karuppaswamy,100870.05,2026-08-29,2026
TAX-623-3035,T-740/5,3155.13,Gopee,0.0,2025-12-13,2026
TAX-623-8065,SF/200/7B,1316.96,Murughan,343.97,2026-03-12,2026
TAX-623-6011,SF/880/1,2472.85,Karthick,0.0,2025-08-27,2026
TAX-623-7994,T-572/9D,1789.47,Karuppaswamy,882.88,2025-12-01,2026
TAX-623-3803,T-797/4,4894.53,Elangovan,408.01,2025-10-11,2026
TAX-623-6156,,4926.98,Velusamy,1710.52,2025-09-06,2026
TAX-623-8521,T-493/2D,16959.86,Maheash,2452.52,2026-04-23,2026
TAX-623-8348,RS/901/8A,11217.33,Kanagammal,5508.39,2025-08-31,2026
TAX-623-7078,RS/608/7D,1133.89,Kumaar,0.0,2026-08-23,2026
TAX-623-6122,T-664/3,10308.19,Karuppaswamy,36387.33,2025-09-07,2026
TAX-623-1834,SF/630/1D,5904.66,Jayaram,2458.74,2025-10-04,2026
TAX-623-8697,RS/142/2A,4783.14,Surase,0.0,2026-07-28,2026
TAX-623-2345,SF/712/8D,11816.08,Jayalaxmi,1917.5,2026-04-06,2026
TAX-623-6610,,17099.95,Thankaraj,3190.68,2026-04-20,2026
TAX-623-4904,,17155.64,Ponnamaal,3261.05,2025-09-27,2026
TAX-623-3929,T-215/8C,4282.8,Subramanee,427.36,2025-11-06,2026
TAX-623-7204,RS/475/7D,4824.9,Manimagalai,1014.77,2025-11-18,2026
TAX-623-6720,T-889/3,10436.77,Periyaswamy,1943.23,2026-04-17,2026
TAX-623-1948,SF/526/8,15807.29,Gopee,7360.3,2026-06-30,2026
TAX-623-5002,T-207/4,4917.14,Gopee,2357.62,2026-03-31,2026
TAX-623-8882,T-202/7D,6406.07,Aarumugam,45826.82,2026-04-08,2026
TAX-623-6635,T-643/2A,2931.34,Vadivellu,745.26,2026-05-31,2026
TAX-623-1919,,3021.17,Baala,1049.29,2026-01-13,2026
TAX-623-9955,SF/441/1,14997.42,Vasanta,5341.57,2026-05-03,2026
TAX-623-6369,T-807/5D,19190.38,Chinnaswamy,164170.1,2025-08-17,2026
TAX-623-3565,SF/948/7B,7306.14,Dhinesh,0.0,2026-03-03,2026
TAX-623-2444,SF/102/3C,15839.14,Gopee,58894.85,2026-09-17,2026
TAX-623-2353,,9538.99,Periyaswamy,1811.28,2026-05-03,2026
TAX-623-4954,SF/68/5,4284.08,Paandi,1424.82,2025-09-11,2026
TAX-623-8569,,9207.58,Muthukumaar,1426.24,2025-12-13,2026
TAX-623-9784,SF/65/3,25465.2,Jayalaxmi,1565.9,2026-01-02,2026
TAX-623-2494,RS/812/7,7369.5,Anbalagan,47546.75,2026-05-16,2026
TAX-623-1740,T-69/4D,19395.58,Aiyanar,6323.43,2026-03-27,2026
TAX-623-5806,T-364/1C,499.65,Kalairasan,33.79,2026-03-30,2026
TAX-623-1153,SF/608/3A,14968.2,Muthukumaar,6026.68,2026-08-27,2026
TAX-623-7795,RS/252/5B,7590.13,Murughan,32943.63,2026-08-31,2026
TAX-623-8418,RS/157/5,6524.14,Kannen,0.0,2025-10-03,2026
TAX-623-9537,RS/336/3C,7622.73,Maheash,0.0,2026-03-31,2026
TAX-623-5320,RS/326/2,1708.1,Meenachi,494.04,2026-01-16,2026
TAX-623-3868,SF/832/9B,7007.82,Subramanee,2899.31,2026-08-02,2026
TAX-623-2287,RS/759/1,12126.57,Vaalli,0.0,2025-12-15,2026
TAX-623-6979,T-110/5,22937.91,Aiyanar,8886.17,2026-02-07,2026
TAX-623-1504,SF/646/1A,5209.2,Kalairasan,19287.04,2026-07-18,2026
TAX-623-9455,SF/441/4B,3270.29,Chinnaswamy,262.87,2026-04-08,2026
TAX-623-8957,RS/276/4B,4978.01,Elangovan,1067.56,2025-12-15,2026
TAX-623-8070,T-260/3B,15215.03,Paandi,1335.67,2025-08-27,2026
TAX-623-7262,RS/137/4,8550.25,Sarasvati,3739.47,2025-08-22,2026
TAX-623-3280,T-805/2D,5144.7,Raaman,14678.57,2026-03-03,2026
TAX-623-4721,SF/399/6,12525.44,Aroon,1654.11,2026-03-03,2026
TAX-623-9422,RS/475/3,8239.73,Periyaswamy,41294.73,2026-05-21,2026
TAX-623-3551,RS/287/3A,17123.87,Paandi,37744.57,2025-12-07,2026
TAX-623-1265,SF/705/5D,1725.69,Maheash,7056.69,2026-03-10,2026
TAX-623-6282,,8840.53,Sundhar,792.0,2026-06-08,2026
TAX-623-5350,SF/581/2,4196.35,Chelvam,1545.44,2026-07-25,2026
TAX-623-3813,RS/787/9A,744.24,Ramaswamy,340.61,2026-07-07,2026
TAX-623-5692,RS/601/4C,4933.62,Periyaswamy,2425.37,2026-07-05,2026
TAX-623-1592,RS/47/6,2462.73,Kanagammal,420.02,2026-06-23,2026
TAX-623-9994,T-918/3,1428.04,Sundhar,183.54,2025-10-16,2026
TAX-623-8640,RS/736/3,6268.28,Chelvam,785.14,2025-09-30,2026
TAX-623-8220,T-603/8,9052.76,Thankaraj,2486.6,2026-08-30,2026
TAX-623-4440,SF/46/8C,7238.34,Balasubramaniam,2953.94,2025-12-10,2026
TAX-623-4849,SF/516/4B,1744.18,Karuppaswamy,5424.5,2025-09-04,2026
TAX-623-6208,T-586/1C,2505.31,Kumaar,332.32,2025-10-12,2026
TAX-623-3592,RS/232/3,4454.19,Aroon,437.73,2026-01-23,2026
TAX-623-5553,SF/705/2D,7184.78,Maheash,596.06,2026-01-01,2026
TAX-623-3964,SF/217/2,2153.64,Thankaraj,341.15,2026-02-08,2026
TAX-623-9758,,3301.68,Subramanee,24728.15,2025-12-12,2026
TAX-623-8401,RS/286/6,1442.86,Periyaswamy,430.2,2026-09-12,2026
TAX-623-5679,T-130/1,1401.49,Dhinesh,6750.03,2026-01-21,2026
TAX-623-6705,SF/55/9,6684.32,Kalairasan,0.0,2025-08-25,2026
TAX-623-7105,RS/563/3D,8633.15,Balasubramaniam,2510.92,2026-09-15,2026
TAX-623-2909,T-152/8,3338.46,Saravannan,0.0,2026-01-09,2026
TAX-623-9698,SF/794/1D,6188.9,Surase,2908.03,2026-01-25,2026
TAX-623-7370,RS/803/9C,4339.35,Elangovan,692.04,2026-07-09,2026
TAX-623-4894,SF/814/9C,2021.89,Jayaram,10242.66,2025-10-25,2026
TAX-623-1518,RS/503/9D,4041.93,Susila,1193.33,2026-05-05,2026
TAX-623-5206,T-446/8,12273.66,Baala,48447.88,2026-09-05,2026
TAX-623-8318,RS/387/2,2896.34,Anbalagan,8269.67,2026-03-22,2026
TAX-623-2939,SF/417/4,12499.24,Shiva,5811.28,2026-03-18,2026
TAX-623-7652,T-976/9,174.59,Sundhar,32.24,2026-05-31,2026
TAX-623-3854,T-182/9A,7364.71,Rajendiran,70955.5,2026-05-23,2026
TAX-623-1559,RS/249/3C,3675.44,Aarumugam,1318.69,2025-11-17,2026
TAX-623-6100,T-315/7,2472.18,Tamizhelvan,668.96,2025-11-26,2026
TAX-623-7226,SF/842/7,3903.87,Aarumugam,391.93,2026-07-06,2026
TAX-623-6467,,585.87,Dhinesh,87.01,2025-11-18,2026
TAX-623-7195,T-984/9B,2458.76,Surase,1062.84,2025-11-29,2026
TAX-623-5058,RS/340/3A,4767.95,Chinnaswamy,549.29,2025-09-14,2026
TAX-623-3397,,10660.14,Anbalagan,73194.34,2026-06-06,2026
TAX-623-8152,SF/93/2C,2090.09,Baala,404.97,2026-07-09,2026
TAX-623-3733,RS/222/3A,1917.15,Balasubramaniam,13623.67,2025-11-20,2026
TAX-623-3470,T-780/9A,1915.61,Parvati,275.51,2025-08-28,2026
TAX-623-5082,T-914/1,6223.53,Thankaraj,1388.93,2025-10-27,2026
TAX-623-1986,SF/251/7,4675.53,Gopee,1490.04,2026-09-05,2026
TAX-623-4684,SF/904/4A,2431.58,Paandi,1063.08,2026-05-20,2026
TAX-623-5680,T-655/5,4463.82,Vellu,1499.13,2026-05-14,2026
TAX-623-7783,,3162.16,Elangovan,1207.45,2026-08-01,2026
TAX-623-6441,SF/713/5,6729.57,Thankaraj,2546.81,2026-08-10,2026
TAX-623-1665,T-48/9C,2707.75,Gopee,11699.24,2025-10-27,2026
TAX-623-4242,T-91/1A,10745.11,Aroon,4670.56,2025-09-21,2026
TAX-623-8529,,5536.35,Chelvi,860.79,2026-05-23,2026
TAX-623-6796,SF/538/5,1152.04,Kalairasan,498.47,2026-07-25,2026
TAX-623-1682,T-935/9C,5699.37,Mutthammal,2710.54,2026-02-19,2026
TAX-623-3038,RS/463/1B,3460.53,Paandi,817.15,2026-05-22,2026
TAX-623-8462,SF/732/8,2095.05,Rajeswary,0.0,2026-02-21,2026
TAX-623-8441,,5513.15,Anbalagan,34315.1,2026-07-04,2026
TAX-623-5367,T-394/4,9383.32,Muthukumaar,33149.25,2025-10-13,2026
TAX-623-4798,SF/977/3,9531.88,Ramaswamy,1995.5,2025-11-20,2026
TAX-623-9052,SF/418/1B,2476.72,Periyaswamy,23851.72,2026-04-03,2026
TAX-623-6343,SF/533/4,3251.51,Sundhar,831.77,2025-09-28,2026
TAX-623-7865,SF/857/5D,5492.98,Kannen,1320.42,2026-01-15,2026
TAX-623-1043,SF/416/6B,10703.11,Tamizhelvan,1054.82,2026-04-18,2026
TAX-623-3865,RS/101/3D,2662.91,Nagrajan,292.89,2026-05-07,2026
TAX-623-3885,T-921/1D,3705.55,Rajendiran,1074.7,2026-07-27,2026
TAX-623-4743,RS/65/1,1761.47,Mutthammal,732.34,2026-06-26,2026
TAX-623-7940,SF/50/2A,1809.73,Ramaswamy,140.83,2026-01-17,2026
TAX-623-1786,SF/884/9,5475.94,Baala,730.63,2026-08-20,2026
TAX-623-3210,RS/18/8A,14740.97,Mahalaxmi,3903.44,2026-04-18,2026
TAX-623-5271,SF/353/1B,4280.82,Kannen,249.87,2026-08-25,2026
TAX-623-1497,T-717/2D,10204.85,Nagrajan,942.98,2026-09-15,2026
TAX-623-2999,,6344.38,Aroon,0.0,2025-12-26,2026
TAX-623-1667,T-105/2B,2568.06,Laxmi,594.48,2026-05-21,2026
TAX-623-2668,T-588/6A,5544.63,Baala,450.85,2026-01-29,2026
TAX-623-8415,SF/145/7,15117.95,Rajendiran,1567.75,2026-06-21,2026
TAX-623-1820,RS/852/2A,3874.5,Palani,1868.51,2026-02-04,2026
TAX-623-8729,,15900.72,Chinnaswamy,2390.85,2026-09-11,2026
TAX-623-4745,,134.11,Anbalagan,2370.82,2026-07-25,2026
TAX-623-3165,T-249/2D,9483.82,Periyaswamy,64091.39,2025-10-26,2026
TAX-623-3136,SF/505/9C,4781.08,Tamizhelvan,0.0,2025-09-06,2026
TAX-623-2568,,2946.52,Shiva,0.0,2026-06-17,2026
TAX-623-7877,SF/185/4C,3793.79,Sita,28420.86,2026-01-25,2026
TAX-623-8067,T-459/2C,805.62,Sanmugam,109.63,2026-06-26,2026
TAX-623-9400,SF/336/7A,3724.47,Venkata,15012.53,2025-11-20,2026
TAX-623-2466,T-296/9D,9127.74,Palani,3374.67,2026-05-02,2026
TAX-623-2752,T-236/9A,14443.77,Murughan,0.0,2026-06-06,2026
TAX-623-8629,,3177.81,Kannen,15023.51,2026-08-06,2026
TAX-623-8351,SF/712/8,2410.07,Muthukumaar,340.41,2026-09-21,2026
TAX-623-3914,SF/27/8,2579.05,Aroon,0.0,2026-06-30,2026
TAX-623-6089,T-589/7B,8685.85,Muthukumaar,4223.39,2025-11-02,2026
TAX-623-7068,SF/810/9,4959.53,Aroon,0.0,2026-06-23,2026
TAX-623-9256,,3040.68,Sanmugam,533.75,2026-05-17,2026
TAX-623-5844,SF/798/6D,6576.31,Kumaar,1107.24,2026-01-05,2026
TAX-623-5596,T-302/3C,5095.71,Aroon,0.0,2026-01-04,2026
TAX-623-8815,SF/349/7,9554.52,Velusamy,55227.29,2025-12-03,2026
TAX-623-4873,RS/172/3A,2789.0,Aiyanar,0.0,2025-08-31,2026
TAX-623-9156,T-109/9C,13439.88,Sanmugam,98771.42,2025-11-20,2026
TAX-623-6861,RS/17/6D,4293.85,Nagrajan,0.0,2026-02-02,2026
TAX-623-2826,,543.82,Anbalagan,4916.79,2025-11-29,2026
TAX-623-8122,SF/89/6,5075.88,Gopee,2343.21,2025-12-10,2026
TAX-623-4282,SF/375/4D,2455.83,Aroon,349.61,2026-05-16,2026
TAX-623-5172,SF/983/5D,1332.92,Marimutthu,0.0,2026-03-06,2026
TAX-623-3387,,4299.31,Manee,66811.62,2025-11-29,2026
TAX-623-4403,RS/7/5,8391.72,Balasubramaniam,30537.84,2026-07-14,2026
TAX-623-3069,RS/427/1,11661.81,Kumaar,4938.17,2025-12-28,2026
TAX-623-6471,RS/759/5B,2021.33,Surase,971.92,2026-03-07,2026
TAX-623-6958,SF/312/2,3275.53,Ramaswamy,997.33,2026-02-28,2026
TAX-623-8970,RS/382/4B,5486.39,Murughan,1755.01,2026-06-28,2026
TAX-623-3883,RS/71/4,9493.8,Paandi,0.0,2026-03-23,2026
TAX-623-7592,RS/292/9B,2616.4,Venkata,242.67,2026-01-17,2026
TAX-623-6114,RS/737/5C,3531.94,Kamalaa,1112.98,2026-02-26,2026
TAX-623-1080,,1459.17,Kumaar,360.24,2026-09-15,2026
TAX-623-2067,SF/642/5B,790.54,Raajaa,245.7,2026-05-24,2026
TAX-623-7236,T-567/8,3107.61,Rajendiran,1453.97,2025-12-10,2026
TAX-623-7822,RS/492/8,5007.53,Ponnamaal,361.1,2026-07-21,2026
TAX-623-3949,RS/146/2B,2947.28,Kamachi,1049.31,2025-08-23,2026
TAX-623-2017,SF/563/3C,12737.06,Palani,62591.77,2025-11-22,2026
TAX-623-4683,T-223/3D,5683.87,Aroon,2022.24,2026-06-13,2026
TAX-623-6893,SF/979/2C,2019.4,Ramaswamy,188.68,2025-09-20,2026
TAX-623-7528,SF/333/6C,3771.75,Subramanee,0.0,2026-01-23,2026
TAX-623-5511,RS/743/8C,14613.35,Maheash,0.0,2026-08-06,2026
TAX-623-8654,RS/592/8B,5204.74,Sundhar,1036.83,2025-12-31,2026
TAX-623-3232,T-179/8,18867.43,Elangovan,0.0,2026-01-25,2026
TAX-623-6904,RS/725/6,6889.41,Karuppaswamy,30783.24,2026-08-31,2026
TAX-623-4296,RS/747/1B,3295.2,Chelvam,0.0,2026-02-19,2026
TAX-623-1202,SF/710/6C,1419.41,Muthukumaar,88.37,2026-05-23,2026
TAX-623-1700,,1914.48,Vasanta,220.45,2025-12-18,2026
TAX-623-1945,SF/356/3,510.53,Tamizhelvan,37.08,2025-11-13,2026
TAX-623-5208,T-965/6C,3437.55,Kalairasan,0.0,2025-09-22,2026
TAX-623-5503,SF/216/8,5362.63,Aroon,1291.38,2025-12-25,2026
TAX-623-3542,T-947/8A,10734.07,Paandi,1984.75,2026-03-27,2026
TAX-623-7639,RS/108/3,2002.02,Manee,400.37,2026-07-27,2026
TAX-623-1750,SF/948/4,1134.28,Aarumugam,380.6,2026-09-15,2026
TAX-623-2192,T-831/5D,2085.49,Chelvi,982.81,2025-10-17,2026
TAX-623-9845,RS/641/9,5200.93,Laxmi,9033.35,2026-05-01,2026
TAX-623-2734,SF/861/4C,1624.37,Jayalaxmi,446.16,2025-12-14,2026
TAX-623-5403,T-683/6,1543.07,Kalairasan,161.68,2025-10-21,2026
TAX-623-1490,RS/553/6A,6782.67,Muthukumaar,38694.33,2026-05-17,2026
TAX-623-8044,SF/433/2,4670.49,Raajaa,378.26,2026-08-20,2026
TAX-623-1848,T-988/2A,6995.01,Ramaswamy,2356.36,2026-02-07,2026
TAX-623-3985,RS/328/5D,11931.82,Aarumugam,1431.42,2026-09-19,2026
TAX-623-4323,SF/18/6A,58275.52,Dhinesh,16959.96,2026-09-04,2026
TAX-623-5955,RS/605/6,31995.23,Maheash,208673.19,2025-12-27,2026
TAX-623-9839,RS/445/1,5317.48,Kannen,0.0,2025-10-09,2026
TAX-623-3309,RS/409/5D,30314.91,Malati,9249.8,2025-11-24,2026
TAX-623-9271,RS/459/2,19709.3,Meenachi,8708.68,2026-08-19,2026
TAX-623-9981,,9123.19,Parvati,3390.54,2026-07-30,2026
TAX-623-2748,SF/26/1B,48896.29,Dhinesh,16665.0,2026-04-11,2026
TAX-623-5711,RS/204/4B,49078.84,Periyaswamy,0.0,2026-07-20,2026
TAX-623-4096,SF/81/6B,47830.92,Periyaswamy,0.0,2025-11-06,2026
TAX-623-5115,T-604/1D,13432.82,Sarasvati,2351.83,2026-01-16,2026
TAX-623-9236,T-269/4B,19117.68,Rajendiran,1786.86,2025-09-23,2026
TAX-623-7969,,26124.03,Anbalagan,267863.76,2025-09-15,2026
TAX-623-4454,RS/663/8A,54061.85,Chinnaswamy,178652.02,2026-01-03,2026
TAX-623-9293,SF/834/7A,15338.5,Ponnamaal,1969.35,2026-01-27,2026
TAX-623-7122,RS/448/3,21732.97,Raajaa,10540.07,2026-02-08,2026
TAX-623-6496,SF/69/5,10878.21,Paandi,27372.19,2026-01-05,2026
TAX-623-5129,T-865/3,7444.58,Shiva,0.0,2026-05-10,2026
TAX-623-2994,SF/241/6C,48602.05,Manimagalai,16871.26,2026-08-03,2026
TAX-623-6808,,81197.46,Elangovan,26499.18,2026-01-15,2026
TAX-623-1417,SF/777/2A,22602.69,Chinnaswamy,2724.12,2025-10-15,2026
TAX-623-9678,SF/266/9,50851.5,Marimutthu,16800.81,2026-01-31,2026
TAX-623-6410,T-685/2,32006.09,Aroon,132342.74,2026-07-29,2026
TAX-623-5765,SF/475/7B,16481.16,Periyaswamy,179573.92,2026-05-27,2026
TAX-623-9980,SF/810/7,32650.53,Sarasvati,0.0,2026-06-10,2026
TAX-623-4320,T-567/9,80210.23,Dhinesh,0.0,2025-08-25,2026
TAX-623-3843,RS/393/9,24027.71,Kalairasan,11147.79,2025-12-09,2026
TAX-623-6006,,76741.51,Raajaa,4559.45,2026-01-01,2026
TAX-623-2635,T-129/1B,1874.79,Anbalagan,0.0,2025-09-24,2026
TAX-623-5401,RS/141/5A,47582.67,Chinnaswamy,96149.6,2025-12-31,2026
TAX-623-6905,SF/92/5,27390.69,Periyaswamy,102760.24,2026-06-25,2026
TAX-623-2295,SF/732/7,19580.13,Jayaram,4857.94,2026-07-31,2026
TAX-623-3633,RS/570/9,28797.03,Palani,3407.48,2026-03-01,2026
TAX-623-7407,SF/714/5,4052.85,Surase,9535.85,2026-01-06,2026
TAX-623-2735,SF/791/9,23785.91,Aiyanar,4675.2,2026-04-29,2026
TAX-623-2331,SF/888/7A,28760.44,Sita,8384.56,2025-11-08,2026
TAX-623-6727,RS/638/3A,64658.48,Chelvam,27538.64,2026-08-31,2026
TAX-623-8217,RS/714/9A,16666.17,Palani,6290.63,2026-03-12,2026
TAX-623-2927,SF/128/3C,11580.08,Baala,4611.08,2025-11-01,2026
TAX-623-1784,RS/81/7C,16118.38,Palani,0.0,2026-04-13,2026
TAX-623-1315,SF/103/9B,55434.41,Velusamy,18627.16,2026-03-14,2026
TAX-623-3643,RS/827/3,32027.66,Jayalaxmi,13983.86,2026-01-20,2026
TAX-623-1336,T-883/9B,11986.84,Nagrajan,5261.67,2026-08-20,2026
TAX-623-8550,RS/775/8,33335.9,Raaman,9723.08,2026-08-20,2026
TAX-623-1629,RS/897/7D,27561.26,Saravannan,8195.77,2025-11-29,2026
TAX-623-5550,T-623/6,52686.29,Chelvam,223975.79,2025-11-18,2026
TAX-623-1616,SF/987/8A,3674.8,Paandi,0.0,2026-05-20,2026
TAX-623-8652,SF/107/2,13436.3,Kalaivaani,69141.45,2026-09-10,2026
TAX-623-6275,T-529/7A,6824.28,Rajendiran,1718.68,2026-02-15,2026
TAX-623-2678,RS/139/7D,1238.15,Balasubramaniam,369.7,2025-12-16,2026
TAX-623-7001,RS/235/8,6972.66,Kumaar,36302.54,2025-10-18,2026
TAX-623-4132,T-173/6,4433.08,Shiva,943.12,2026-06-02,2026
TAX-623-4890,SF/33/7,2715.09,Saravannan,916.59,2026-08-04,2026
TAX-623-7169,SF/144/4,9422.16,Aroon,35592.64,2026-09-05,2026
TAX-623-2990,T-836/2A,12693.42,Karuppaswamy,3643.4,2026-07-06,2026
TAX-623-9924,RS/174/1,10403.69,Kalairasan,34533.92,2026-01-28,2026
TAX-623-4743,T-556/1D,2616.63,Kanagammal,218.6,2025-08-23,2026
TAX-623-7985,SF/396/4,4274.94,Kalaivaani,464.19,2026-08-06,2026
TAX-623-9610,SF/879/2B,6745.99,Saravannan,3328.04,2026-06-03,2026
TAX-623-5610,SF/286/5,11964.35,Vellu,4628.24,2025-09-23,2026
TAX-623-9605,T-68/8B,3332.84,Karthick,1390.78,2026-03-14,2026
TAX-623-8715,T-686/6,4769.49,Kalairasan,12990.1,2026-07-18,2026
TAX-623-1085,SF/907/1,2315.32,Rajendiran,1141.19,2025-11-30,2026
TAX-623-5794,SF/260/7,1483.59,Surase,230.93,2026-06-30,2026
TAX-623-3680,RS/136/4D,11484.07,Nagrajan,59714.91,2025-09-08,2026
TAX-623-2426,T-676/9A,15518.13,Chelvam,5161.83,2025-12-14,2026
TAX-623-4929,SF/172/3,5449.25,Venkata,2448.37,2026-02-01,2026
TAX-623-2976,RS/445/7,7881.66,Parvati,3903.82,2026-04-30,2026
TAX-623-9414,,7021.59,Aiyanar,0.0,2026-07-15,2026
TAX-623-9768,RS/666/4C,3089.28,Palani,8514.23,2025-09-04,2026
TAX-623-5819,RS/853/2,7174.81,Subramanee,23938.57,2026-08-09,2026
TAX-623-4746,RS/967/6C,19180.88,Venkata,0.0,2026-02-22,2026
TAX-623-9380,RS/433/5,7925.39,Periyaswamy,957.01,2026-09-07,2026
TAX-623-1824,RS/2/8B,18366.32,Manee,5488.86,2025-09-12,2026
TAX-623-7863,SF/302/9,10308.77,Ramaswamy,140774.93,2025-08-26,2026
TAX-623-8857,SF/553/7B,4984.92,Muthukumaar,2042.63,2026-03-06,2026
TAX-623-9882,SF/373/1,4749.42,Kalairasan,2152.71,2026-01-27,2026
TAX-623-7769,SF/442/6A,5570.5,Nagrajan,1008.7,2026-02-12,2026
TAX-623-3419,RS/957/3,1317.5,Raaman,187.08,2026-04-06,2026
TAX-623-4331,T-690/9,4642.54,Kanagammal,2184.44,2025-11-12,2026
TAX-623-6664,RS/739/6,6442.55,Venkata,1407.21,2026-01-10,2026
TAX-623-2626,SF/130/6A,17936.69,Murughan,2666.12,2026-09-13,2026
TAX-623-4993,RS/176/4D,3715.55,Vaalli,486.51,2025-09-16,2026
TAX-623-3212,RS/6/1,2640.91,Subramanee,1125.6,2026-05-27,2026
TAX-623-6693,SF/140/7,4862.72,Rajendiran,0.0,2026-08-06,2026
TAX-623-6304,SF/94/2B,11029.81,Aiyanar,0.0,2026-04-03,2026
TAX-623-4921,SF/766/1C,6794.78,Manee,728.69,2026-03-05,2026
TAX-623-9315,RS/73/7B,4152.41,Kannen,0.0,2026-03-20,2026
TAX-623-1910,T-805/5B,5975.38,Kalairasan,0.0,2026-06-12,2026
TAX-623-3300,T-587/4D,6844.64,Aarumugam,2351.12,2025-09-26,2026
TAX-623-8325,SF/983/9,12047.85,Paandi,4421.29,2026-01-06,2026
TAX-623-2612,SF/158/6D,1980.54,Vellu,840.25,2026-04-12,2026
TAX-623-3433,T-369/8,4958.39,Dhinesh,711.54,2026-03-17,2026
TAX-623-4760,RS/459/4B,2510.75,Aarumugam,1117.69,2025-12-18,2026
TAX-623-9351,RS/944/5A,278.13,Chinnaswamy,0.0,2025-09-09,2026
TAX-623-3940,RS/460/6,4092.31,Surase,864.06,2025-09-08,2026
TAX-623-1475,RS/924/6,1052.04,Raaman,117.52,2026-07-16,2026
TAX-623-2257,SF/103/8D,1285.39,Chelvam,190.02,2026-03-19,2026
TAX-623-6060,SF/173/1A,4183.43,Dhinesh,1405.08,2025-11-09,2026
TAX-623-8550,RS/923/6D,5057.97,Manee,491.02,2026-09-16,2026
TAX-623-5679,SF/81/6,8212.25,Thankaraj,0.0,2026-07-14,2026
TAX-623-2375,RS/103/8C,1292.93,Kalairasan,0.0,2025-10-11,2026
TAX-623-3776,SF/936/4C,2026.11,Elangovan,753.48,2025-10-29,2026
TAX-623-3564,T-13/4C,3416.91,Ramaswamy,936.87,2026-07-22,2026
TAX-623-8162,T-716/5,4808.1,Malati,2312.56,2025-10-17,2026
TAX-623-5716,,1487.12,Kalairasan,190.58,2026-03-12,2026
TAX-623-7365,SF/35/1A,1627.08,Raajaa,208.2,2025-08-28,2026
TAX-623-1830,T-61/2B,824.36,Periyaswamy,345.61,2026-03-03,2026
TAX-623-8867,T-199/5,767.67,Aiyanar,343.87,2026-08-17,2026
TAX-623-5828,SF/343/6,5627.64,Kanagammal,2526.77,2026-01-15,2026
TAX-623-6275,RS/189/5,9461.62,Nagrajan,114393.28,2026-05-21,2026
TAX-623-1208,SF/809/4,3659.04,Tamizhelvan,1567.27,2026-06-09,2026
TAX-623-2515,T-783/9B,6829.29,Kalairasan,2090.1,2026-04-25,2026
TAX-623-3127,,3486.89,Manee,1019.97,2026-01-16,2026
TAX-623-3710,SF/90/3B,1059.92,Muthukumaar,6816.36,2025-10-03,2026
TAX-623-9033,SF/817/1C,2957.02,Palani,1385.39,2026-06-06,2026
TAX-623-2198,T-130/1A,8690.4,Muthukumaar,3527.73,2025-08-18,2026
TAX-623-8981,T-981/3,2107.53,Raaman,0.0,2025-11-05,2026
TAX-623-7458,T-932/8C,7988.93,Aarumugam,52822.54,2025-12-31,2026
TAX-623-2597,RS/564/9,6454.69,Naagammal,600.56,2026-05-23,2026
TAX-623-5965,RS/570/9,2898.63,Kumaar,988.68,2026-08-03,2026
TAX-623-6434,T-283/6,2333.19,Balasubramaniam,15139.47,2026-06-05,2026
TAX-623-1021,SF/565/4B,2643.5,Aiyanar,0.0,2026-01-17,2026
TAX-623-6137,T-766/2,746.3,Kamachi,0.0,2025-11-22,2026
TAX-623-5610,T-753/1,2792.65,Raaman,251.29,2025-12-16,2026
TAX-623-6621,SF/382/4,3176.19,Saravannan,481.02,2025-09-09,2026
TAX-623-4557,SF/699/1,7025.19,Thankaraj,3017.18,2025-12-06,2026
TAX-623-6390,T-551/4,1186.67,Velusamy,0.0,2026-03-13,2026
TAX-623-3287,,1028.22,Susila,2415.4,2025-09-04,2026
TAX-623-5007,SF/962/2A,2420.92,Surase,637.36,2026-03-23,2026
TAX-623-5438,RS/977/1A,5777.95,Thankaraj,1467.62,2026-01-14,2026
TAX-623-5180,T-294/5,2704.14,Sanmugam,1076.61,2026-02-21,2026
TAX-623-2469,RS/195/3D,1028.06,Balasubramaniam,507.24,2026-01-30,2026
TAX-623-6797,RS/682/3D,3124.69,Raajaa,0.0,2026-09-07,2026
TAX-623-5544,T-652/1B,3079.66,Chelvam,1206.32,2025-11-19,2026
TAX-623-9656,T-87/7,5914.71,Jayalaxmi,339.89,2026-05-29,2026
TAX-623-4452,SF/374/9,7972.88,Dhinesh,47085.32,2025-09-20,2026
TAX-623-3573,RS/416/1,31971.67,Palani,10849.06,2026-01-27,2026
TAX-623-3971,T-817/5C,14524.69,Tamizhelvan,0.0,2025-09-26,2026
TAX-623-5714,SF/442/4,1743.53,Palani,459.64,2026-02-25,2026
TAX-623-7837,T-940/5B,14923.42,Raaman,6168.92,2026-01-24,2026
TAX-623-6839,RS/865/8,8848.16,Sanmugam,47172.06,2025-11-02,2026
TAX-623-5902,SF/956/5,5426.09,Palani,2054.22,2026-04-21,2026
TAX-623-5078,,17518.85,Kumaar,71845.75,2025-12-31,2026
TAX-623-6789,SF/31/9C,24352.85,Muthukumaar,6542.2,2026-05-27,2026
TAX-623-1008,T-288/6,22155.74,Raajaa,0.0,2025-11-12,2026
TAX-623-7828,SF/116/8,5094.33,Chinnaswamy,35321.7,2025-11-18,2026
TAX-623-4200,RS/464/3B,8154.79,Mutthammal,3821.25,2026-09-02,2026
TAX-623-2687,SF/948/6D,15820.2,Tamizhelvi,7400.47,2026-02-19,2026
TAX-623-7692,SF/38/1,21834.62,Baala,10801.09,2026-02-28,2026
TAX-623-9158,SF/436/1B,7406.42,Muthukumaar,48384.39,2026-09-15,2026
TAX-623-7584,T-89/8,9725.52,Velusamy,35379.76,2026-07-18,2026
TAX-623-2274,SF/929/1B,4760.69,Raajaa,853.12,2025-10-20,2026
TAX-623-1219,RS/848/4,2572.05,Kannen,1142.56,2026-08-17,2026
TAX-623-5217,RS/874/8C,17194.07,Ramaswamy,56763.71,2025-09-15,2026
TAX-623-1589,RS/94/1B,32876.91,Saravannan,0.0,2026-07-04,2026
TAX-623-6509,SF/850/4A,8778.68,Paandi,613.9,2025-09-26,2026
TAX-623-4016,T-574/3C,21397.53,Subramanee,4428.3,2025-12-21,2026
TAX-623-9947,RS/772/5,14767.11,Rajendiran,70082.61,2026-09-13,2026
TAX-623-8974,RS/574/3C,6176.53,Raajaa,0.0,2026-08-01,2026
TAX-623-9748,SF/841/6,11102.9,Jayaram,4589.57,2026-02-17,2026
TAX-623-3318,RS/407/8,39896.74,Aiyanar,17483.07,2025-09-11,2026
TAX-623-1454,T-332/3,8367.49,Maheash,2899.66,2026-06-01,2026
TAX-623-1337,RS/235/8C,39101.64,Chinnaswamy,99858.07,2026-04-30,2026
TAX-623-8212,SF/378/2A,2562.03,Kalaivaani,18420.87,2025-11-13,2026
TAX-623-2648,RS/607/4B,17983.4,Gopee,7887.74,2025-10-31,2026
TAX-623-9181,RS/173/7,10729.21,Raaman,1428.54,2026-01-05,2026
TAX-623-4918,SF/964/4B,8527.18,Susila,0.0,2025-09-13,2026
TAX-623-5027,,11220.88,Tamizhelvan,0.0,2026-05-21,2026
TAX-623-9094,SF/449/7C,1386.73,Jayalaxmi,87.65,2026-09-03,2026
TAX-623-9456,,10930.15,Ramaswamy,1522.77,2026-09-05,2026
TAX-623-7511,SF/646/7,11153.46,Maheash,5480.95,2025-11-28,2026
TAX-623-9887,SF/361/1D,38696.65,Gopee,9778.63,2025-10-24,2026
TAX-623-1310,SF/2/3A,7566.49,Dhinesh,3348.73,2025-08-22,2026
TAX-623-5750,RS/608/8,5337.98,Karuppaswamy,1932.34,2026-09-19,2026
TAX-623-8208,SF/24/7,7795.6,Murughan,152463.07,2026-02-28,2026
TAX-623-9247,SF/986/8A,20208.81,Surase,6790.0,2026-07-16,2026
TAX-623-1991,SF/712/6B,13826.81,Nagrajan,3378.3,2025-10-30,2026
TAX-623-3078,RS/307/4,6891.64,Muthukumaar,2456.89,2026-07-08,2026
TAX-623-4509,RS/358/5A,18438.0,Tamizhelvan,0.0,2026-01-28,2026
TAX-623-6573,RS/627/2A,13440.26,Dhinesh,0.0,2026-07-17,2026
TAX-623-3887,RS/232/5A,21703.6,Rajendiran,10616.75,2026-02-28,2026
TAX-623-2588,T-489/4B,1044.25,Raajaa,8329.11,2025-11-01,2026
TAX-623-4798,SF/991/1D,5411.43,Surase,14424.25,2025-08-23,2026
TAX-623-9568,T-357/4,3363.14,Murughan,11365.81,2025-11-10,2026
TAX-623-6616,SF/310/5B,549.15,Kannen,94.46,2026-02-08,2026
TAX-623-1966,SF/919/6,2945.02,Tamizhelvan,0.0,2026-02-28,2026
TAX-623-8853,,1336.27,Jayaram,9246.75,2025-09-18,2026
TAX-623-7983,SF/968/2,1343.18,Manee,369.0,2026-05-26,2026
TAX-623-2795,SF/304/3,3349.16,Saravannan,1286.4,2026-01-19,2026
TAX-623-5184,SF/272/7,4869.13,Aroon,11785.95,2026-05-14,2026
TAX-623-5345,T-406/9D,5580.05,Chinnaswamy,891.43,2026-08-02,2026
TAX-623-5975,RS/449/5,1208.65,Raajaa,0.0,2026-06-12,2026
TAX-623-9090,RS/970/1,1433.91,Raajaa,244.56,2026-05-10,2026
TAX-623-9513,SF/204/4,2988.31,Marimutthu,0.0,2026-01-08,2026
TAX-623-1529,SF/210/1,5173.53,Kalaivaani,27535.9,2025-08-29,2026
TAX-623-1653,RS/374/1A,1479.78,Paandi,245.32,2026-06-24,2026
TAX-623-1272,SF/178/5C,1746.47,Baala,779.3,2026-08-25,2026
TAX-623-5556,RS/175/4,855.65,Elangovan,0.0,2025-08-26,2026
TAX-623-5295,T-829/1,435.4,Rajeswary,0.0,2026-01-02,2026
TAX-623-1830,T-905/9A,3384.5,Sanmugam,556.31,2025-12-14,2026
TAX-623-2531,RS/109/3,6315.94,Karuppaswamy,0.0,2025-11-30,2026
TAX-623-7781,T-152/6B,1447.15,Raajaa,509.11,2025-12-09,2026
TAX-623-1126,RS/404/9,5265.03,Elangovan,2123.34,2026-02-08,2026
TAX-623-7174,T-788/2D,3283.5,Palani,5798.58,2025-10-10,2026
TAX-623-1152,RS/705/9A,975.04,Chinnaswamy,113.59,2026-09-01,2026
TAX-623-3778,SF/361/2B,3395.95,Vellu,474.65,2026-05-23,2026
TAX-623-2564,SF/146/8A,8137.94,Paandi,61963.57,2025-08-30,2026
TAX-623-4053,RS/181/7C,2044.54,Rajeswary,544.55,2026-09-13,2026
TAX-623-6574,T-2/9D,9122.09,Aroon,2629.17,2026-04-29,2026
TAX-623-4275,T-512/9B,446.69,Sundhar,63.04,2026-09-02,2026
TAX-623-5423,T-701/6,3853.69,Sanmugam,1688.09,2026-01-31,2026
TAX-623-6774,SF/971/6A,2030.25,Ramaswamy,135.45,2026-08-13,2026
TAX-623-6229,SF/18/7,1484.15,Kumaar,0.0,2026-05-18,2026
TAX-623-6836,SF/74/6D,2275.09,Chandraa,118.09,2026-01-21,2026
TAX-623-2694,SF/475/3C,565.48,Elangovan,45.58,2025-10-11,2026
TAX-623-5077,SF/662/9,2380.11,Murughan,6213.76,2026-02-15,2026
TAX-623-8250,SF/839/2,2749.41,Murughan,435.93,2026-06-27,2026
TAX-623-1710,SF/891/7B,5833.31,Dhinesh,82439.25,2026-04-18,2026
TAX-623-4052,RS/313/3D,1525.11,Annamaa,590.77,2026-05-27,2026
TAX-623-8792,RS/251/6B,941.94,Karuppaswamy,7167.95,2025-12-13,2026
TAX-623-4873,T-122/7C,1320.34,Velusamy,352.65,2026-02-07,2026
TAX-623-4038,SF/198/3,3787.54,Periyaswamy,1858.31,2026-01-08,2026
TAX-623-8335,T-940/2,2859.58,Paandi,1198.05,2026-07-06,2026
TAX-623-7811,T-716/4,1184.99,Balasubramaniam,503.15,2026-08-03,2026
TAX-623-2116,SF/357/4C,3191.31,Kumaar,1584.71,2026-05-14,2026
TAX-623-2621,SF/277/4B,2797.11,Kalaivaani,1037.16,2025-10-02,2026
TAX-623-7762,SF/676/1,4753.71,Thankaraj,892.19,2025-11-26,2026
TAX-623-8799,T-625/7C,3544.3,Palani,1360.98,2025-09-13,2026
TAX-623-5677,SF/905/9D,16344.52,Manee,6505.81,2025-11-22,2026
TAX-623-4921,SF/1/2,8471.24,Subramanee,1423.78,2025-09-11,2026
TAX-623-9951,T-877/2B,1230.93,Raajaa,440.44,2026-08-20,2026
TAX-623-1487,SF/651/9B,8680.6,Kanagammal,24736.94,2026-06-13,2026
TAX-623-3044,T-114/6B,4541.57,Muthukumaar,524.81,2026-08-20,2026
TAX-623-3027,SF/734/3C,4300.71,Karuppaswamy,652.01,2026-06-19,2026
TAX-623-3983,T-850/2,9600.11,Kumaar,0.0,2026-02-03,2026
TAX-623-1846,T-280/7C,15519.76,Kumaar,3144.42,2026-07-10,2026
TAX-623-4916,RS/434/5,13362.53,Balasubramaniam,48002.22,2026-05-29,2026
TAX-623-9478,T-697/8,3508.92,Manimagalai,806.53,2026-02-05,2026
TAX-623-4166,T-868/5,5006.22,Chinnaswamy,0.0,2026-05-27,2026
TAX-623-6448,T-828/9,8121.92,Karthick,0.0,2026-05-24,2026
TAX-623-4982,T-656/9D,13184.15,Raaman,6114.51,2026-01-07,2026
TAX-623-8587,RS/41/7A,4823.2,Murughan,0.0,2026-02-22,2026
TAX-623-9289,T-899/9B,5664.97,Vadivellu,2745.02,2025-12-30,2026
TAX-623-3407,T-755/8,2382.36,Vadivellu,38999.36,2026-09-18,2026
TAX-623-6243,RS/938/1,3174.85,Palani,1550.83,2026-09-11,2026
TAX-623-8901,T-365/4,12546.57,Chelvam,1043.66,2026-04-04,2026
TAX-623-6224,T-681/5A,20115.33,Tamizhelvan,2953.01,2026-04-15,2026
TAX-623-4004,SF/438/6C,5693.23,Kalairasan,23890.27,2026-03-07,2026
TAX-623-7747,RS/496/5C,13797.52,Kannen,0.0,2026-07-15,2026
TAX-623-5448,RS/146/3,9721.44,Kumaar,0.0,2026-07-06,2026
TAX-623-5164,RS/242/4C,2745.79,Naagammal,1196.94,2025-12-10,2026
TAX-623-7151,T-805/6,8111.77,Nagrajan,17470.83,2026-08-24,2026
TAX-623-3713,SF/501/2,21355.94,Saravannan,5155.86,2026-05-25,2026
TAX-623-8622,SF/404/3C,6472.67,Balasubramaniam,1083.73,2026-07-23,2026
TAX-623-9619,T-559/4B,21709.66,Palani,0.0,2026-08-14,2026
TAX-623-7308,T-862/6,941.64,Elangovan,6881.63,2026-08-28,2026
TAX-623-2917,T-95/5A,12149.15,Sanmugam,1437.84,2026-06-08,2026
TAX-623-7528,T-750/5,7635.91,Raajaa,1415.77,2026-09-20,2026
TAX-623-2879,RS/868/4,4552.05,Tamizhelvan,1276.62,2025-08-22,2026
TAX-623-1307,SF/705/4,7679.02,Malati,3689.76,2025-10-14,2026
TAX-623-8224,SF/832/9,1387.05,Chinnaswamy,189.96,2026-06-15,2026
TAX-623-2863,T-65/6,5252.02,Subramanee,696.24,2025-10-04,2026
TAX-623-4385,T-885/2,9302.28,Baala,3870.53,2025-09-27,2026
TAX-623-4687,T-955/2,19066.86,Aiyanar,1727.21,2026-04-11,2026
TAX-623-5805,,4523.88,Nagrajan,2144.42,2026-06-28,2026
TAX-623-9536,SF/853/6,3386.97,Sita,9484.61,2025-10-20,2026
TAX-623-4630,T-305/8B,4892.81,Dhinesh,2360.55,2026-01-22,2026
TAX-623-8910,T-357/9,14057.86,Karuppaswamy,0.0,2025-11-08,2026
TAX-623-4487,T-552/2D,8575.91,Marimutthu,0.0,2026-01-15,2026
TAX-623-1874,T-542/5,3821.79,Manee,1636.67,2025-09-29,2026
TAX-623-2314,SF/187/4C,10432.41,Karuppaswamy,69214.68,2025-09-15,2026
TAX-623-5725,RS/855/9,6308.61,Manee,2803.94,2026-02-02,2026
TAX-623-4711,SF/456/8B,14142.48,Manimagalai,2721.31,2026-01-11,2026
TAX-623-7942,RS/92/6C,753.21,Karthick,268.28,2026-01-28,2026
TAX-623-8607,RS/21/2,2575.44,Baala,20531.35,2026-06-13,2026
TAX-623-8903,RS/138/6,1631.99,Kannen,234.03,2026-06-19,2026
TAX-623-8367,T-735/2,301.41,Vadivellu,80.41,2026-01-16,2026
TAX-623-4222,T-815/9A,2161.31,Velusamy,443.23,2026-04-03,2026
TAX-623-6383,RS/582/4,649.96,Jayaram,244.36,2025-09-10,2026
TAX-623-2651,RS/93/6C,767.97,Baala,367.61,2026-03-14,2026
TAX-623-7847,SF/104/7,1886.05,Nagrajan,903.22,2026-09-07,2026
TAX-623-7313,T-432/7A,2176.73,Palani,931.68,2026-08-07,2026
TAX-623-3320,,3294.52,Rajendiran,466.31,2026-05-13,2026
TAX-623-6572,T-894/5A,635.95,Anbalagan,0.0,2026-03-23,2026
TAX-623-6391,RS/220/1,869.23,Subramanee,69.82,2025-12-11,2026
TAX-623-3550,SF/949/1B,1964.34,Chelvam,157.07,2026-09-16,2026
TAX-623-7834,SF/584/3,2839.65,Balasubramaniam,595.01,2025-10-08,2026
TAX-623-4155,RS/115/4D,899.1,Surase,285.21,2026-01-20,2026
TAX-623-7897,SF/658/7D,1014.69,Paandi,4075.99,2025-09-17,2026
TAX-623-4136,SF/208/5,410.66,Surase,65.53,2026-03-28,2026
TAX-623-2448,,508.82,Aiyanar,0.0,2026-08-13,2026
TAX-623-5025,SF/620/1B,1861.09,Tamizhelvi,843.35,2026-05-25,2026
TAX-623-7581,T-131/7,3044.98,Thankaraj,770.45,2026-04-24,2026
TAX-623-5500,SF/275/5,935.51,Chelvi,0.0,2026-01-28,2026
TAX-623-3955,RS/381/4D,2605.1,Chelvam,390.59,2026-06-30,2026
TAX-623-8143,SF/602/9A,1536.7,Anbalagan,504.38,2025-12-17,2026
TAX-623-8588,T-662/4,848.46,Venkata,188.71,2025-08-20,2026
TAX-623-9472,T-391/4,1124.5,Nagrajan,19368.78,2025-10-28,2026
TAX-623-5815,RS/915/7C,3817.33,Raajaa,401.17,2025-10-17,2026
TAX-623-3704,T-989/1,980.06,Raaman,185.88,2026-04-23,2026
TAX-623-7094,SF/112/4B,5014.24,Kalairasan,850.81,2026-04-16,2026
TAX-623-8356,SF/26/5,186.9,Vaalli,1427.46,2026-02-13,2026
TAX-623-3826,T-828/2A,2466.54,Kanagammal,997.31,2025-09-14,2026
TAX-623-5677,RS/301/3,1363.81,Raajaa,243.7,2026-09-03,2026
TAX-623-7194,SF/978/1B,913.61,Elangovan,274.56,2026-04-17,2026
TAX-623-5480,RS/324/2,1373.94,Nagrajan,214.6,2025-11-22,2026
TAX-623-8488,SF/277/6D,209.73,Subramanee,46.91,2026-04-09,2026
TAX-623-5917,RS/979/9B,612.22,Meenachi,227.42,2026-02-18,2026
TAX-623-2882,T-907/7,1461.42,Dhinesh,13101.24,2025-10-13,2026
TAX-623-2201,SF/524/4A,3148.76,Kannen,0.0,2026-06-27,2026
TAX-623-4256,,661.31,Karuppaswamy,193.0,2026-06-28,2026
TAX-623-7390,RS/236/5B,680.31,Aroon,190.14,2026-08-23,2026
TAX-623-3355,SF/68/3,958.54,Paandi,100.36,2026-01-15,2026
TAX-623-5467,SF/3/1,2382.16,Kalaivaani,0.0,2025-11-02,2026
TAX-623-2648,SF/627/1,1445.06,Velusamy,591.03,2026-09-14,2026
TAX-623-8947,T-156/4,639.86,Meenachi,3967.14,2026-03-20,2026
TAX-623-1229,T-815/6,1494.99,Tamizhelvan,737.84,2026-06-22,2026
TAX-623-9037,T-836/9,967.81,Periyaswamy,449.41,2025-12-27,2026
TAX-623-2637,T-904/2,2782.09,Marimutthu,698.8,2025-12-25,2026
TAX-623-1877,SF/652/5D,1402.15,Raajaa,474.09,2025-09-07,2026
TAX-623-2289,RS/385/5,2347.44,Thankaraj,957.81,2026-04-13,2026
TAX-623-5447,SF/274/1D,2413.78,Shiva,0.0,2026-03-12,2026
TAX-623-5719,SF/153/7,492.73,Kannen,0.0,2025-11-08,2026
TAX-623-9092,RS/653/4A,1910.66,Kannen,0.0,2026-06-09,2026
TAX-623-1086,T-429/2C,1350.36,Rajeswary,296.42,2025-12-01,2026
TAX-623-9449,SF/476/3,1394.56,Velusamy,418.67,2026-04-06,2026
TAX-623-5292,SF/92/3,3864.22,Aarumugam,665.36,2025-12-24,2026
TAX-623-9265,RS/770/6,3605.42,Jayaram,10596.34,2025-11-09,2026
TAX-623-8527,T-308/7D,2959.15,Nagrajan,9384.18,2026-03-29,2026
TAX-623-2851,RS/504/3,658.25,Anbalagan,208.77,2025-12-23,2026
TAX-623-2318,SF/768/3D,1176.76,Kumaar,195.22,2026-06-05,2026
TAX-623-2696,SF/980/8A,2141.35,Thankaraj,356.63,2025-12-22,2026
TAX-623-7848,T-164/1C,3710.56,Aiyanar,0.0,2025-12-02,2026
TAX-623-8649,SF/315/1,1417.79,Maheash,372.77,2025-11-02,2026
TAX-623-9239,T-444/5B,1736.8,Raajaa,7034.22,2026-03-19,2026
TAX-623-4886,,940.36,Velusamy,405.61,2026-02-09,2026
TAX-623-9798,SF/315/4,829.87,Manee,206.86,2025-09-20,2026
TAX-623-4738,RS/266/1,3582.68,Vellu,326.86,2025-10-11,2026
TAX-623-7371,,6106.27,Sanmugam,0.0,2026-07-27,2026
TAX-623-7262,RS/146/2C,2352.85,Jayalaxmi,655.89,2026-01-28,2026
TAX-623-7248,SF/92/5,4058.55,Shiva,329.72,2026-07-28,2026
TAX-623-5881,T-102/8D,2007.54,Meenachi,0.0,2026-04-04,2026
TAX-623-7007,RS/701/1C,1226.43,Nagrajan,7665.07,2025-11-15,2026
TAX-623-9501,,1930.51,Aarumugam,598.46,2026-08-28,2026
TAX-623-8405,RS/536/1A,7241.18,Subramanee,27369.67,2026-09-17,2026
TAX-623-9512,T-482/3,1854.06,Thankaraj,14286.97,2026-01-15,2026
TAX-623-7969,SF/549/4A,6486.98,Rajendiran,0.0,2026-01-22,2026
TAX-623-4753,T-16/9,195.38,Raaman,46.63,2025-09-19,2026
TAX-623-8285,SF/818/3,2838.39,Rajendiran,0.0,2025-10-17,2026
TAX-623-2475,RS/266/7C,1704.08,Murughan,479.27,2026-02-21,2026
TAX-623-6872,SF/330/1C,1174.24,Jayalaxmi,215.07,2026-09-21,2026
TAX-623-7289,SF/373/1D,1462.85,Kanagammal,559.8,2025-09-21,2026
TAX-623-6164,SF/592/3,345.82,Paandi,0.0,2026-02-19,2026
TAX-623-3829,SF/834/1,2277.39,Chelvam,650.28,2025-10-18,2026
TAX-623-1899,T-884/6,2797.53,Sanmugam,794.61,2026-05-24,2026
TAX-623-3191,RS/266/3A,6672.9,Aandaal,1287.32,2026-07-28,2026
TAX-623-4835,SF/928/8A,983.52,Kanagammal,5678.37,2026-04-25,2026
TAX-623-3856,,1110.13,Chinnaswamy,110.26,2025-11-19,2026
TAX-623-4163,RS/446/6D,1084.91,Nagrajan,3272.42,2026-09-07,2026
TAX-623-2139,SF/847/9A,4667.51,Meenachi,1989.07,2025-11-18,2026
TAX-623-5715,RS/315/4B,2503.14,Kalairasan,1190.08,2026-02-27,2026
TAX-623-3806,T-177/6,912.19,Chinnaswamy,374.4,2025-11-05,2026
TAX-623-9710,RS/700/4,2489.78,Venkata,970.68,2026-02-14,2026
TAX-623-8582,,1668.14,Subramanee,0.0,2026-01-18,2026
TAX-623-8997,T-403/4,4661.21,Balasubramaniam,2061.33,2026-06-20,2026
TAX-623-1606,T-791/3A,4735.61,Manimagalai,642.65,2025-08-27,2026
TAX-623-6932,T-486/9B,16290.56,Marimutthu,2123.12,2026-01-19,2026
TAX-623-2793,SF/248/9,8125.93,Vellu,4043.53,2025-11-04,2026
TAX-623-2760,SF/724/3,1264.91,Muthukumaar,623.91,2026-09-03,2026
TAX-623-7535,SF/434/3,9472.61,Sanmugam,675.34,2026-06-26,2026
TAX-623-7872,SF/34/6,4479.73,Subramanee,0.0,2026-06-04,2026
TAX-623-8028,T-424/9,3410.68,Venkata,0.0,2025-09-30,2026
TAX-623-6961,SF/944/4D,10926.57,Vellu,4134.23,2025-10-02,2026
TAX-623-5673,SF/424/8,16434.69,Kalaivaani,2610.89,2026-01-20,2026
TAX-623-2469,T-6/9,15001.98,Marimutthu,6435.7,2026-01-30,2026
TAX-623-2757,T-620/4,3659.82,Kumaar,1166.75,2026-05-14,2026
TAX-623-5339,RS/228/6C,5315.2,Kumaar,13673.72,2025-10-02,2026
TAX-623-7095,RS/662/6D,8852.33,Naagammal,3488.3,2026-06-09,2026
TAX-623-1231,T-642/6,10574.74,Elangovan,3018.17,2025-12-15,2026
TAX-623-1838,RS/867/1,4575.38,Thankaraj,0.0,2025-10-13,2026
TAX-623-7367,SF/791/2,6118.77,Kumaar,19716.76,2026-09-11,2026
TAX-623-1910,,2444.73,Tamizhelvi,0.0,2026-06-20,2026
TAX-623-1535,RS/928/6,1958.45,Jayaram,501.57,2026-01-31,2026
TAX-623-5520,T-517/9D,12593.1,Dhinesh,4780.66,2026-05-05,2026
TAX-623-4056,SF/404/3B,19489.66,Aroon,1347.44,2025-11-24,2026
TAX-623-4715,SF/130/5D,5186.37,Vadivellu,363.06,2026-08-01,2026
TAX-623-7192,T-616/3,10764.37,Balasubramaniam,4952.86,2026-05-06,2026
TAX-623-5108,SF/68/1A,9160.82,Maheash,4328.3,2025-10-12,2026
TAX-623-3496,SF/601/3,4041.08,Marimutthu,301.19,2026-04-20,2026
TAX-623-3574,RS/485/6,7906.21,Velusamy,1829.13,2025-11-10,2026
TAX-623-8282,RS/124/8D,24392.55,Kamachi,0.0,2026-02-22,2026
TAX-623-8185,SF/277/1,6479.35,Vadivellu,676.29,2025-11-04,2026
TAX-623-8919,SF/738/3,24559.79,Raaman,6409.57,2026-08-12,2026
TAX-623-5409,T-998/3,794.06,Marimutthu,355.74,2026-07-05,2026
TAX-623-4998,SF/310/9A,12774.13,Palani,820.27,2025-11-14,2026
TAX-623-8769,RS/363/2,7499.58,Karthick,591.15,2025-08-17,2026
TAX-623-1125,SF/905/9,5471.84,Dhinesh,766.04,2025-09-22,2026
TAX-623-5487,RS/717/7C,7774.92,Vadivellu,2606.36,2026-03-16,2026
TAX-623-3829,T-798/3,1177.39,Velusamy,1414.92,2025-12-27,2026
TAX-623-9682,RS/9/2B,6025.65,Manee,27088.97,2026-03-24,2026
TAX-623-5051,RS/194/5,8367.92,Maheash,46163.19,2026-08-18,2026
TAX-623-6757,SF/621/7A,21760.9,Surase,0.0,2026-02-04,2026
TAX-623-4513,SF/986/6A,4235.64,Vasanta,1775.47,2026-04-25,2026
TAX-623-4214,,3851.52,Sumati,0.0,2026-09-20,2026
TAX-623-3384,SF/973/4A,4368.77,Rajeswary,750.72,2025-09-09,2026
TAX-623-7546,RS/410/5A,11259.66,Muthukumaar,3258.62,2026-09-04,2026
TAX-623-3935,RS/11/1B,8394.95,Periyaswamy,1909.54,2026-09-13,2026
TAX-623-5155,SF/690/2,4202.14,Periyaswamy,329.96,2025-11-16,2026
TAX-623-8953,SF/989/7,11372.24,Ramaswamy,66110.94,2026-06-20,2026
TAX-623-7928,SF/471/3A,6899.89,Dhinesh,2755.27,2026-07-01,2026
TAX-623-1980,SF/810/5B,13678.84,Murughan,5624.55,2026-01-31,2026
TAX-623-8938,RS/103/9B,6622.49,Vellu,444.69,2026-08-01,2026
TAX-623-8206,SF/43/3,22637.61,Aroon,0.0,2026-07-11,2026
TAX-623-6078,RS/800/6D,17194.26,Kumaar,1486.83,2025-09-23,2026
TAX-623-1241,RS/792/9,1549.62,Raaman,118.03,2026-01-01,2026
TAX-623-3888,SF/529/7C,12978.38,Surase,20703.68,2026-01-18,2026
TAX-623-5906,RS/241/6D,8033.92,Saravannan,2191.61,2026-03-17,2026
TAX-623-1554,RS/52/5A,3817.5,Vadivellu,20214.6,2025-12-09,2026
TAX-623-1824,RS/53/7C,14842.65,Aarumugam,72161.74,2025-11-02,2026
TAX-623-4721,RS/774/4A,23318.93,Thankaraj,1564.51,2026-08-09,2026
TAX-623-4172,T-765/1,17281.51,Manee,0.0,2026-06-04,2026
TAX-623-3218,SF/715/8C,5006.53,Aandaal,28685.59,2025-12-29,2026
TAX-623-9884,SF/28/7A,5493.88,Periyaswamy,1965.94,2025-10-14,2026
TAX-623-8929,SF/753/3A,12744.88,Paandi,5572.56,2026-06-15,2026
TAX-623-2745,RS/521/9A,24017.47,Ramaswamy,0.0,2026-04-09,2026
TAX-623-3715,T-425/4,7621.76,Nagrajan,2434.78,2026-02-12,2026
TAX-623-4144,T-865/6D,8153.85,Aiyanar,2882.51,2025-12-06,2026
TAX-623-7616,T-433/2B,3418.85,Kannen,992.04,2026-09-05,2026
TAX-623-8289,,3289.44,Shiva,206.76,2025-12-26,2026
TAX-623-5678,,17042.69,Ramaswamy,4982.68,2026-04-18,2026
TAX-623-9857,RS/626/5,31051.53,Manee,147193.48,2025-11-28,2026
TAX-623-8160,,9085.89,Palani,1237.75,2026-09-19,2026
TAX-623-5577,T-349/9A,28632.92,Vaalli,6684.77,2026-04-27,2026
TAX-623-8874,T-795/5C,13470.55,Surase,0.0,2025-08-23,2026
TAX-623-3792,SF/396/7C,6137.49,Vellu,18662.12,2026-02-18,2026
TAX-623-5394,T-674/3D,11800.54,Shiva,3437.95,2026-01-16,2026
TAX-623-9368,,33299.68,Paandi,13161.52,2025-12-07,2026
TAX-623-9530,RS/564/3C,9044.57,Raajaa,0.0,2025-12-25,2026
TAX-623-6406,,33539.77,Sundhar,16604.68,2025-09-18,2026
TAX-623-7499,,1033.32,Anbalagan,0.0,2026-05-26,2026
TAX-623-4592,SF/544/3D,20022.92,Paandi,153278.93,2026-05-15,2026
TAX-623-4973,RS/276/4,10799.93,Thankaraj,2497.15,2025-10-30,2026
TAX-623-6377,RS/922/1,7283.6,Aarumugam,48314.59,2026-07-31,2026
TAX-623-6098,T-93/3,10263.88,Maheash,3927.22,2026-09-20,2026
TAX-623-2484,RS/249/7,2318.43,Velusamy,622.65,2026-03-24,2026
TAX-623-8302,SF/717/9D,10268.5,Periyaswamy,12512.46,2026-05-30,2026
TAX-623-8570,RS/896/8A,10947.9,Velusamy,0.0,2026-07-18,2026
TAX-623-6443,RS/40/7A,33660.62,Aroon,0.0,2025-08-31,2026
TAX-623-1240,RS/581/8D,6182.74,Vellu,1588.08,2026-06-21,2026
TAX-623-7714,SF/985/7B,5192.38,Balasubramaniam,2452.88,2026-02-20,2026
TAX-623-7085,SF/914/6A,7979.04,Tamizhelvan,2205.27,2026-08-18,2026
TAX-623-5936,T-562/4,27250.87,Elangovan,0.0,2026-03-28,2026
TAX-623-9768,RS/538/3,12949.22,Muthukumaar,4972.65,2026-08-05,2026
TAX-623-2471,T-195/2,6157.82,Baala,1219.9,2026-09-13,2026
TAX-623-3316,T-742/2D,13365.33,Shiva,2694.42,2025-12-20,2026
TAX-623-3059,,9825.72,Tamizhelvan,1761.31,2025-10-27,2026
TAX-623-9533,T-446/6D,22681.96,Kannen,7234.89,2026-06-17,2026
TAX-623-5662,SF/240/6D,4977.28,Dhinesh,33609.45,2026-02-03,2026
TAX-623-8337,T-928/7,13717.53,Chelvam,4607.17,2026-04-09,2026
TAX-623-9473,SF/486/6,8004.96,Murughan,0.0,2026-07-14,2026
TAX-623-6364,SF/776/5D,1451.29,Periyaswamy,305.48,2026-09-12,2026
TAX-623-1999,T-199/8C,9077.48,Kumaar,71138.55,2026-03-15,2026
TAX-623-1275,RS/994/6,5138.28,Aroon,721.34,2026-04-02,2026
TAX-623-2964,T-204/9A,3603.88,Raajaa,1429.4,2026-04-15,2026
TAX-623-5024,RS/506/7,10162.01,Maheash,4626.66,2026-05-27,2026
TAX-623-6882,T-858/8A,15251.9,Vellu,4032.56,2026-01-24,2026
TAX-623-1543,T-171/9B,12802.26,Subramanee,4710.32,2026-02-19,2026
TAX-623-7411,,3445.34,Vasanta,642.24,2026-06-02,2026
TAX-623-5800,,3972.88,Paandi,1688.69,2025-08-22,2026
TAX-623-2437,,8487.25,Rajeswary,1590.86,2025-10-16,2026
TAX-623-5063,T-41/4B,15253.13,Kumaar,7168.96,2026-06-05,2026
TAX-623-1023,SF/623/6,5141.03,Sundhar,491.67,2026-04-09,2026
TAX-623-8969,SF/620/8,5193.07,Malati,23525.31,2025-08-30,2026
TAX-623-2000,T-733/2B,3068.19,Periyaswamy,0.0,2026-03-24,2026
TAX-623-9415,RS/388/2,2272.47,Dhinesh,0.0,2026-02-16,2026
TAX-623-3475,SF/115/7,12912.87,Vaalli,2401.21,2025-12-18,2026
TAX-623-5606,RS/744/1D,20683.94,Baala,112088.71,2025-10-08,2026
TAX-623-5382,,6099.34,Manee,35135.62,2025-08-26,2026
TAX-623-6020,SF/768/7,15145.62,Baala,7051.12,2026-03-30,2026
TAX-623-3684,,8213.16,Marimutthu,3917.46,2026-07-07,2026
TAX-623-4855,T-544/2C,3985.13,Raaman,1131.65,2026-05-09,2026
TAX-623-6644,SF/169/1D,8493.32,Malati,558.52,2026-05-13,2026
TAX-623-9709,RS/776/6B,23099.15,Gopee,11142.98,2026-04-07,2026
TAX-623-2999,SF/639/9A,5913.05,Venkata,824.85,2025-11-30,2026
TAX-623-2375,,21347.01,Dhinesh,7477.92,2026-01-06,2026
TAX-623-6811,T-399/6C,961.57,Sita,458.08,2026-08-27,2026
TAX-623-5685,RS/153/2A,11442.01,Velusamy,0.0,2026-06-06,2026
TAX-623-8994,SF/318/9A,8025.59,Thankaraj,57294.69,2026-06-02,2026
TAX-623-4283,RS/819/2,5823.74,Velusamy,2658.56,2025-08-27,2026
TAX-623-2356,T-974/2A,4237.57,Ponnamaal,1565.83,2025-10-09,2026
TAX-623-5296,RS/310/2,1388.64,Shiva,168.65,2025-10-09,2026
TAX-623-1432,SF/100/6C,5365.62,Rajendiran,1129.0,2026-06-06,2026
TAX-623-7989,T-955/9C,8415.44,Tamizhelvan,668.82,2026-02-21,2026
TAX-623-2104,T-507/5C,22214.89,Velusamy,0.0,2026-01-29,2026
TAX-623-9110,T-711/8D,4864.3,Shiva,1302.81,2025-11-08,2026
TAX-623-9657,,3326.44,Chandraa,533.57,2026-07-17,2026
TAX-623-6416,SF/216/7,4642.11,Aiyanar,0.0,2026-06-03,2026
TAX-623-6292,RS/386/3,14792.47,Kumaar,4393.14,2026-09-05,2026
TAX-623-9381,T-1/2A,8256.86,Vadivellu,3283.12,2025-10-17,2026
TAX-623-5325,T-73/9,4846.27,Karthick,7327.24,2025-11-05,2026
TAX-623-6158,T-351/3A,9138.17,Manee,24730.8,2026-07-24,2026
TAX-623-2143,SF/31/1C,6788.96,Vellu,3075.36,2026-04-06,2026
TAX-623-6649,T-798/3,14557.0,Aandaal,0.0,2025-10-23,2026
TAX-623-7547,RS/4/4B,3220.0,Chinnaswamy,351.12,2026-03-26,2026
TAX-623-2896,SF/646/5,12316.46,Ramaswamy,27440.74,2026-05-02,2026
TAX-623-3705,RS/519/3A,7537.08,Kannen,2505.18,2026-07-20,2026
TAX-623-9501,SF/724/7,1396.4,Kumaar,462.19,2026-04-19,2026
TAX-623-1774,T-459/5,6338.5,Velusamy,386.6,2026-02-06,2026
TAX-623-2317,T-497/9C,3483.4,Elangovan,1367.85,2026-01-15,2026
TAX-623-1195,T-636/6D,2953.65,Chinnaswamy,16854.83,2026-07-23,2026
TAX-623-3848,SF/999/5A,7336.97,Thankaraj,927.09,2025-10-30,2026
TAX-623-2945,T-888/2,13038.17,Vadivellu,24920.4,2025-12-21,2026
TAX-623-8141,RS/760/3,10867.71,Parvati,2925.95,2025-09-19,2026
TAX-623-8675,T-473/9C,2738.36,Karuppaswamy,0.0,2026-04-02,2026
TAX-623-2075,T-560/8,3792.59,Kannen,6428.34,2026-05-02,2026
TAX-623-3775,SF/715/5B,6299.36,Nagrajan,0.0,2026-07-02,2026
TAX-623-8192,RS/198/9,11826.98,Surase,2537.86,2026-09-02,2026
TAX-623-3165,T-61/3A,3222.57,Manimagalai,0.0,2025-09-14,2026
TAX-623-9195,T-417/5,4302.5,Baala,913.22,2026-01-12,2026
TAX-623-8198,SF/990/3,2760.45,Jayaram,0.0,2025-10-02,2026
TAX-623-1910,T-877/3,2265.99,Aarumugam,244.37,2026-04-03,2026
TAX-623-2723,RS/267/2D,8791.57,Raajaa,1680.81,2025-11-26,2026
TAX-623-8307,T-437/1B,11148.16,Aroon,0.0,2025-09-07,2026
TAX-623-3444,,4908.83,Marimutthu,62023.4,2026-09-10,2026
TAX-623-6965,T-754/9,14112.08,Gopee,2824.67,2026-07-18,2026
TAX-623-3555,RS/611/8D,6694.32,Elangovan,0.0,2026-01-15,2026
TAX-623-6224,RS/113/4,3315.23,Gopee,1276.63,2025-11-10,2026
TAX-623-8574,RS/770/8,9038.44,Malati,1960.47,2025-08-31,2026
TAX-623-1360,SF/910/6B,15816.91,Saravannan,2611.63,2026-08-05,2026
TAX-623-4571,SF/821/4,3547.96,Kumaar,1513.67,2026-03-10,2026
TAX-623-2576,RS/196/5,20039.57,Ramaswamy,0.0,2026-09-06,2026
TAX-623-5153,T-317/2B,763.15,Vadivellu,5107.58,2026-01-24,2026
TAX-623-1755,T-533/7C,9074.54,Aroon,0.0,2026-06-05,2026
TAX-623-3668,SF/755/6C,6471.02,Saravannan,885.86,2026-05-15,2026
TAX-623-5889,SF/102/8,4410.54,Aiyanar,22546.84,2026-01-29,2026
TAX-623-6501,RS/95/9D,5217.94,Kalairasan,614.02,2026-01-21,2026
TAX-623-9781,RS/577/5A,1006.21,Vaalli,121.4,2026-08-02,2026
TAX-623-6638,SF/670/8,2928.53,Kamachi,1149.03,2025-12-27,2026
TAX-623-5618,T-556/8,7744.67,Saravannan,519.92,2026-03-04,2026
TAX-623-4968,,15600.33,Rajendiran,88646.21,2025-11-21,2026
TAX-623-3220,T-310/6B,3140.14,Kanagammal,784.32,2025-10-29,2026
TAX-623-3133,T-454/7,2210.85,Karthick,118.49,2025-09-05,2026
TAX-623-3544,T-618/1C,2811.35,Raajaa,0.0,2025-09-22,2026
TAX-623-5756,SF/524/3D,10361.37,Annamaa,3200.7,2026-09-20,2026
TAX-623-2417,RS/567/4,6003.16,Balasubramaniam,352.44,2025-11-01,2026
TAX-623-6915,RS/503/6A,3844.77,Balasubramaniam,12020.78,2026-01-16,2026
TAX-623-3702,SF/758/2D,7212.19,Aroon,2574.2,2026-03-15,2026
TAX-623-7573,RS/451/1,5991.55,Gopee,0.0,2026-08-16,2026
TAX-623-8105,RS/270/1,9992.94,Saravannan,3879.55,2025-10-01,2026
TAX-623-3812,RS/872/1,2567.89,Maheash,472.75,2026-09-04,2026
TAX-623-3027,SF/597/8D,12740.7,Vadivellu,4527.08,2025-11-18,2026
TAX-623-5412,RS/422/8B,5714.81,Maheash,1269.16,2026-02-26,2026
TAX-623-7220,,866.08,Periyaswamy,5764.93,2026-02-21,2026
TAX-623-2656,SF/616/3C,7163.33,Karthick,1773.83,2026-08-23,2026
TAX-623-8484,SF/340/9,2906.94,Murughan,363.28,2025-11-17,2026
TAX-623-5756,RS/817/7,2892.06,Venkata,1284.56,2026-06-30,2026
TAX-623-6127,RS/558/5C,4861.29,Rajendiran,846.39,2025-09-22,2026
TAX-623-6510,SF/415/9,6769.15,Paandi,3272.99,2026-05-18,2026
TAX-623-2834,RS/396/1C,9007.5,Maheash,0.0,2026-02-12,2026
TAX-623-5136,T-830/3B,2025.93,Sundhar,947.77,2026-07-25,2026
TAX-623-8810,T-394/3,2899.95,Sundhar,0.0,2026-07-09,2026
TAX-623-4648,RS/976/2,4959.38,Nagrajan,2283.46,2026-05-05,2026
TAX-623-3255,SF/137/4,9952.44,Sarasvati,2858.18,2025-10-22,2026
TAX-623-9845,,2504.24,Periyaswamy,943.71,2026-07-27,2026
TAX-623-9037,RS/65/8,3603.13,Chelvi,825.68,2025-09-28,2026
TAX-623-3927,T-393/4A,1810.3,Nagrajan,460.05,2025-10-19,2026
TAX-623-8415,,2024.11,Kalairasan,143.17,2026-07-17,2026
TAX-623-2729,T-47/1,7366.78,Rajendiran,2751.45,2026-04-28,2026
TAX-623-3436,RS/66/4D,14309.28,Chelvi,0.0,2026-09-14,2026
TAX-623-4362,SF/980/4,4501.39,Subramanee,5138.13,2025-11-26,2026
TAX-623-1419,SF/267/8B,7029.57,Susila,455.32,2025-12-17,2026
TAX-623-8418,RS/293/4A,5878.71,Raaman,1175.08,2026-09-19,2026
TAX-623-1119,SF/741/9A,2877.59,Sanmugam,441.79,2026-06-17,2026
TAX-623-6320,RS/548/7,5565.76,Parvati,1165.85,2026-07-11,2026
TAX-623-7177,RS/309/3,16788.07,Ponnamaal,4053.37,2025-09-01,2026
TAX-623-3072,T-673/4,3814.9,Raajaa,1731.77,2026-07-16,2026
TAX-623-5720,SF/190/4,15270.48,Aroon,5187.79,2026-09-19,2026
TAX-623-5567,,289.32,Abeer Korpal,3624.1,2026-03-08,2026
TAX-623-9727,,197.12,Harita Mangat,8353.14,2025-12-15,2026
TAX-623-3357,,83.62,Frederick Lata,8802.83,2026-03-23,2026
TAX-623-2895,,96.38,Oeshi Patel,1394.64,2026-03-09,2026
TAX-623-7829,,379.79,Max Wagle,7859.38,2026-07-17,2026
TAX-623-6499,,72.57,Vedant Devi,9385.92,2026-01-11,2026
TAX-623-4064,,411.68,Odika Rout,2955.85,2026-03-30,2026
TAX-623-8017,,218.86,Zaitra Pathak,3026.04,2026-08-29,2026
TAX-623-6590,,494.01,Saanvi Dhingra,3869.47,2025-12-06,2026
TAX-623-7729,,62.84,Zansi Boase,2416.39,2025-12-11,2026
TAX-623-8384,,123.78,Hamsini Murty,3266.49,2025-12-26,2026
TAX-623-2553,,284.92,Nitesh Saraf,9467.4,2026-06-13,2026
TAX-623-3537,,329.87,Maya Bansal,8117.66,2026-04-26,2026
TAX-623-1977,,149.81,Dalbir Venkatesh,6612.3,2026-01-29,2026
TAX-623-4515,,395.17,Oni Ratti,3577.91,2026-09-20,2026
TAX-623-2604,,361.51,Dipta Padmanabhan,3317.8,2026-02-05,2026
TAX-623-8643,,119.35,Ati Wable,6614.77,2025-12-07,2026
TAX-623-9354,,490.49,Netra Sehgal,5125.2,2026-07-02,2026
TAX-623-9509,,103.49,Riya Pai,1261.78,2026-06-20,2026
TAX-623-8933,,259.95,Rudra Mitra,6075.72,2026-04-12,2026
TAX-623-5599,,201.24,Balhaar Yogi,2235.6,2026-02-24,2026
TAX-623-4137,,70.22,Madhavi Date,2057.15,2026-03-06,2026
TAX-623-8865,,67.44,Tanay Chander,4308.74,2026-03-14,2026
TAX-623-1360,,304.38,Harini Dutta,4527.05,2026-09-02,2026
TAX-623-6605,,86.83,Ayaan Zacharia,8534.97,2026-02-09,2026
TAX-623-7468,,355.47,Wyatt Modi,5722.02,2026-05-21,2026
TAX-623-1585,,442.18,Yashasvi Choudhry,2187.82,2026-05-02,2026
TAX-623-5734,,416.22,Kashish Lad,9627.85,2026-09-08,2026
TAX-623-3631,,110.68,Jatin Batta,2033.58,2026-07-27,2026
TAX-623-4410,,70.07,Saumya Misra,4762.03,2026-01-03,2026
TAX-623-7380,,410.61,Sudiksha Nori,9751.2,2026-09-08,2026
TAX-623-4914,,244.76,Vivaan Palla,9159.48,2026-07-04,2026
TAX-623-9973,,52.35,Bhavani Dey,2303.95,2026-01-27,2026
TAX-623-5386,,55.53,Zinal Kota,9234.43,2026-05-13,2026
TAX-623-5866,,199.43,Falak Varty,8492.17,2026-08-17,2026
TAX-623-3610,,60.54,Jalsa Sha,6425.87,2026-03-28,2026
TAX-623-5706,,379.88,Manan Sandal,8228.93,2026-08-31,2026
TAX-623-6666,,310.21,Finn Chanda,6539.88,2025-11-27,2026
TAX-623-7361,,131.04,Pavani De,7786.18,2026-04-01,2026
TAX-623-2939,,108.23,Tanish Sehgal,9314.65,2026-06-23,2026
