doc_number,survey_number,registration_date,area_sqft,seller,buyer,sale_value
SRO/TN/31844,SF/31/2,30/04/2024,70696.86,Ojasvi Gill,Vadivellu,657745.44
SRO/TN/24317,T-433/6,18/10/2025,195517.31,Kevin Zacharia,Thangaraj,3696363.8
SRO/TN/72625,SF/748/8B,17/02/2022,117853.08,Yachana Mahajan,Mahalaxmi,1709956.59
SRO/TN/11075,SF/47/4D,12/09/2022,25887.29,Aarini Subramaniam,Shanmugam,336137.02
SRO/TN/85067,RS/364/4C,29/09/2025,109942.26,Hamsini Contractor,Anbazhagan,1624329.8
SRO/TN/63788,RS/948/9,27/07/2024,61521.93,Faqid Dhaliwal,Pazhani,1343460.97
SRO/TN/88325,SF/936/6,19/04/2026,49228.05,Mekhala Pau,Kalaivani,52716601.73
SRO/TN/76971,RS/765/7B,05/09/2023,144334.43,Megha Atwal,Pazhani,0.0
SRO/TN/20913,T-164/7B,31/10/2025,215619.32,Jatin Sha,Sarasvati,0.0
SRO/TN/88365,T-907/9D,29/01/2026,183982.07,Adweta Raj,Raman,0.0
SRO/TN/85683,SF/520/2D,05/06/2022,42277.69,Hritik Kaur,Rajendran,771821.68
SRO/TN/21212,T-941/1B,15/04/2022,70483.31,Aryan Narang,Kumar,696714.2
SRO/TN/54335,T-498/2D,28/02/2026,107407.04,Dev Shetty,Mahesh,0.0
SRO/TN/18924,T-666/6A,01/06/2024,201500.32,Nilima Dada,Arumugam,222182081.29
SRO/TN/82984,SF/73/1,28/05/2025,57507.54,Chakradev Barad,Seetha,629377.61
SRO/TN/69159,T-958/8,04/12/2025,77165.11,Waida D’Alia,Karuppasamy,963330.3
SRO/TN/70294,T-56/2,22/10/2021,37606.7,Wahab Yogi,Periyasamy,450878.11
SRO/TN/83811,RS/474/4D,25/08/2025,30183.48,Lipika Setty,Marimuthu,0.0
SRO/TN/83497,SF/171/7A,26/02/2026,188426.59,Oni Dubey,Seetha,0.0
SRO/TN/21369,RS/293/7C,21/04/2022,256439.05,Hardik Suri,Valli,0.0
SRO/TN/96795,RS/59/1B,27/06/2022,82423.06,Ati Bali,Dinesh,5022531.17
SRO/TN/78792,T-883/4A,16/04/2026,195784.58,Teerth Sawhney,Venkat,1450883.34
SRO/TN/64197,T-324/5,24/06/2023,117920.89,Warinder Patil,Thangaraj,859947.79
SRO/TN/18715,SF/10/8B,10/06/2022,45809.22,Jhalak Parmer,Muthukumar,779077.41
SRO/TN/33545,RS/292/3A,06/05/2025,120124.16,Mitali Majumdar,Jeyaram,918961.82
SRO/TN/65439,T-160/5,02/07/2022,291766.17,Jason Sha,Raman,3485281.32
SRO/TN/80766,SF/95/7D,26/11/2021,82707.65,Simon Bail,Karuppasamy,1359986.17
SRO/TN/66167,T-10/2,22/04/2024,321414.36,Gauri Kohli,Marimuthu,405483126.71
SRO/TN/32321,SF/316/6D,14/12/2025,9521.1,Samesh Biswas,Subramani,74654.96
SRO/TN/69186,SF/948/4D,13/06/2022,176215.48,Tarak Kaul,Jeyaram,1762906.95
SRO/TN/49578,T-885/4,20/05/2024,97251.08,Manbir Agate,Gopi,2205584.11
SRO/TN/39613,RS/313/4,17/02/2024,77335.39,Maanav De,Arun,517335.89
SRO/TN/73901,SF/899/5,12/07/2026,93335.71,Owen Choudhary,Suresh,644774.19
SRO/TN/81259,SF/395/4,09/11/2023,18271.94,Karan Aurora,Bala,299243.05
SRO/TN/33785,RS/680/2C,23/03/2023,72400.57,Wazir Naik,Aroon,1468387.41
SRO/TN/54512,T-963/7C,05/05/2024,129815.97,Owen Lanka,Subramani,249811953.03
SRO/TN/20791,T-622/6A,03/04/2024,277983.96,Jonathan Sama,Mahesh,4664570.76
SRO/TN/59893,SF/689/5,23/02/2026,57954.34,Devansh Soni,Kumar,542891.63
SRO/TN/99667,T-705/1D,06/11/2025,49679.81,Janaki Varghese,Velu,770080.61
SRO/TN/91359,SF/940/2A,14/07/2023,64416.24,Siya Thakur,Arumugam,45009732.85
SRO/TN/86866,T-437/9A,01/09/2022,180132.68,Caleb Verma,Marimuthu,2461647.8
SRO/TN/76484,T-497/4,06/05/2022,121007.01,Tara Balasubramanian,Anbazhagan,1504259.46
SRO/TN/52717,RS/711/3C,05/06/2025,48620.32,Varenya Ratti,Mani,587499.24
SRO/TN/55972,T-969/1D,29/04/2022,139257.53,Hritik Swaminathan,Vasantha,968657.21
SRO/TN/57225,SF/280/7A,08/12/2023,83039.4,Ethan Buch,Nagarajan,2633286.57
SRO/TN/53033,T-28/7B,05/03/2023,193360.33,Manbir Bhatti,Muthukumar,311134034.78
SRO/TN/65838,SF/466/6,26/10/2024,43387.67,Anvi Nair,Siva,900859.76
SRO/TN/59391,SF/666/2D,05/10/2024,115143.16,Chaitaly Setty,Mani,170016069.49
SRO/TN/16568,RS/686/2B,23/12/2025,82986.87,Hardik Contractor,Ramasamy,2639437.57
SRO/TN/25771,RS/111/1,29/09/2025,17695.64,Qushi Seth,Pandi,150653.14
SRO/TN/12919,T-802/1,10/03/2022,67258.98,Odika Nori,Ilangovan,601502.95
SRO/TN/79666,RS/984/6C,06/02/2026,41346.29,Mohini Sagar,Nagammal,552895.09
SRO/TN/93237,T-794/8A,26/02/2022,29317.53,Dhriti Sane,Kalaiarasan,910808.61
SRO/TN/29842,RS/345/1A,05/12/2022,73784.38,Aadhya Prasad,Manee,1309172.92
SRO/TN/32227,SF/248/7A,07/08/2025,128355.63,Urvi Bhavsar,Balasubramanian,983240.54
SRO/TN/54513,RS/485/9B,16/06/2023,132546.23,Frederick Chander,Sundar,1697307.82
SRO/TN/81045,T-198/6,21/12/2025,26974.23,Gopal Pradhan,Mahesh,224138.62
SRO/TN/93854,T-612/5,18/06/2022,42459.39,Darpan Narayan,Suresh,82830554.28
SRO/TN/73160,T-300/3C,07/05/2026,67654.66,Nirja Pandya,Kannan,442533.48
SRO/TN/99863,RS/964/8,04/06/2026,106975.08,Charan Mani,Marimuthu,0.0
SRO/TN/82040,SF/255/2B,28/12/2024,36344.95,Indira Chawla,Kamakshi,401634.61
SRO/TN/86437,T-440/5B,26/12/2024,54366.41,Mohammed Subramaniam,Marimutthu,74322029.54
SRO/TN/33176,T-482/5,31/10/2022,24730.81,Hritik Palla,Karthik,55838977.25
SRO/TN/39625,T-678/4A,23/02/2023,22517.33,Ishwar Mallick,Rajendran,20678690.66
SRO/TN/25577,T-767/5A,26/12/2024,92497.21,Pushti Bal,Siva,1157313.6
SRO/TN/49587,T-602/1D,25/11/2022,161516.95,Ayush Gole,Karuppasamy,140703048.3
SRO/TN/95210,RS/993/2A,15/02/2022,51602.35,Dayamai Nori,Kalaiarasan,719240.5
SRO/TN/60774,RS/259/6,25/03/2026,121682.01,Abeer Golla,Karuppasamy,375856267.86
SRO/TN/20762,SF/274/9,08/06/2026,75466.67,Nandini Boase,Vadivel,1345627.9
SRO/TN/12488,SF/319/9,02/09/2022,31661.69,Azaan Chand,Balasubramanian,28776535.53
SRO/TN/80429,RS/565/3A,30/04/2025,76444.46,Krisha Saini,Pandi,0.0
SRO/TN/53006,RS/957/9,02/05/2024,200589.15,Harita Dugar,Andal,232531549.06
SRO/TN/19002,T-496/6,09/03/2024,45132.71,Devika Nair,Karuppasamy,537013.35
SRO/TN/21173,RS/45/6C,26/05/2025,188093.45,Charles Dugal,Pazhani,2205896.75
SRO/TN/27219,RS/103/9A,26/10/2021,8204.57,Chandran Bumb,Kalaiarasan,94748.36
SRO/TN/38489,T-736/8D,03/12/2024,93860.78,Saanvi Samra,Manimegalai,0.0
SRO/TN/18239,SF/455/3C,22/09/2022,60308.84,Riya Sachdeva,Saravanan,311282.09
SRO/TN/79349,RS/580/3,16/09/2023,51375.56,Tanveer Vala,Periyasamy,385335.57
SRO/TN/25462,SF/921/8,18/12/2022,55887.14,Hemani Sani,Ilangovan,790235.82
SRO/TN/92006,RS/468/5,28/10/2022,12189.04,Bhanumati Sur,Anbazhagan,167904.24
SRO/TN/72499,SF/850/7,25/01/2025,46943.31,Chakradev Kannan,Dinesh,1580870.88
SRO/TN/95750,T-774/3C,20/04/2025,85953.29,Christopher Amble,Karuppasamy,135659072.54
SRO/TN/28796,SF/206/3D,23/05/2024,177426.1,Charvi Kakar,Mahalakshmi,902109.02
SRO/TN/75192,SF/773/4D,20/04/2026,33333.86,Aadhya Mann,Rajendiran,269064.47
SRO/TN/86552,T-767/5B,22/08/2024,31341.03,Jagdish Amble,Mani,303490.57
SRO/TN/42524,T-844/8C,26/04/2026,34094.65,Qushi Gill,Ramasamy,730262.18
SRO/TN/29400,T-159/7C,01/07/2022,82395.82,Lajita Walia,Karuppaswamy,416346.91
SRO/TN/21494,RS/63/7,04/02/2023,76066.11,Xiti Pandya,Mahalakshmi,955839.49
SRO/TN/19626,SF/806/6,14/07/2026,30877.0,Mekhala Basak,Kalaiarasan,0.0
SRO/TN/68448,T-3/5D,18/04/2022,84285.21,Anirudh Sharaf,Ilangovan,645407.94
SRO/TN/92408,SF/272/1,17/08/2026,57624.43,Dhriti Sanghvi,Lakshmi,1071349.76
SRO/TN/37042,T-227/1C,10/02/2024,133663.2,Omisha Mann,Chinnaswamy,124639013.33
SRO/TN/50686,RS/437/2A,23/11/2021,67053.61,Nidhi Bail,Siva,1490120.18
SRO/TN/57903,T-562/6A,03/03/2023,202892.41,Onveer Sharma,Kannan,0.0
SRO/TN/29085,T-899/9C,01/01/2023,136137.5,Gaurang Sarkar,Kamala,1594306.8
SRO/TN/26977,RS/438/6C,09/02/2026,25631.0,Yagnesh Sarin,Veluchami,0.0
SRO/TN/58962,T-757/6D,07/03/2026,139052.37,Farhan Randhawa,Parvathi,112104913.99
SRO/TN/85814,RS/889/1,27/12/2022,71285.0,Harinakshi Kant,Thangaraj,0.0
SRO/TN/51038,T-377/2D,02/10/2024,61206.44,Om Bose,Saravanan,575174.03
SRO/TN/33937,T-27/5,23/01/2023,158588.31,Yashvi Hari,Ramaswamy,818632.04
SRO/TN/77658,SF/146/1,06/06/2024,226340.92,Indali Divan,Kamachi,3752969.97
SRO/TN/96796,T-87/1,20/06/2023,180843.85,Harshil Dhingra,Bala,1302400.81
SRO/TN/80603,RS/221/9,14/05/2024,46641.16,Rudra Ghose,Karuppasamy,132205197.09
SRO/TN/36013,T-57/1,29/06/2024,73874.26,Faqid Goel,Mahesh,41765116.56
SRO/TN/11777,SF/133/7B,18/04/2024,164620.18,Ucchal Sen,Raaman,1527272.93
SRO/TN/52719,RS/588/7C,24/06/2023,238174.11,Diya Dora,Padma,0.0
SRO/TN/32524,T-81/7D,12/06/2024,65851.6,Ekansh Singh,Ramasamy,1302565.58
SRO/TN/47911,RS/360/3,10/08/2025,84423.74,Chavvi Maharaj,Paandi,1688714.01
SRO/TN/79669,T-506/8D,11/05/2022,28541.56,Indira Tripathi,Vellu,306338.47
SRO/TN/12391,RS/453/5D,13/04/2026,31065.26,Dayita Shenoy,Ramasamy,52113129.26
SRO/TN/10252,SF/661/2B,05/02/2025,224890.7,Baljiwan Bhandari,Siva,2564533.8
SRO/TN/93214,RS/106/6C,01/05/2026,283112.42,Bhavini Bose,Murugan,4455029.57
SRO/TN/38417,RS/794/6C,18/07/2024,88482.81,Yashica Rajagopalan,Arumugam,1569010.41
SRO/TN/87166,T-873/3,07/04/2025,204967.69,Benjamin Sengupta,Sushila,2084175.62
SRO/TN/58752,SF/318/9A,11/09/2022,125911.58,Ekanta Soni,Velusamy,0.0
SRO/TN/34026,RS/185/4,26/08/2024,56089.82,David Seshadri,Aarumugam,1182087.09
SRO/TN/18368,T-856/9,22/05/2022,122268.65,Hemal Chad,Manimegalai,1463064.36
SRO/TN/49318,T-829/3C,26/04/2022,344324.03,Balveer Kota,Venkat,2073394.04
SRO/TN/91365,RS/240/9,14/04/2022,82116.07,Reva Viswanathan,Dhinesh,104589428.33
SRO/TN/53991,T-429/3D,29/10/2023,340737.28,Januja Pradhan,Tamilselvan,3995877.99
SRO/TN/13843,T-867/9D,27/01/2026,13178.78,Lila Rege,Shanmugam,0.0
SRO/TN/59338,T-867/9D,13/02/2026,13178.78,Shanmugam,Charles Natt,0.0
SRO/TN/37411,RS/906/6,07/06/2025,183825.67,Forum Chandra,Periyasamy,4026024.38
SRO/TN/39708,T-666/6D,11/02/2026,117956.95,Bhanumati Krishnan,Karuppasamy,1868932.78
SRO/TN/53929,SF/20/5,25/08/2026,72384.21,Gauri Bumb,Aiyanar,0.0
SRO/TN/65506,SF/245/7C,21/12/2025,107200.48,Inaya Mukherjee,Aarumugam,245609231.3
SRO/TN/76964,SF/245/7C,22/01/2026,107200.48,Aarumugam,Kai Chad,272054578.56
SRO/TN/92191,SF/681/2B,06/05/2024,29062.53,Krisha Narasimhan,Sundar,454760.06
SRO/TN/73070,RS/45/7,25/10/2021,74857.33,Girik Sampath,Subramani,528289.75
SRO/TN/16643,T-775/6,29/05/2023,91084.01,Andrew Patil,Anbazhagan,132380944.35
SRO/TN/98115,T-187/3,02/01/2024,280462.03,Pranit Kala,Muthukumar,2023321477.83
SRO/TN/66297,T-408/9A,03/12/2024,53644.16,Vedika Handa,Murugan,1229128.03
SRO/TN/73296,RS/448/7C,28/12/2025,52066.17,Laksh Dubey,Kalaiarasan,704746.44
SRO/TN/19715,RS/821/2C,01/10/2023,77634.31,Chakrika Chaudhuri,Sanmugam,532673.83
SRO/TN/25265,RS/314/8B,24/12/2022,219119.31,Gayathri Deep,Selvam,0.0
SRO/TN/21894,RS/655/1,27/03/2024,128165.0,Mitesh Gaba,Jeyaram,846684.04
SRO/TN/67293,SF/798/6,16/04/2026,74653.14,Noah Sarma,Sundar,1648969.22
SRO/TN/60963,RS/666/5,18/06/2024,141481.35,Nirja Patla,Shanmugam,2166624.44
SRO/TN/83525,T-457/4B,26/03/2025,107525.33,Sachi Mane,Pandi,669753.15
SRO/TN/82332,RS/90/6C,04/09/2022,228998.85,Vivaan Walla,Marimuthu,1190360.04
SRO/TN/39865,SF/243/8,19/07/2025,144465.1,Dayamai Singh,Anbazhagan,778516.08
SRO/TN/12598,T-76/8A,28/11/2024,507463.42,Jhalak Sastry,Subramani,5518471.02
SRO/TN/10904,SF/531/3,09/05/2026,250142.6,Baghyawati Raja,Venkat,0.0
SRO/TN/57603,SF/651/9,08/04/2025,37547.93,Neel Iyengar,Dinesh,59932366.19
SRO/TN/56618,T-738/6D,20/12/2022,263601.99,Zashil Ben,Ilangovan,4062289.91
SRO/TN/33908,T-738/6D,28/01/2023,263601.99,Ilangovan,Kamya Chauhan,5118294.7
SRO/TN/99440,T-427/1A,17/06/2025,144474.25,Bhavani Chacko,Tamilselvan,0.0
SRO/TN/95030,T-62/3A,12/04/2026,149987.63,Anjali Sengupta,Veluchami,4385447.63
SRO/TN/25880,RS/999/7,05/11/2021,333009.13,Rajeshri Chand,Bala,6697635.5
SRO/TN/70209,SF/298/7D,06/03/2026,385694.65,Shravya Palla,Karuppasamy,7167494.3
SRO/TN/46654,SF/511/9A,18/08/2025,475492.81,Oeshi Bera,Tamilselvan,0.0
SRO/TN/23958,T-9/2A,02/02/2025,124450.6,Yadavi Prakash,Pazhani,1427669.81
SRO/TN/29362,T-9/2A,17/03/2025,124450.6,Pazhani,Libni Bumb,2036126.16
SRO/TN/75800,RS/567/5,27/07/2025,140789.34,Udarsh Bala,Raja,4471570.85
SRO/TN/69167,T-962/6D,14/10/2024,262028.63,Hardik Nayak,Ramasamy,5986912.69
SRO/TN/53780,T-468/3B,04/01/2024,407530.62,Laksh Barad,Kamala,4465527.32
SRO/TN/47826,T-468/3B,25/02/2024,407530.62,Kamala,Urmi Dewan,6010164.07
SRO/TN/77102,T-345/9D,09/01/2025,138530.42,Saumya Ahluwalia,Ramasamy,0.0
SRO/TN/54787,T-345/9D,06/02/2025,138530.42,Ramasamy,Anirudh Kunda,0.0
SRO/TN/18314,T-316/1B,20/05/2024,184440.93,Mason Wable,Kalaivani,2943614.25
SRO/TN/91058,RS/152/4,19/05/2022,80357.57,Indrajit Mani,Siva,47416628.05
SRO/TN/26302,T-794/8D,20/05/2024,69307.46,Charvi Dara,Thangaraj,1110281.54
SRO/TN/39112,SF/471/9,25/11/2024,433576.89,William Saini,Ayyanar,249506069.24
SRO/TN/44754,SF/965/5D,05/01/2025,526206.92,Dev Choudhry,Rajendran,0.0
SRO/TN/91561,T-557/7A,10/06/2023,213992.9,Amol Varma,Suresh,231950573.94
SRO/TN/98470,T-263/8,27/03/2024,438856.26,Maanas Manne,Mani,2929861689.16
SRO/TN/48005,SF/654/4,05/09/2023,295873.24,Aarav Pandit,Jayalakshmi,0.0
SRO/TN/92957,RS/667/4D,08/01/2024,109739.9,Omaja Grover,Seetha,1674435.89
SRO/TN/59760,RS/807/8,26/06/2026,250839.13,Jalsa Bir,Annamma,4957115.42
SRO/TN/54745,T-537/8,27/01/2023,732017.32,Madhavi Singhal,Annamma,0.0
SRO/TN/67064,SF/15/6D,22/08/2022,141846.24,Lila Prakash,Muthukumaar,1817319.83
SRO/TN/26156,RS/89/7C,25/10/2023,763553.82,Amol Parikh,Veluchami,4705238.29
SRO/TN/13603,T-242/1C,06/09/2024,40551.16,Hemani Khosla,Valli,196889.19
SRO/TN/84114,RS/377/4,20/02/2023,373438.33,Gaurangi Deol,Mahesh,9959824.36
SRO/TN/37394,T-458/9C,18/03/2026,219635.98,Indira Nigam,Subramani,4108574.35
SRO/TN/42336,SF/697/4C,13/03/2024,168727.25,Ucchal Srinivas,Arun,3409732.63
SRO/TN/72293,RS/741/1A,22/02/2022,195755.73,Krishna Bhatnagar,Chinnasamy,2471289.5
SRO/TN/41844,SF/957/8,08/05/2026,42583.17,Balhaar Memon,Velu,814976.93
SRO/TN/35113,RS/891/7A,02/07/2024,135150.02,Caleb Iyengar,Thangaraj,1390431.31
SRO/TN/34841,RS/542/3C,06/09/2023,282026.24,Diya Mukherjee,Pandi,0.0
SRO/TN/78939,T-784/2,25/09/2021,735313.12,Urvashi Kulkarni,Vadivel,1137221260.41
SRO/TN/12804,SF/251/1A,07/10/2022,139177.33,Rayaan Mangal,Malathi,119726088.56
SRO/TN/94225,T-839/6,10/05/2023,108209.81,Champak Narula,Dinesh,210825600.43
SRO/TN/72373,T-934/3C,29/04/2023,135465.94,Jeet Pillai,Siva,89694341.21
SRO/TN/53703,T-427/7,15/11/2024,424186.14,Mugdha Sarraf,Nagarajan,2670746.17
SRO/TN/99044,T-427/7,14/01/2025,424186.14,Nagarajan,Harinakshi Grover,3358877.96
SRO/TN/13751,T-423/7B,30/04/2026,255139.74,Widisha Pillai,Raja,6690037.63
SRO/TN/70121,T-742/4,25/08/2026,139076.58,Fitan Samra,Tejas Selvam,1526635.25
SRO/TN/47343,RS/980/1,01/09/2026,271615.93,Qushi Gole,Viraj Selvam,5601602.75
SRO/TN/23964,T-368/5,14/08/2026,238001.56,Ekani Chauhan,Yashasvi Selvam,1607029.94
SRO/TN/96636,SF/760/3,30/08/2026,417044.4,Falak Merchant,Avi Selvam,9160067.47
SRO/TN/36594,SF/512/9C,14/08/2026,33968.61,Sanaya Sandhu,Rushil Selvam,486397.95
SRO/TN/12066,RS/174/3C,21/08/2026,113497.68,Sachi Panchal,Oni Selvam,135581543.94
SRO/TN/68390,SF/10/4B,26/08/2026,65539.45,Brijesh Pandit,Thomas Selvam,0.0
SRO/TN/65010,SF/515/7D,05/09/2026,8677.43,Anvi Bhandari,Saumya Selvam,185083.22
SRO/TN/39539,RS/274/7,27/01/2022,64126.15,Nidra Patla,Ramasamy,0.0
SRO/TN/10123,SF/720/3,04/02/2023,37417.79,Azaan Dhar,Mani,532544.95
SRO/TN/39864,SF/217/8,06/06/2026,27857.08,Bakhshi Date,Selvam,38508661.83
SRO/TN/64830,SF/771/7,24/05/2023,82642.1,Warinder Peri,Murugan,0.0
SRO/TN/30704,T-81/9C,19/10/2022,104000.37,Leela Bali,Vadivellu,574761.31
SRO/TN/29000,RS/503/4,07/03/2025,116570.35,Shivani Prabhakar,Ramasamy,2364255.31
SRO/TN/18479,T-76/2,17/04/2025,28210.67,Sachi Bose,Ramasamy,469162.85
SRO/TN/68206,SF/136/2,02/03/2025,38198.71,Jeevika Rao,Chelvam,2173389.5
SRO/TN/55335,RS/885/7,21/04/2023,54365.23,Arya Krish,Seetha,767625.71
SRO/TN/56499,SF/446/5A,22/04/2026,120147.41,Atharv Grewal,Pazhani,1764910.61
SRO/TN/45504,RS/824/6A,03/03/2023,38315.29,Zarna Ram,Karuppasamy,1842481.98
SRO/TN/15864,T-503/4,27/10/2022,41392.58,Adweta Lad,Kalaivani,0.0
SRO/TN/55003,T-787/9,16/09/2025,22033.6,Tanish Mangal,Ilangovan,346428.77
SRO/TN/52963,RS/690/8,20/03/2022,15080.87,Ryan Das,Velu,9325945.36
SRO/TN/50701,T-429/9,04/11/2023,108537.14,Ethan Seth,Velu,179962377.39
SRO/TN/95506,T-681/6,14/04/2025,140316.59,Sai Chahal,Mani,0.0
SRO/TN/73020,T-765/9B,05/06/2025,57040.92,Idika Bhattacharyya,Gopee,0.0
SRO/TN/16763,RS/26/8,31/10/2025,117046.22,Charita Dugar,Ilangovan,2693019.41
SRO/TN/35321,RS/100/8C,01/10/2024,74585.97,Janaki Trivedi,Jayaram,2850693.93
SRO/TN/52251,SF/529/3B,23/07/2022,32699.87,Jairaj Iyer,Kalaivani,636770.06
SRO/TN/95900,RS/406/1C,31/12/2022,62227.07,Warjas Tak,Venkat,0.0
SRO/TN/69554,SF/592/2D,19/09/2022,176066.83,Jalsa Pillay,Karthik,3729472.98
SRO/TN/81005,RS/612/7B,08/02/2023,47550.5,Kai Chadha,Karuppasamy,485296.38
SRO/TN/35101,SF/689/3,20/05/2023,184728.22,Dayamai Rao,Mahesh,6283769.83
SRO/TN/32330,T-711/3B,01/02/2023,5567.41,Nirja Rout,Thangaraj,62702.62
SRO/TN/13866,T-669/8A,11/07/2023,90215.15,Jeremiah Nadig,Jayaram,2517817.46
SRO/TN/33916,RS/34/5,16/06/2025,59236.54,Shivani Shukla,Lakshmi,0.0
SRO/TN/37226,RS/556/1D,16/01/2022,41167.29,Kabir Gopal,Subramani,684328.31
SRO/TN/89557,RS/270/6D,01/07/2026,51549.39,Rachita Thakkar,Palani,0.0
SRO/TN/14562,T-143/4D,09/10/2025,11515.54,Jeet Vasa,Ilangovan,0.0
SRO/TN/59702,RS/587/5D,07/01/2025,42219.24,Daksha Gala,Bala,439701.01
SRO/TN/81426,T-130/3,03/02/2025,81013.52,Ekantika Kar,Thangaraj,342004566.51
SRO/TN/88273,T-814/2A,01/04/2026,156655.76,Zilmil Mander,Raja,3469237.05
SRO/TN/26192,T-96/8C,29/10/2021,30732.12,Zashil Hegde,Bala,0.0
SRO/TN/71780,RS/331/5,30/11/2023,25124.88,Jeremiah Mitter,Periyasamy,242149.81
SRO/TN/49729,SF/452/8,04/11/2021,41286.88,Yadavi Ganguly,Siva,0.0
SRO/TN/13384,SF/54/7C,18/01/2023,109782.42,Onveer Nazareth,Mahesh,0.0
SRO/TN/15608,RS/10/1C,08/11/2022,67355.21,Ayush Bumb,Raman,1426628.51
SRO/TN/55639,RS/141/7D,17/08/2024,37110.81,Alka Kade,Saravanan,0.0
SRO/TN/21798,T-767/3A,19/06/2025,70997.5,Azaan Tank,Annamma,377850.17
SRO/TN/48907,SF/284/2,22/11/2025,53772.78,Chasmum Subramanian,Pandi,978032.85
SRO/TN/52138,T-56/4A,30/12/2024,107819.73,Nidra Mishra,Maheash,625842.46
SRO/TN/63157,SF/397/7,05/12/2024,39428.92,Elijah Bhasin,Raman,870587.51
SRO/TN/96334,T-514/7A,16/02/2023,106170.91,Ria Sagar,Annamaa,1923078.19
SRO/TN/68720,SF/550/6A,02/07/2025,71355.83,Ucchal Jani,Mahesh,368149.46
SRO/TN/31686,SF/60/4,14/12/2021,14383.58,Maanas Munshi,Periyasamy,162396.39
SRO/TN/86597,SF/719/1,24/09/2022,53134.7,Hemani Rastogi,Venkat,1159063.06
SRO/TN/97457,SF/344/7,10/01/2026,35137.24,Kamala Varma,Shanmugam,489500.53
SRO/TN/39081,T-171/6,03/11/2023,23294.8,Eiravati Khurana,Chinnasamy,0.0
SRO/TN/54345,RS/393/3,25/01/2024,86345.96,Jason Loke,Chinnaswamy,1775878.08
SRO/TN/79053,SF/184/4D,03/12/2022,94904.23,Yug Dhaliwal,Thangaraj,1625910.91
SRO/TN/46927,T-804/5C,13/01/2025,68271.87,Chandresh Mannan,Mahesh,1364998.0
SRO/TN/62433,T-804/5C,19/02/2025,68271.87,Mahesh,Omya Kothari,1870985.4
SRO/TN/71360,SF/155/1A,02/08/2023,15832.62,Falak Munshi,Arun,147631.63
SRO/TN/48375,SF/430/8,07/09/2023,27580.99,Nathaniel Tara,Kalaivani,442345.07
SRO/TN/42356,RS/998/2B,04/08/2024,61411.06,Wishi Morar,Arumugam,3085953.83
SRO/TN/27058,SF/299/5D,25/12/2025,132157.01,Arin Chana,Periyasamy,675107387.81
SRO/TN/86176,SF/160/2,28/05/2023,26933.11,Yashasvi Shankar,Suresh,15094844.73
SRO/TN/21928,SF/93/3D,28/03/2025,28717.65,Tanveer Pandit,Marimuthu,380206.82
SRO/TN/53670,SF/992/6A,23/09/2022,14014.17,Chandresh Manda,Bala,25939656.96
SRO/TN/58923,SF/134/4D,01/05/2026,10286.63,Upma Mangal,Vaalli,115932.31
SRO/TN/62839,SF/925/8D,22/04/2026,78880.23,Hritik Sankar,Velu,0.0
SRO/TN/61916,RS/842/7A,05/06/2023,120864.28,Aishani Pau,Ponnammal,778680071.39
SRO/TN/51086,SF/629/4C,13/11/2025,38591.49,Jasmit Bath,Surase,305031.83
SRO/TN/54693,T-256/9D,23/01/2023,86577.82,Charan Hayer,Kannen,948549.64
SRO/TN/64093,RS/398/5,14/11/2023,77031.31,Bhavya Borah,Jayaram,67354389.76
SRO/TN/41148,SF/673/4,23/02/2026,24568.92,Yamini Seshadri,Aiyanar,354949.53
SRO/TN/39280,SF/181/4B,19/12/2021,79614.33,Jagat Dave,Tamilselvan,95344667.12
SRO/TN/72435,SF/577/4D,08/07/2023,160224.53,Meera Prakash,Jeyaram,1414958.06
SRO/TN/98102,SF/21/9A,18/04/2023,35297.73,Jasmit Dhawan,Mani,301927.77
SRO/TN/88531,T-722/3D,29/10/2025,158475.39,Yashodhara Ratti,Bala,2015196.91
SRO/TN/52203,RS/331/3,29/10/2024,5938.12,Chakradev Barad,Veluchami,126321.59
SRO/TN/39430,RS/229/3A,14/04/2023,70935.39,Gauri Som,Subramani,967178.85
SRO/TN/85348,RS/944/4C,17/04/2023,49069.28,Manthan Varma,Tamilselvan,664065.78
SRO/TN/41770,T-747/6A,13/12/2022,41076.12,Falak Nagar,Bala,441946.39
SRO/TN/41827,T-430/3A,22/03/2024,44193.88,Maya Mistry,Raman,41617543.07
SRO/TN/47023,SF/167/8,02/11/2022,8884.74,Yashica Upadhyay,Tamizhelvan,463819.25
SRO/TN/15953,SF/750/2B,04/08/2024,40450.52,Chandani Soman,Kalaivani,472648.35
SRO/TN/87810,RS/714/9C,03/08/2025,45659.82,Jyoti Narula,Sundar,595635.13
SRO/TN/19596,RS/158/1,16/12/2021,105923.34,Omaja Morar,Valli,128234851.06
SRO/TN/83563,T-299/2A,27/09/2025,22703.22,Urvi Lanka,Selvam,151227362.59
SRO/TN/67521,SF/380/7,25/06/2024,20749.03,Charan Srinivasan,Mani,343887.88
SRO/TN/16178,T-684/2,22/06/2022,41306.14,Lajita Divan,Tamilselvan,498108.23
SRO/TN/84757,RS/587/4A,31/10/2022,90383.18,Azad Choudhary,Siva,569841.89
SRO/TN/91099,T-151/2D,17/11/2022,56424.15,Anirudh Sastry,Arumugam,0.0
SRO/TN/70361,RS/207/3D,08/11/2022,32822.58,Omya Doshi,Murugan,196490.03
SRO/TN/42616,SF/806/9D,26/10/2021,68129.57,Samar Roy,Seetha,53873017.88
SRO/TN/39678,SF/805/5D,04/07/2023,50025.55,David Devi,Selvam,513214.42
SRO/TN/33990,RS/413/3B,26/09/2025,110788.41,Ekta Sridhar,Balasubramanian,716764.16
SRO/TN/40034,RS/838/5,08/08/2026,182177.93,Dipta Ghose,Pazhani,1329505.1
SRO/TN/52344,RS/793/6,28/06/2022,452752.24,Hema Pandya,Kannan,516044060.22
SRO/TN/36130,T-889/6D,04/06/2022,270781.73,Veda Handa,Thangaraj,2992967.08
SRO/TN/83374,SF/256/1A,21/07/2025,49862.8,Arya Misra,Arumugam,608882.43
SRO/TN/70965,T-32/4,27/12/2025,266235.92,Chameli Mani,Veluchami,2584292.67
SRO/TN/60076,T-851/2,02/04/2025,167903.39,Vrinda Nadig,Jeyaram,0.0
SRO/TN/12025,SF/886/1A,08/10/2023,103274.56,Ikshita Mahal,Saravanan,0.0
SRO/TN/62868,T-282/7A,17/09/2022,344390.33,Jairaj Raghavan,Mahesh,4757847.12
SRO/TN/96708,SF/524/6B,23/02/2026,454732.37,Hemani Dhingra,Ramasamy,3223034.68
SRO/TN/37806,RS/268/5,27/10/2021,503590.35,Brijesh Mani,Tamilselvi,18605555.63
SRO/TN/23638,RS/303/5A,29/12/2022,118057.38,Hiral Sathe,Balasubramanian,0.0
SRO/TN/44321,SF/861/9,29/11/2021,178061.71,Varenya Kala,Gopee,3083845.89
SRO/TN/33868,SF/763/5A,06/09/2024,273815.96,Anika Magar,Venkat,445551238.49
SRO/TN/89362,T-595/2A,12/02/2023,437614.21,Ikbal Khatri,Aiyanar,2220912.32
SRO/TN/80852,SF/206/6A,07/11/2025,142136.44,Chandresh Wali,Siva,0.0
SRO/TN/17319,RS/647/3,20/12/2023,206662.25,Viraj Ben,Venkat,0.0
SRO/TN/15190,T-440/7A,14/04/2024,88943.29,Odika Narayanan,Kumar,1723398.88
SRO/TN/49191,T-196/1C,17/06/2022,94013.3,Harish Devan,Raman,2721329.7
SRO/TN/57439,RS/972/5A,31/05/2026,411790.43,Nakul Ray,Selvam,1916585.57
SRO/TN/12546,RS/20/4,09/02/2022,630778.64,Vansha Iyengar,Gopi,12987694.35
SRO/TN/88557,SF/385/5D,11/04/2022,193193.81,Ekani Mangal,Shanmugam,632599285.17
SRO/TN/83097,RS/486/3,05/08/2023,469367.07,Gaurav Kata,Sundar,0.0
SRO/TN/19951,T-737/2,03/02/2026,289526.31,Parth Sahni,Suresh,3869625.75
SRO/TN/70219,T-420/5,22/08/2024,114956.62,Balhaar Ranganathan,Arumugam,936444.57
SRO/TN/18870,T-77/2,11/04/2022,306761.03,Quincy Mann,Raman,1556487.42
SRO/TN/62752,RS/369/6A,03/07/2026,688195.44,Aditya Misra,Vasantha,0.0
SRO/TN/42150,RS/979/5C,21/08/2024,212708.66,Gautami Mane,Kalaiarasan,189508639.41
SRO/TN/63334,RS/820/7C,28/10/2022,739802.63,Wakeeta Desai,Suresh,5698973.12
SRO/TN/12072,RS/186/7D,16/11/2022,54140.26,Anjali Hans,Kumar,748158.23
SRO/TN/36985,RS/671/6,12/05/2026,397295.23,Ganga Gaba,Kannan,1268082196.34
SRO/TN/85591,T-634/2A,03/11/2022,234338.5,Aarini Grewal,Gopi,282853644.12
SRO/TN/38939,T-870/8D,16/10/2025,166713.54,Geetika Merchant,Subramani,1558887.47
SRO/TN/79183,T-659/7A,29/05/2025,226422.94,Parth Ravi,Suresh,290926387.6
SRO/TN/56846,RS/764/1,23/12/2025,43101.99,Yutika Narang,Kanakammal,941673.77
SRO/TN/13155,RS/974/6,13/12/2022,161084.67,Nandini Chandran,Ramasamy,3360620.81
SRO/TN/68165,RS/734/8,07/01/2023,315207.79,Logan Sood,Balasubramaniam,0.0
SRO/TN/66357,T-109/1,01/08/2024,720845.47,Yuvraj Ahuja,Dinesh,17812844.53
SRO/TN/53181,RS/221/8D,09/12/2021,160177.81,Leela Keer,Arun,268274525.54
SRO/TN/39831,RS/675/9,16/02/2024,110604.56,Amara Narayan,Ilangovan,805425.03
SRO/TN/92299,SF/709/3C,09/11/2023,122738.92,Advay Lal,Ilangovan,68053443.05
SRO/TN/85856,T-781/4,22/04/2023,442121.16,Warinder Bhatia,Nagarajan,484760768.5
SRO/TN/46219,RS/729/9C,10/08/2023,295181.44,Udyati Mohanty,Jayalakshmi,3576597.88
SRO/TN/44730,T-331/2D,01/10/2022,136005.43,Nidra Thakkar,Kannen,133153360.87
SRO/TN/25580,RS/149/1C,19/07/2026,317874.97,Jacob Merchant,Vadivellu,6358910.35
SRO/TN/33306,T-889/9D,22/02/2026,243905.13,Timothy Kanda,Raja,299510765.31
SRO/TN/34033,RS/397/7D,25/05/2026,451936.98,Vanya Dua,Dinesh,7928560.08
SRO/TN/57477,RS/850/4C,04/11/2021,99973.17,Kashvi Sagar,Ramaswamy,1495338.56
SRO/TN/21776,T-77/3,19/09/2025,225388.64,Tejas Kota,Arun,187896390.17
SRO/TN/25276,T-77/3,18/10/2025,225388.64,Arun,Sanya Wable,246042652.54
SRO/TN/56834,SF/339/8C,24/03/2025,154423.86,Faras Choudhury,Kumar,3301615.23
SRO/TN/24968,RS/503/9,04/01/2023,23710.83,Yashasvi Jain,Anbalagan,0.0
SRO/TN/30560,RS/301/4D,16/10/2024,158918.54,Nitesh Narang,Chinnasamy,1218330.37
SRO/TN/17893,RS/301/4D,08/12/2024,158918.54,Chinnasamy,Jackson Jha,1794362.24
SRO/TN/28135,SF/982/1C,13/03/2023,87082.64,Gavin Uppal,Paandi,1141893.03
SRO/TN/63491,RS/527/9A,10/10/2023,71133.99,Christopher Setty,Dinesh,98826969.28
SRO/TN/72018,T-547/1C,14/05/2022,193519.85,Yochana Sagar,Meenachi,268828396.38
SRO/TN/75808,T-703/3,25/04/2026,253649.8,Dalbir Shere,Selvam,159704363.53
SRO/TN/75717,SF/933/5A,05/02/2022,227838.61,Anthony Randhawa,Subramani,1383962.92
SRO/TN/41523,T-65/1C,12/08/2022,48167.16,Aarush Kamdar,Vadivel,818194.06
SRO/TN/22762,RS/391/7D,24/05/2022,83820.96,Chakradev Sampath,Balasubramanian,1207774.61
SRO/TN/23083,SF/306/6,03/03/2023,135248.94,Devansh Bhasin,Vadivellu,2016597.37
SRO/TN/91310,RS/216/6,26/03/2026,234998.22,Urmi Balay,Vadivel,9094380.95
SRO/TN/29098,T-819/1D,18/08/2025,70511.94,Nilima Gole,Rajendiran,1396008.86
SRO/TN/40506,SF/744/8,13/02/2026,97263.25,Osha Prasad,Sushila,2032192.69
SRO/TN/22225,RS/632/5C,05/03/2024,44520.03,Saumya Purohit,Malathi,294475.13
SRO/TN/19839,SF/730/7,21/04/2022,56211.99,Faris Zacharia,Raman,450492.83
SRO/TN/85979,SF/862/5D,29/03/2023,209658.92,Ijaya Dani,Jayaram,347522886.04
SRO/TN/36979,T-415/4,05/06/2023,350081.64,Maya Wadhwa,Velu,6013006.75
SRO/TN/96782,T-751/5,18/05/2022,91720.59,Udant Aggarwal,Sanmugam,0.0
SRO/TN/74573,T-144/8,23/06/2022,251292.29,Chanchal Sheth,Ramasamy,5585427.64
SRO/TN/40349,SF/531/6A,06/12/2022,163456.82,Ladli Karpe,Ayyanar,242090737.96
SRO/TN/95804,T-670/2B,09/08/2024,69777.09,Triveni Pal,Arumugam,449910.46
SRO/TN/18257,T-7/9,14/12/2023,175253.84,Anya Gulati,Jeyaram,1032806.03
SRO/TN/64112,SF/677/4A,12/09/2022,356164.21,Azad Saini,Kumar,2081465.97
SRO/TN/59589,SF/250/1,02/06/2024,109171.56,Wridesh Jhaveri,Kumaar,625375.41
SRO/TN/61369,SF/250/1,13/06/2024,109171.56,Kumaar,Harrison Bandi,895536.73
SRO/TN/93988,T-982/7B,27/08/2025,392458.36,Chanakya Konda,Siva,6899520.21
SRO/TN/55936,SF/851/7B,11/09/2025,31512.07,Neelima Sarna,Mani,0.0
SRO/TN/34285,RS/611/2,06/10/2024,194754.04,Teerth Bhalla,Kumar,212893586.45
SRO/TN/47313,SF/182/8B,18/04/2023,121493.22,Yahvi Mann,Thangaraj,2786429.95
SRO/TN/27841,T-665/7B,16/05/2022,95683.54,Eiravati Nagi,Sushila,1153546.01
SRO/TN/64502,RS/604/2A,12/07/2024,115401.82,Chasmum Dhar,Ayyanar,151206412.76
SRO/TN/26675,T-8/7C,05/01/2026,24287.77,Odika Mital,Vadivel,503998.2
SRO/TN/77590,T-434/6B,23/11/2021,87650.76,Darsh Gill,Elangovan,1086307.76
SRO/TN/16924,T-496/5,29/07/2023,156670.07,Warhi Batta,Ayyanar,226149477.14
SRO/TN/11221,T-973/3,26/02/2024,374373.39,Lakshmi Vohra,Paandi,19588941.66
SRO/TN/75835,SF/824/2D,22/02/2023,77377.8,Omaja Rege,Siva,438315.4
SRO/TN/20607,RS/954/7B,05/08/2022,55412.99,Charita Puri,Mani,906799.1
SRO/TN/81426,SF/207/9,10/03/2024,70032.09,Urvashi Khosla,Venkata,0.0
SRO/TN/76874,RS/362/7A,06/02/2025,231539.13,Charita Dhawan,Murughan,1952088.44
SRO/TN/85099,T-357/6D,10/07/2023,138091.15,Dalbir Sachar,Rajeswary,187097168.33
SRO/TN/88093,T-833/5C,27/03/2025,78417.38,Krish Rama,Rajendiran,732984.32
SRO/TN/77691,SF/494/2,31/05/2023,168602.82,Aadhya Jani,Muthukumar,2812081.82
SRO/TN/86335,RS/255/5,04/01/2022,125064.89,Farhan Sengupta,Bala,0.0
SRO/TN/88881,RS/188/4A,02/07/2023,224230.87,George Wason,Kalaivani,1124992.97
SRO/TN/86384,SF/798/2,08/09/2024,31277.42,Charan Loyal,Pazhani,184297.75
SRO/TN/25876,RS/381/6A,06/12/2021,76934.54,Balveer Bora,Vadivellu,75311324.02
SRO/TN/45745,RS/228/3,24/02/2025,45972.83,Teerth Srinivas,Andal,633379.53
SRO/TN/39391,T-531/8,25/12/2025,10665.73,Gaurangi Mitter,Venkat,0.0
SRO/TN/46513,T-270/4,18/08/2025,43785.82,Siddharth Gupta,Ramasamy,282825.77
SRO/TN/99095,RS/462/3B,09/06/2024,26221.72,Varenya Kibe,Shanmugam,566732.58
SRO/TN/11394,RS/201/3D,07/11/2021,25020.69,Mekhala Khatri,Pazhani,569435.83
SRO/TN/98779,RS/805/8,21/08/2022,56633.94,Barkha Rai,Anbazhagan,161554858.4
SRO/TN/48474,T-99/8C,04/01/2024,84133.55,Jagrati Morar,Malathi,1576670.87
SRO/TN/93583,RS/364/6C,13/04/2022,75116.2,Jagvi Varghese,Sundhar,803098.89
SRO/TN/62619,SF/656/6A,25/11/2025,25097.0,Unnati Chaudhari,Muthukumar,359500.73
SRO/TN/96029,RS/728/5B,18/01/2023,34433.39,Ekaja Jani,Saravanan,0.0
SRO/TN/28236,SF/746/4C,28/07/2026,51022.61,Dhriti Sachdev,Ilangovan,1086595.23
SRO/TN/67019,SF/746/4C,23/08/2026,51022.61,Ilangovan,Timothy Dhingra,1479351.14
SRO/TN/32575,T-56/1D,23/01/2024,82564.6,Advika Sahni,Selvam,149400007.71
SRO/TN/95092,RS/235/4C,19/06/2024,30616.3,Michael Hayre,Chandra,532192.4
SRO/TN/89393,T-958/5B,28/10/2021,33362.17,Victor Raghavan,Sushila,752437.84
SRO/TN/71098,RS/537/9,18/07/2023,16994.8,Xalak Nazareth,Anbazhagan,27424515.0
SRO/TN/83979,RS/537/9,29/07/2023,16994.8,Anbazhagan,Vrinda Swaminathan,32998784.1
SRO/TN/58228,SF/1/9D,04/01/2025,15483.01,Om Pandey,Thangaraj,252145.82
SRO/TN/17348,RS/10/7D,14/01/2024,76495.38,Logan Suresh,Karuppaswamy,1049143.3
SRO/TN/12143,SF/733/7D,09/04/2025,113653.01,Daniel Viswanathan,Subramani,2346946.82
SRO/TN/22709,RS/292/9D,28/10/2022,35224.32,Falan Bava,Ramaswamy,636557.56
SRO/TN/69844,T-638/8,13/03/2025,75724.04,Nitara Devan,Ponnammal,765030.3
SRO/TN/95474,RS/745/1,08/09/2022,57344.25,Ekansh Dora,Dinesh,0.0
SRO/TN/48346,T-811/1,24/01/2024,25929.8,Tejas Tiwari,Karuppasamy,486998.76
SRO/TN/71177,RS/837/7D,10/08/2025,49528.15,Kashvi Bhasin,Vadivel,3216655.32
SRO/TN/52455,SF/472/2B,19/06/2026,127752.75,Vinaya Babu,Palani,74548305.21
SRO/TN/31316,SF/885/4,24/08/2024,43641.48,Nisha Arora,Kumar,974671.23
SRO/TN/78004,RS/705/3,07/11/2022,158969.89,Anvi Wason,Veluchami,2075176.44
SRO/TN/31922,SF/129/8,12/04/2022,11031.6,Anay Thakkar,Anbazhagan,111275.57
SRO/TN/22169,RS/742/3,05/08/2024,55572.51,Praneel Chhabra,Arun,485530.07
SRO/TN/67029,RS/332/8,27/08/2023,36987.99,Manthan Khosla,Arun,321307.19
SRO/TN/85105,T-376/8,19/03/2025,29350.57,Zayyan Pandya,Marimuthu,0.0
SRO/TN/54618,RS/195/9C,19/08/2023,38609.03,Mekhala Brar,Sanmugam,32011903.71
SRO/TN/83505,SF/45/3,15/12/2022,7164.56,Nidra Sharaf,Pandi,64258.46
SRO/TN/19162,T-719/5,02/10/2023,35476.95,Upkaar Mital,Nagarajan,606211.09
SRO/TN/89209,RS/814/1D,01/05/2024,44873.3,Azad Chander,Karuppasamy,939928.16
SRO/TN/33708,SF/198/9C,12/07/2024,147873.17,Ladli Purohit,Malathi,218249505.33
SRO/TN/30943,SF/171/3B,01/04/2024,29833.33,Daksh Andra,Selvam,511789.32
SRO/TN/23037,RS/624/4B,26/08/2022,21052.68,Fitan Tata,Jeyaram,247001.54
SRO/TN/74004,SF/531/3,24/04/2023,23387.69,Garima Chandran,Marimuthu,482148.89
SRO/TN/83095,T-585/3,31/10/2023,101155.9,Victor Kakar,Suresh,2216883.68
SRO/TN/98638,SF/585/7B,26/12/2024,66117.58,Anika Batra,Saravannan,680725.3
SRO/TN/19076,T-391/2D,30/07/2022,25897.3,Avni Bali,Tamilselvan,46272042.2
SRO/TN/68921,T-797/7,23/08/2026,57657.8,Divya Babu,Pandi,2057702.84
SRO/TN/63474,T-403/8D,21/11/2022,40710.68,Maanas Rao,Saravannan,309459.74
SRO/TN/99114,T-764/1B,25/12/2023,91717.9,Chandani Gaba,Kannan,1178409.54
SRO/TN/53864,T-631/9,11/08/2025,77014.63,Lopa Zachariah,Kamakshi,1659850.4
SRO/TN/38660,T-672/1D,10/10/2024,227820.96,Leena Dey,Pandi,4938244.05
SRO/TN/51201,SF/972/3D,03/05/2026,122848.61,Xiti Pal,Raajaa,1900741.87
SRO/TN/20896,T-769/5B,07/08/2023,35388.8,Guneet Sarkar,Ayyanar,762932.41
SRO/TN/29842,SF/809/5,01/02/2025,109909.86,Faqid Oak,Annamma,3530215.06
SRO/TN/23129,T-727/2,25/07/2024,69138.9,Eta Balan,Shanmugam,1426986.92
SRO/TN/26403,SF/254/9,31/07/2026,67249.08,Shravya Swaminathan,Subramani,1506037.89
SRO/TN/90350,RS/832/1C,15/11/2023,128730.86,Ishani Prashad,Anbazhagan,2238987.6
SRO/TN/57052,T-894/4A,05/11/2022,244911.66,Quincy Rai,Suresh,0.0
SRO/TN/11011,T-932/3A,10/09/2022,191616.47,Chakrika Koshy,Vadivellu,0.0
SRO/TN/66294,RS/902/7A,21/05/2022,48796.2,Fitan Loyal,Bala,492509.75
SRO/TN/21835,SF/190/1D,09/02/2026,72583.13,Lajita Dube,Raja,529651619.56
SRO/TN/26460,SF/705/8,26/08/2024,113335.9,Edhitha Patel,Saravanan,699200.4
SRO/TN/45106,SF/232/1A,10/10/2025,205292.01,Gavin Ahluwalia,Karuppasamy,221332918.83
SRO/TN/83523,SF/950/8D,08/05/2026,71980.46,Sai Parsa,Arun,979204.54
SRO/TN/56319,T-609/9B,25/06/2022,69214.57,Harsh Deo,Murugan,0.0
SRO/TN/82140,T-551/7C,21/04/2025,36506.84,Rachit Sankar,Murugan,674490.34
SRO/TN/86039,T-926/3A,26/10/2022,27996.8,Yauvani Reddy,Marimutthu,34454400.4
SRO/TN/54382,RS/462/1,23/05/2024,189087.82,Atharv Chakraborty,Vadivel,246640789.45
SRO/TN/91229,RS/462/1,05/07/2024,189087.82,Vadivel,Girik Nair,323968667.27
SRO/TN/30783,SF/117/8C,29/12/2025,280789.36,Advik Manne,Kalaivani,0.0
SRO/TN/68997,T-884/3,22/06/2023,110439.77,Lipika Chad,Kumar,1609967.67
SRO/TN/23001,SF/921/3,29/08/2025,201755.85,Omkaar Rai,Marimuthu,138637289.06
SRO/TN/33155,SF/223/8A,04/12/2023,129086.61,Liam Luthra,Raaman,1453248.56
SRO/TN/90565,SF/51/3,08/02/2022,46238.7,Amrita Tailor,Ramasamy,991023.86
SRO/TN/93245,SF/112/7,26/03/2026,130765.02,Dev Ganesh,Balasubramanian,1581604.44
SRO/TN/50641,SF/787/5,06/07/2026,328425.53,Anya Sama,Subramanee,473973541.91
SRO/TN/10813,T-881/5,06/01/2026,61493.62,Veda Bose,Dinesh,1515362.1
SRO/TN/10547,SF/496/5A,20/09/2023,319183.65,Zayan Koshy,Padma,422845864.58
SRO/TN/53479,SF/2/2,15/01/2025,17625.13,Rohan Shankar,Kannen,383520.14
SRO/TN/86527,RS/574/4,18/10/2024,182114.96,Krishna Modi,Thangaraj,259388561.32
SRO/TN/17408,SF/703/6,19/08/2026,104865.25,Meghana Natarajan,Subramani,2051297.92
SRO/TN/42243,SF/494/3C,30/01/2023,81217.72,Forum Sarraf,Gopi,0.0
SRO/TN/53954,T-743/6B,10/01/2025,99609.24,Qushi Deshpande,Siva,0.0
SRO/TN/54404,T-548/3B,19/07/2024,14801.98,Ekani Iyer,Jeyaram,22416363.47
SRO/TN/90330,RS/463/5,07/05/2025,81512.97,Dipta Goel,Baala,735754.94
SRO/TN/48436,RS/927/9,26/07/2026,121417.65,Eiravati Manne,Parvathi,2479389.78
SRO/TN/29918,T-693/3,18/02/2026,300652.52,Xavier Nanda,Raja,539497263.21
SRO/TN/41913,SF/342/8,18/05/2023,61197.08,Avni Ramaswamy,Saraswathi,64844791.68
SRO/TN/68731,SF/198/5,20/11/2024,54655.32,Ishaan Iyengar,Anbalagan,87692609.86
SRO/TN/67059,T-527/2,13/03/2023,49019.98,Avi Shenoy,Paandi,60995148.06
SRO/TN/31479,T-52/2A,15/01/2024,186350.99,Raksha Manne,Tamilselvan,3343046.95
SRO/TN/99133,RS/838/4C,14/12/2024,105226.7,Nilima Tata,Marimuthu,3309932.18
SRO/TN/25430,RS/238/4,18/01/2024,60765.98,Chavvi Khurana,Tamizhelvan,987272.49
SRO/TN/38911,RS/500/1,01/11/2024,144671.23,Mitesh Sampath,Gopi,0.0
SRO/TN/97870,SF/416/2,07/11/2023,85711.21,Ethan Sen,Balasubramanian,1790594.68
SRO/TN/99737,SF/998/8A,11/08/2023,214879.74,Nandini Warrior,Pazhani,4072380.06
SRO/TN/86923,T-242/3C,07/08/2023,31313.8,Balhaar Parsa,Tamilselvan,25498333.15
SRO/TN/12661,SF/613/2C,27/05/2024,102432.39,Ikbal Kothari,Jayalakshmi,198556838.41
SRO/TN/41500,T-925/1D,28/11/2025,55083.29,Ojas Basu,Mani,412825.39
SRO/TN/82249,RS/584/5A,05/12/2024,16658.75,Garima Sani,Aroon,212997.4
SRO/TN/50480,RS/64/6B,09/12/2025,55812.54,Advaith Chaudhari,Chinnasamy,0.0
SRO/TN/78124,T-217/3A,25/03/2024,29288.68,Tristan Uppal,Rajeswari,669503.31
SRO/TN/22483,SF/138/1,19/11/2022,21991.29,Sanaya Prasad,Dhinesh,0.0
SRO/TN/23102,T-619/7B,09/04/2022,61265.64,Ubika Tella,Kannan,0.0
SRO/TN/63061,T-511/4C,07/08/2026,102729.37,Hemani Bakshi,Venkata,1882698.91
SRO/TN/79850,SF/595/8C,04/08/2024,76293.34,Henry Merchant,Tamilselvan,849697.18
SRO/TN/89808,T-760/2C,11/01/2024,20713.3,Frederick D’Alia,Suresh,421368.22
SRO/TN/26936,RS/588/6A,07/11/2023,33775.18,Ijaya Muni,Raman,527445.61
SRO/TN/28032,T-267/1C,06/08/2022,53791.19,Tamanna Jhaveri,Balasubramanian,1208054.14
SRO/TN/19800,RS/282/5,09/04/2023,88917.78,Ijaya Soni,Ramasamy,1591180.62
SRO/TN/62615,T-883/1,15/03/2022,31121.88,Raksha Sethi,Shanmugam,0.0
SRO/TN/63464,SF/592/6,24/09/2025,41996.54,Ekalinga Mital,Thangaraj,528961.1
SRO/TN/81552,T-240/7C,22/06/2022,19577.81,Ishwar Bajaj,Mahesh,112428.07
SRO/TN/50691,SF/940/9C,21/06/2026,15037.28,Ikbal Gala,Manimegalai,258255.18
SRO/TN/47802,T-768/4C,28/01/2024,83322.81,Zaitra Ghosh,Suresh,1675754.88
SRO/TN/59682,T-107/8,25/02/2026,125462.94,Ganga Sandhu,Bala,1420985.99
SRO/TN/38125,SF/974/2C,12/01/2022,47436.29,Vincent Ravel,Jayalakshmi,808456.58
SRO/TN/67810,SF/713/3,11/08/2025,83374.26,Quincy Sankaran,Kalaiarasan,639813.98
SRO/TN/61384,RS/264/3D,28/11/2022,59648.37,Ayush Hora,Periyasamy,797419.7
SRO/TN/62478,SF/504/4B,04/03/2024,19971.12,Pushti Ramachandran,Vasantha,455803.62
SRO/TN/86583,T-266/2,18/03/2024,55054.33,Tanish Jha,Ramasamy,1128636.14
SRO/TN/27811,SF/681/7,29/08/2026,139825.43,Dev Chaudry,Raja,2034701.92
SRO/TN/49394,T-800/2B,24/05/2024,26509.23,Jasmit Nanda,Karuppasamy,466533.84
SRO/TN/76048,T-93/6B,10/02/2023,160106.55,Tanvi Comar,Seetha,233778303.15
SRO/TN/60299,T-400/2C,14/01/2025,6104.85,Vrishti Wable,Arun,0.0
SRO/TN/90197,T-245/8A,02/09/2022,79355.99,Lipika Ramanathan,Murugan,0.0
SRO/TN/64197,SF/348/1,27/07/2026,40022.55,Ijaya Pandey,Marimutthu,563599.43
SRO/TN/22495,SF/948/2,18/06/2023,35582.98,Orinder Mishra,Muthukumar,522806.52
SRO/TN/69757,T-66/2,03/10/2025,44793.75,Krish Munshi,Pazhani,868418.42
SRO/TN/27219,SF/783/1B,16/11/2024,6527.12,William Mody,Veluchami,215448.76
SRO/TN/18565,T-628/7D,19/02/2026,34277.75,Qadim Prakash,Shanmugam,329359.39
SRO/TN/42657,RS/711/8C,26/01/2025,63835.85,Yasti Rama,Kalairasan,992659.87
SRO/TN/84310,T-185/8B,20/06/2026,138819.54,Lakshit Rajagopal,Venkat,682452.52
SRO/TN/14345,SF/634/6D,11/09/2023,23894.89,Quincy Sur,Sumati,31968542.13
SRO/TN/75405,RS/181/3C,02/01/2024,19668.98,Ojas Suri,Suresh,919013.27
SRO/TN/24976,RS/45/2C,19/06/2022,26264.67,Logan Grover,Ramasamy,304556.69
SRO/TN/63961,RS/607/6A,13/08/2022,95381.39,Shravya Bera,Vellu,2731182.02
SRO/TN/99825,SF/483/8,09/06/2025,46892.72,Aditya Sundaram,Selvam,434627.63
SRO/TN/23870,T-368/5,25/07/2025,28242.97,Robert Rajagopalan,Kannan,0.0
SRO/TN/29121,RS/226/5B,13/09/2025,65633.53,Nilima Swamy,Ponnammal,1647163.52
SRO/TN/96800,RS/15/7C,04/02/2024,35562.85,Sachi Suresh,Subramani,0.0
SRO/TN/28030,RS/46/1A,04/09/2026,94525.66,Fitan Balasubramanian,Raajaa,917200.84
SRO/TN/29500,SF/572/1C,17/05/2025,24750.3,Brinda Bali,Chelvam,556328.74
SRO/TN/33517,RS/166/8D,07/12/2022,97091.99,Umang Yogi,Mani,922094.55
SRO/TN/39239,RS/642/8C,21/03/2022,45414.08,Om Shankar,Kamala,0.0
SRO/TN/70934,SF/807/2B,28/03/2022,11960.31,Yasti Chowdhury,Murugan,98580.86
SRO/TN/77439,T-727/4,19/04/2026,42753.03,Amrita Peri,Siva,414608.16
SRO/TN/36593,SF/772/4,22/09/2022,34633.17,Ridhi Kamdar,Ilangovan,426617.63
SRO/TN/27786,T-850/2A,20/11/2023,26581.67,Harsh Kota,Mahalakshmi,46749717.69
SRO/TN/91940,SF/83/7,19/02/2024,81165.19,Bachittar Sengupta,Velu,587212.23
SRO/TN/54869,T-975/1,05/07/2025,93452.93,Ijaya Chahal,Karuppasamy,486399.29
SRO/TN/43771,SF/23/4D,29/08/2025,81541.49,Jacob Khalsa,Kalaiarasan,0.0
SRO/TN/41292,T-543/9A,05/12/2022,24207.47,Indali Sangha,Bala,549175.14
SRO/TN/22973,SF/152/6,08/02/2025,29298.37,Liam Jhaveri,Saravanan,0.0
SRO/TN/87237,SF/325/3A,02/01/2026,49552.26,Daniel Panchal,Venkat,0.0
SRO/TN/44004,T-999/3B,03/03/2024,98438.23,Om Naik,Jeyaram,787521.04
SRO/TN/66022,SF/994/9B,22/10/2025,29329.58,Bimala Loke,Muthukumaar,529174.01
SRO/TN/76935,T-747/8,10/03/2022,35708.16,Krishna Sabharwal,Tamizhelvan,763387.13
SRO/TN/57543,SF/457/6,07/03/2023,17851.93,Aradhana Date,Maheash,0.0
SRO/TN/19844,SF/457/6,21/04/2023,17851.93,Maheash,Zaid Dhingra,0.0
SRO/TN/50157,T-870/8C,10/03/2026,15500.88,Yug Ramaswamy,Suresh,188951.01
SRO/TN/23463,T-370/7,24/05/2026,72054.41,Lucky Luthra,Balasubramanian,1263634.79
SRO/TN/26204,T-90/4C,06/10/2021,133819.71,Keya Seth,Mahesh,1263389.59
SRO/TN/52682,SF/856/2,06/05/2024,47198.3,Girik Rau,Periyasamy,1031249.18
SRO/TN/58100,T-774/3,31/08/2022,85314.56,Jyoti Sha,Annamma,0.0
SRO/TN/46515,T-475/4,07/07/2023,57639.82,Falak Agate,Elangovan,601454.21
SRO/TN/65019,RS/184/8C,16/01/2025,23570.57,Tara Parmar,Pandi,362654.57
SRO/TN/60116,RS/580/7D,18/06/2023,47292.81,Mitali Kamdar,Balasubramanian,24714682.34
SRO/TN/45451,RS/900/3,02/12/2024,170921.37,Siddharth Talwar,Tamilselvan,0.0
SRO/TN/52039,SF/557/6D,24/04/2023,43846.85,Ekantika Mander,Dinesh,438509.11
SRO/TN/32138,RS/844/3,04/06/2023,132998.75,Kalpit Sundaram,Shanmugam,79052850.34
SRO/TN/54076,T-227/4D,17/10/2025,6232.41,Chanakya Batra,Kumar,10456439.43
SRO/TN/10648,SF/428/8,22/02/2022,79043.84,Tripti Babu,Subramani,0.0
SRO/TN/96785,T-782/6,28/04/2023,40346.22,Nakul Sastry,Kannen,617702.03
SRO/TN/90337,SF/215/3,02/12/2024,33498.87,Aadi Sangha,Raja,190286269.97
SRO/TN/10040,SF/813/9B,24/01/2026,44206.58,Kevin Mittal,Periyaswamy,509874.76
SRO/TN/85252,SF/602/4,18/04/2023,5968.26,Anusha Chander,Selvam,126476.67
SRO/TN/78968,SF/518/2,22/03/2023,36913.61,Zashil Butala,Ilangovan,570274.93
SRO/TN/65741,T-487/6C,14/11/2023,57773.51,Noah Ben,Kumar,2261723.14
SRO/TN/68139,SF/418/2D,28/10/2023,141799.31,Dalaja Kaur,Nagarajan,0.0
SRO/TN/69212,SF/336/8,12/06/2026,25741.44,Gavin Chandran,Dinesh,423977.32
SRO/TN/21277,SF/336/8,09/08/2026,25741.44,Dinesh,Tanay Sood,481295.85
SRO/TN/87627,RS/962/6,15/04/2026,19431.21,Kevin Kara,Saravanan,84273759.79
SRO/TN/90848,RS/712/2C,25/06/2024,30022.02,Aditya Anand,Manee,36720617.5
SRO/TN/23041,T-608/5D,06/06/2022,79654.58,Jai Sami,Balasubramanian,478084.0
SRO/TN/94339,RS/151/8,15/10/2023,47281.94,Vanya Bobal,Veluchami,902571.56
SRO/TN/83288,RS/637/2D,31/10/2025,20830.3,Leela Chakraborty,Pathmaa,274310.63
SRO/TN/34836,T-19/1A,28/08/2023,62024.5,Harshil Munshi,Karuppasamy,111017784.56
SRO/TN/40459,RS/442/3,23/09/2025,38903.43,Chandani Devan,Murughan,550996.8
SRO/TN/15606,RS/507/7B,26/06/2024,97863.01,Kiaan Dhar,Vadivel,749763.14
SRO/TN/40247,T-598/1D,13/09/2024,36511.9,Abhiram Gala,Kannan,791950.27
SRO/TN/79140,SF/241/5B,16/04/2025,178102.5,Indali Kala,Jeyaram,1200965.46
SRO/TN/45859,T-885/7B,20/02/2024,98216.28,Nisha Savant,Vadivel,0.0
SRO/TN/98252,RS/587/2D,12/07/2024,20594.89,Gabriel Chaudhry,Kalaivani,218344.1
SRO/TN/19115,RS/993/7,09/01/2025,97224.82,Jatin Rajagopalan,Gopi,1123956.75
SRO/TN/25928,T-761/2C,24/05/2025,52929.22,Pushti Murty,Dinesh,49477887.14
SRO/TN/17077,SF/668/5B,02/10/2024,43591.97,Yug Malhotra,Ayyanar,547706.55
SRO/TN/86234,T-185/1C,23/11/2022,101260.31,Yuvraj Mane,Ramasamy,2303406.63
SRO/TN/63123,T-829/7B,26/01/2023,173838.92,Charvi Jha,Muthukumar,1471444.57
SRO/TN/24816,RS/881/2C,28/05/2024,156557.7,Manya Merchant,Mahesh,3177692.6
SRO/TN/42628,SF/154/4,09/05/2025,36830.3,Wriddhish Talwar,Balasubramanian,607666108.46
SRO/TN/78152,SF/280/3,19/07/2025,61988.22,Isaiah Khosla,Kalairasan,341223.96
SRO/TN/13823,SF/322/5D,18/05/2026,89176.44,Ekavir Wable,Karuppasamy,89408292.02
SRO/TN/36570,T-513/2B,30/06/2023,152023.62,Jalsa Nadig,Veluchami,0.0
SRO/TN/47696,RS/338/7D,29/12/2025,49079.83,Lila Salvi,Mani,114820893.08
SRO/TN/30379,T-58/8B,25/03/2025,60244.69,Orinder Sinha,Surase,696869.67
SRO/TN/36953,RS/487/6D,29/11/2025,28503.99,Anay Bir,Suresh,479117.68
SRO/TN/35499,T-246/5B,03/04/2022,32153.28,Adweta Kale,Siva,0.0
SRO/TN/13625,SF/305/4D,15/01/2022,139020.18,Darpan Rao,Vadivel,166179065.92
SRO/TN/60970,RS/755/7D,05/12/2023,201182.78,Yachana Sagar,Thangaraj,2123725.2
SRO/TN/22752,RS/617/9C,12/09/2024,74581.99,Neelima Butala,Tamilselvi,0.0
SRO/TN/60940,SF/411/4C,09/12/2025,152098.0,Arunima Chacko,Marimutthu,100182243.82
SRO/TN/43549,T-703/7D,05/12/2021,91152.47,Farhan Vaidya,Kalaiarasan,2097745.9
SRO/TN/33117,RS/204/2A,27/03/2022,41045.23,Nachiket Yadav,Annamma,0.0
SRO/TN/60154,RS/204/2A,09/04/2022,41045.23,Annamma,Mahika Bhatti,0.0
SRO/TN/54054,SF/998/8,22/05/2025,87960.01,Rajeshri Khare,Sundhar,1959749.99
SRO/TN/39289,SF/970/2,25/08/2024,239371.91,Yash Chadha,Raajaa,8599739.08
SRO/TN/91393,SF/969/5,06/07/2025,67702.02,Jack Setty,Pandi,0.0
SRO/TN/61274,RS/185/7D,31/07/2025,268466.41,Dayamai Gill,Dhinesh,3033595.8
SRO/TN/96882,RS/88/1A,13/01/2023,8686.47,Advik Devan,Shanmugam,181354.63
SRO/TN/76499,RS/954/4A,13/05/2026,139256.34,Nihal Taneja,Periyasamy,296924764.4
SRO/TN/53692,SF/595/3,19/07/2023,85095.63,Zansi Lad,Murugan,0.0
SRO/TN/25818,RS/120/6,25/11/2025,48683.07,Kamya Date,Kamala,989581.84
SRO/TN/34727,RS/628/5B,16/10/2021,76452.21,Jacob Balan,Periyasamy,0.0
SRO/TN/57302,SF/482/5,13/08/2025,12120.04,Pushti Magar,Raja,619020.16
SRO/TN/48010,SF/890/5,12/02/2026,58260.58,Adya Bose,Mahalaxmi,0.0
SRO/TN/77876,SF/890/5,10/04/2026,58260.58,Mahalaxmi,Tamanna Vaidya,0.0
SRO/TN/12097,T-786/3A,17/08/2026,95561.47,Christopher Tata,Karthick,238276453.06
SRO/TN/52255,SF/404/6B,02/11/2022,219582.81,Jhalak Dugar,Dinesh,12674098.45
SRO/TN/30838,T-674/1,28/02/2025,49162.82,Harshil D’Alia,Ayyanar,411087.75
SRO/TN/42914,SF/821/5,30/10/2021,38541.01,Yashodhara Agate,Tamilselvan,0.0
SRO/TN/76266,RS/92/1D,23/05/2022,50838.22,Advik Konda,Tamilselvi,694026.14
SRO/TN/29448,RS/754/5C,03/12/2023,158882.38,Urmi Patla,Raja,2047388.16
SRO/TN/85241,RS/577/7,19/01/2024,95299.59,Mason Gola,Marimuthu,2095996.78
SRO/TN/92101,T-230/3A,11/02/2024,56269.26,Oni Kapur,Murughan,831171.71
SRO/TN/37704,SF/701/5D,12/11/2025,106800.17,Yuvraj Saha,Manimegalai,680201.99
SRO/TN/56046,RS/97/8C,28/04/2024,57580.73,Anika Brahmbhatt,Chinnasamy,877639.35
SRO/TN/58988,RS/184/3D,12/12/2022,163832.59,Jagdish Thakkar,Sundar,1889146.77
SRO/TN/24170,T-828/5,04/03/2024,6146.94,Praneel Kapoor,Muthukumar,0.0
SRO/TN/32348,SF/445/9,27/11/2022,33248.29,Nandini Biswas,Balasubramanian,279472.45
SRO/TN/22501,T-833/6C,19/12/2024,18477.42,Barkha Mukhopadhyay,Balasubramanian,93507.61
SRO/TN/12766,SF/713/4D,25/01/2022,2315.53,Gabriel Shan,Lakshmi,46328.2
SRO/TN/75251,RS/152/8A,15/12/2024,17817.91,Jyoti Iyer,Vadivel,344938.82
SRO/TN/71245,RS/53/6,11/07/2023,9033.06,Daksha Kibe,Aiyanar,76677.08
SRO/TN/97023,RS/38/8A,04/08/2023,7401.15,Jyoti Tak,Ilangovan,73576.99
SRO/TN/50262,T-66/5C,16/11/2024,20154.43,Yatan Dora,Karuppasamy,352257.17
SRO/TN/30283,RS/944/8,24/10/2022,32797.39,Nimrat Bajwa,Periyaswamy,379433.73
SRO/TN/32408,RS/819/3B,02/04/2022,26763.04,Hiral Andra,Kalaiarasan,390966.19
SRO/TN/22611,RS/966/8,06/02/2026,5739.96,Aarav Puri,Kumaar,114400.3
SRO/TN/88681,T-33/2,01/11/2021,10385.23,Hemang Jha,Kumar,0.0
SRO/TN/28699,SF/789/9,23/05/2022,16572.96,Oni Swamy,Gopee,965622.76
SRO/TN/16514,SF/789/9,22/07/2022,16572.96,Gopee,Lucky Mammen,1163576.15
SRO/TN/87254,RS/986/2,05/04/2024,27801.65,Caleb Kata,Saraswathi,0.0
SRO/TN/34780,SF/892/4,11/02/2023,7513.31,Kashish Shanker,Chinnasamy,0.0
SRO/TN/51194,RS/839/3,29/08/2024,9503.23,Girish Tiwari,Selvam,75088.98
SRO/TN/21193,RS/370/4,14/09/2022,5294.87,Meera Borde,Ayyanar,28543.54
SRO/TN/18047,T-814/6,01/12/2021,5113.71,Radhika De,Thankaraj,2890726.18
SRO/TN/71921,SF/445/1A,17/05/2022,25651.45,Bishakha Lal,Kalaivani,25127568.24
SRO/TN/90497,T-322/6,14/08/2022,32948.94,Maya Narain,Chandraa,421559.0
SRO/TN/79970,T-808/8C,04/08/2023,13176.41,Sneha Magar,Kalaiarasan,268669.63
SRO/TN/73977,RS/219/2B,18/08/2023,26257.67,Falan Jain,Mani,593258.01
SRO/TN/86581,RS/219/2B,13/09/2023,26257.67,Mani,Ikbal Dugal,701340.01
SRO/TN/10676,SF/853/5C,23/03/2025,15499.48,Nitesh Sengupta,Manimegalai,13786954.49
SRO/TN/75131,RS/587/1A,08/03/2024,7384.47,Dipta Ray,Chinnasamy,8673407.74
SRO/TN/62672,T-240/6,02/12/2021,14808.22,Ishita Johal,Anbazhagan,28770921.23
SRO/TN/11607,RS/466/2,25/01/2022,38845.09,Darika Sheth,Aarumugam,65615780.28
SRO/TN/60106,RS/694/9A,05/04/2026,12212.61,Jagdish Chana,Ayyanar,611899.5
SRO/TN/57942,RS/750/7D,19/10/2022,49796.71,Daksha Baria,Periyasamy,559405.18
SRO/TN/43496,T-218/8A,15/01/2026,1266.59,Falak Divan,Chinnasamy,6190.41
SRO/TN/17082,RS/302/8,13/08/2024,27564.2,Yuvraj Parekh,Nagammal,537062.75
SRO/TN/43901,T-501/1,01/02/2022,17193.07,Yochana Bawa,Dinesh,115996.53
SRO/TN/15499,RS/487/3D,26/04/2022,10811.91,Abha Ghosh,Marimutthu,96491.6
SRO/TN/12994,RS/348/9,14/05/2025,14441.17,Nidhi Sethi,Baala,21613102.06
SRO/TN/10592,T-317/9C,19/03/2022,2791.94,Girindra Shere,Sundar,8263228.36
SRO/TN/56887,SF/769/8B,25/09/2023,10984.45,Logan Dara,Siva,226248.47
SRO/TN/90469,T-860/8,29/12/2021,17720.07,David Kapadia,Manimegalai,0.0
SRO/TN/24850,RS/25/9,24/08/2025,42069.09,Rudra Rattan,Sundar,566370.01
SRO/TN/46949,SF/315/7C,06/03/2026,8424.69,Frado Lad,Venkat,0.0
SRO/TN/97646,RS/915/6,27/11/2025,8689.59,Anthony Bhattacharyya,Valli,104406.5
SRO/TN/45364,T-395/2,03/11/2023,7454.43,Sachi Dave,Ilangovan,224011.83
SRO/TN/64010,RS/568/2,13/08/2026,28705.38,Garima Das,Saravanan,313866.28
SRO/TN/93222,SF/383/9,20/04/2022,17846.98,Triya Bedi,Anbazhagan,308322.4
SRO/TN/99588,RS/613/5D,16/12/2023,9948.53,Rachita Rana,Raman,163877.11
SRO/TN/19879,T-577/2,13/07/2022,18935.21,Ayushman Raja,Dinesh,0.0
SRO/TN/24131,T-268/8,13/10/2024,14100.39,Orinder Pandya,Periyasamy,0.0
SRO/TN/36503,T-945/1B,03/12/2025,29712.24,Rachit Maharaj,Sundar,682724.19
SRO/TN/78075,SF/807/2B,14/09/2023,8146.66,Sanaya Dixit,Karuppasamy,11935565.32
SRO/TN/36292,T-9/2A,28/02/2022,37858.9,Yatan Merchant,Nagrajan,23824831.67
SRO/TN/36144,SF/240/8,22/08/2022,22032.41,Nisha Srinivas,Jeyaram,388384.9
SRO/TN/45377,RS/583/9A,04/02/2026,2615.3,Gagan Mammen,Vasantha,1851174.42
SRO/TN/47474,SF/903/9C,30/06/2023,25518.3,Laksh Saini,Venkata,20428052.8
SRO/TN/89943,RS/865/7,02/11/2024,11529.11,Zaid Bahl,Vadivel,18443464.21
SRO/TN/30398,RS/546/8,18/02/2025,8335.13,Jagrati Srinivasan,Pathmaa,138749.72
SRO/TN/85076,RS/981/2,24/10/2022,24037.62,Hemangini Thakkar,Pathmaa,442022.39
SRO/TN/81250,T-958/6D,17/05/2023,28800.86,Lipika Madan,Nagammal,188606.35
SRO/TN/60899,SF/795/8D,08/05/2025,32077.82,Atharv Nagar,Kalaivani,229384.69
SRO/TN/50524,T-642/7,01/01/2025,7233.13,Ayushman Mand,Nagarajan,145784.77
SRO/TN/98019,SF/465/7A,28/02/2023,10643.45,Urmi Wagle,Ramaswamy,194944.43
SRO/TN/18515,T-198/2,28/10/2024,17533.64,Viraj Dutta,Sundar,282085.27
SRO/TN/31100,RS/191/4,10/03/2023,37235.77,Yug Khosla,Kannen,1045956.82
SRO/TN/48999,SF/151/8,29/08/2023,11126.0,Daksh Kanda,Jeyaram,67186.59
SRO/TN/46874,T-880/1A,19/10/2023,12832.29,Isha Ghose,Raja,0.0
SRO/TN/62424,T-479/6D,03/10/2022,5333.51,Warjas Nadkarni,Malathi,63519.85
SRO/TN/61847,RS/225/1C,10/06/2026,5897.86,Ayaan Pandey,Muthukumar,60696.74
SRO/TN/54890,SF/410/3D,15/07/2024,23871.64,Raghav Tailor,Gopi,269545.76
SRO/TN/49522,T-935/6,24/02/2023,40630.28,Parth Swaminathan,Rajeswari,516012.38
SRO/TN/60411,SF/183/4,23/07/2023,13158.11,Gautam Bhalla,Venkat,147042.43
SRO/TN/24886,RS/829/6C,08/05/2025,28107.02,Theodore Bahri,Chandra,353245.06
SRO/TN/75265,SF/197/9A,08/12/2025,20474.66,Aadi Narula,Velu,13999279.68
SRO/TN/99515,T-302/3,26/11/2021,9749.4,Kalpit Oak,Ramaswamy,141060.21
SRO/TN/99621,T-84/8D,21/06/2025,17210.61,Ekiya Bhargava,Ilangovan,354862.4
SRO/TN/20620,T-712/8C,21/07/2024,56667.84,Manbir Dhar,Chinnaswamy,899982.47
SRO/TN/21626,SF/463/4A,17/06/2025,16245.2,Janya Bora,Kalaiarasan,198132.69
SRO/TN/80224,SF/303/8B,20/11/2025,42438.83,Meghana Chaudhuri,Rajendran,408486.41
SRO/TN/31880,RS/325/5A,10/08/2024,1839.66,Chasmum Naidu,Muthukumar,10181.94
SRO/TN/32324,T-660/2D,17/10/2023,23743.98,Nakul Sarkar,Dinesh,123980.39
SRO/TN/43257,RS/310/5,24/10/2024,15399.37,Edhitha Ghosh,Gopi,542303.49
SRO/TN/87693,RS/842/1A,05/06/2024,13998.56,Udant Gill,Rajendran,0.0
SRO/TN/18238,RS/349/2,26/08/2022,18220.27,Damyanti Menon,Karthik,0.0
SRO/TN/41108,T-895/3,12/11/2025,3720.22,Peter Agarwal,Subramani,0.0
SRO/TN/41761,SF/582/1,15/05/2023,14648.05,Bachittar Gopal,Thangaraj,116775857.03
SRO/TN/89200,RS/210/7,25/06/2024,20410.83,Timothy Chawla,Balasubramaniam,152588.35
SRO/TN/67505,T-567/3,20/02/2026,51811.82,Lohit Narula,Mahesh,542351.8
SRO/TN/53148,RS/676/9,26/05/2025,9276.97,Wazir Palan,Nagarajan,464802.54
SRO/TN/21124,SF/550/7A,01/02/2026,7357.66,Oliver Chakrabarti,Veluchami,107973.91
SRO/TN/46837,T-487/3B,03/09/2022,9194.85,Sanya Apte,Mahesh,0.0
SRO/TN/90010,SF/539/6B,27/04/2023,27362.26,Shaurya Krish,Arun,407993.3
SRO/TN/67208,SF/426/4,28/01/2022,15899.57,Inaya Kunda,Muthukumaar,160945.05
SRO/TN/43908,RS/683/2C,06/09/2023,9928.73,Aarav Bava,Tamilselvan,145476.14
SRO/TN/52347,SF/517/6A,27/03/2026,29015.38,Raksha Saini,Pandi,0.0
SRO/TN/66989,RS/352/7D,08/02/2024,21696.69,Odika Tailor,Kamala,258730.36
SRO/TN/81330,SF/731/8,26/12/2022,34774.61,Indali Prashad,Sushila,341367.56
SRO/TN/21804,SF/694/5,02/12/2022,28594.73,Varenya Kar,Venkat,309326.08
SRO/TN/13411,T-919/2A,31/08/2022,86885.45,Siya Borah,Marimuthu,165680281.93
SRO/TN/57738,SF/205/2,24/07/2024,49317.93,Chaitaly Bahri,Aroon,530161.21
SRO/TN/93674,T-172/3,28/02/2026,8310.81,Advika Cheema,Saravanan,176465.4
SRO/TN/92517,RS/124/4,02/07/2024,47853.72,Hema Garde,Karthick,521118.0
SRO/TN/34055,RS/45/2,04/03/2023,27065.5,Naveen Borde,Malathi,317523.84
SRO/TN/51215,T-137/6,25/05/2022,22663.61,Hamsini Subramanian,Tamilselvan,196294.37
SRO/TN/55600,T-239/9B,03/02/2023,69359.67,Raagini Gala,Gopee,1375363.69
SRO/TN/76238,RS/511/5,12/12/2025,84937.29,Naksh Bera,Sumathi,724898.39
SRO/TN/54291,T-833/5D,30/04/2024,79195.93,Garima Jha,Marimuthu,1401300.35
SRO/TN/46259,T-228/7B,01/10/2022,17693.05,Nimrat Zachariah,Pazhani,131169.45
SRO/TN/83350,T-563/4,24/09/2025,31350.5,Baghyawati Mishra,Malathi,423723.59
SRO/TN/98030,RS/293/8C,25/04/2025,52783.58,Gopal Bawa,Periyasamy,1183585.15
SRO/TN/81148,RS/21/7A,23/03/2022,79582.14,Vritti Dube,Nagarajan,1728526.26
SRO/TN/70538,RS/465/5A,24/01/2024,26393.08,Jalsa Aggarwal,Venkat,0.0
SRO/TN/46937,RS/994/6A,10/05/2024,30166.05,Gagan Menon,Arun,660540.13
SRO/TN/25017,SF/199/7,16/07/2023,15803.99,Ryan Chatterjee,Meenakshi,163940.15
SRO/TN/52128,RS/36/6C,11/05/2025,17719.1,Samuel Garde,Shanmugam,152874.12
SRO/TN/87552,T-975/3,05/05/2023,69225.12,Finn Solanki,Raja,120593030.07
SRO/TN/33869,RS/170/7,03/08/2025,126354.62,Darika Rao,Mani,459314035.48
SRO/TN/41208,RS/834/3,29/06/2023,37156.01,Vrinda Lanka,Thangaraj,804128.18
SRO/TN/11254,T-428/9A,24/04/2026,88021.25,Lila Goyal,Karuppasamy,1392250.41
SRO/TN/70819,SF/462/4,14/11/2023,55498.99,Lakshmi Pingle,Arun,980285.94
SRO/TN/82513,SF/890/3,21/02/2023,26637.53,Sanaya Basu,Thangaraj,185833478.58
SRO/TN/77105,SF/10/1,19/05/2022,58380.27,Ria Shroff,Ayyanar,1219475.23
SRO/TN/49968,T-440/6,02/10/2024,114506.8,Upkaar Luthra,Muthammal,1051694.65
SRO/TN/84014,RS/895/6D,19/05/2026,31211.54,Matthew Chatterjee,Veluchami,198513.16
SRO/TN/75577,SF/378/8B,27/09/2022,139018.03,Hemangini Sachdev,Kannen,65853261.67
SRO/TN/83018,SF/993/6C,19/10/2021,5305.74,Darsh Ram,Chandra,108629.23
SRO/TN/27873,T-878/2C,15/01/2024,78351.18,Vaishnavi Keer,Naagammal,1047086.33
SRO/TN/75058,T-896/8,13/12/2022,38616.24,Chandani Brar,Chinnasamy,22944692.97
SRO/TN/44983,T-92/2A,05/01/2023,27814.24,Bakhshi Thakkar,Kumaar,211421.59
SRO/TN/18164,T-488/2C,04/04/2025,39669.49,Jai Sen,Suresh,0.0
SRO/TN/74203,T-67/6A,15/05/2022,9096.25,Oliver Kakar,Saravanan,10812553.03
SRO/TN/73972,SF/349/4C,03/02/2026,27944.38,Jonathan Basak,Periyasamy,25916700.6
SRO/TN/38937,T-195/7A,02/05/2023,43685.93,Farhan Saran,Raman,228243.08
SRO/TN/81037,RS/149/5D,21/02/2024,125015.38,Manbir Kuruvilla,Balasubramanian,72835037.14
SRO/TN/75006,T-706/2,27/12/2024,27526.95,Ekalinga Chahal,Murugan,428359.92
SRO/TN/97576,T-957/4C,23/06/2025,21339.65,Mekhala Nanda,Nagrajan,875718.13
SRO/TN/88663,RS/346/7C,17/08/2023,27106.84,Zinal Shanker,Mahesh,49339981.1
SRO/TN/16808,T-877/9A,13/08/2025,81089.52,Oni Chowdhury,Dhinesh,769200.69
SRO/TN/75718,RS/299/3,16/10/2022,54717.32,Mason Divan,Kamala,53419062.04
SRO/TN/98137,SF/386/7C,01/04/2022,19087.09,Hitesh Chaudhuri,Tamilselvan,11254667.47
SRO/TN/38326,SF/122/4A,16/04/2025,54182.14,Hemangini Roy,Siva,1182629.01
SRO/TN/98188,T-456/6,05/02/2023,44940.57,Leela Sunder,Manee,0.0
SRO/TN/59624,SF/814/3A,01/07/2022,75933.39,Baljiwan Gera,Sundar,535991.64
SRO/TN/85868,T-190/7D,23/10/2021,17189.19,Neha Dhawan,Parvathi,184709.92
SRO/TN/76696,SF/989/2,13/06/2022,61005.8,Balvan Randhawa,Velu,232550588.76
SRO/TN/56336,T-166/2B,07/07/2025,41614.96,Wazir Bawa,Murugan,757661.22
SRO/TN/19750,SF/255/5,01/01/2023,6691.49,Amruta Pradhan,Vadivel,307652.3
SRO/TN/81918,SF/705/2C,14/10/2023,35427.22,Geetika Mitter,Tamilselvan,56709504.85
SRO/TN/31121,T-368/5,04/07/2025,18597.01,Avni Swamy,Kannan,91408.99
SRO/TN/76155,RS/693/7C,20/03/2026,16813.53,Vedant Desai,Kumar,205766.9
SRO/TN/28875,T-674/9B,21/07/2024,40917.89,Saanvi Nagi,Kalaiarasan,826631.04
SRO/TN/66676,RS/68/6C,09/08/2023,52963.45,Omaja Chakraborty,Balasubramanian,400286.1
SRO/TN/76313,SF/388/2D,11/07/2024,49399.09,Riya Kakar,Suresh,51159530.95
SRO/TN/73001,T-586/5B,21/09/2024,12970.82,Vedhika Varty,Karuppasamy,19877456.2
SRO/TN/61315,T-992/9B,21/07/2022,19619.47,Daksh Varma,Venkat,128981.14
SRO/TN/57299,SF/147/7B,30/12/2022,41636.6,Dominic Mukhopadhyay,Muthammal,590923.65
SRO/TN/61758,RS/534/4,13/02/2025,68797.14,Krishna Viswanathan,Pazhani,181603856.72
SRO/TN/89376,SF/762/5B,22/05/2026,20299.32,Oscar Hans,Anbazhagan,510263.17
SRO/TN/14817,T-8/7C,20/01/2022,23017.31,Dalbir Krish,Kannan,460682.71
SRO/TN/96381,T-926/4,10/11/2022,9870.28,Tanmayi Bedi,Arumugam,0.0
SRO/TN/99829,SF/298/5A,07/11/2021,10673.81,Rushil Mahal,Nagrajan,237187.09
SRO/TN/71766,T-846/1A,03/02/2023,47755.44,Ucchal Tiwari,Mahesh,84061582.18
SRO/TN/47570,RS/912/3A,25/08/2026,66043.42,Jatin Balasubramanian,Mahesh,616992.53
SRO/TN/82811,SF/160/5,03/12/2023,17802.95,Kashish Suresh,Raja,268588.83
SRO/TN/75064,T-445/1,05/09/2024,42854.42,Peter Som,Suresh,993650.33
SRO/TN/81486,SF/683/4A,12/07/2026,29065.11,Hemangini Gade,Nagammal,356214.61
SRO/TN/32787,RS/514/7,10/05/2022,14575.07,Gautam Mane,Kannan,84326.2
SRO/TN/77116,RS/440/1A,26/01/2022,30101.35,Libni Bawa,Pazhani,640162.37
SRO/TN/55119,SF/885/5C,16/02/2025,97777.87,Tanish Kant,Chinnaswamy,1133031.62
SRO/TN/48629,SF/124/3A,20/11/2025,22407.53,Samuel Luthra,Chinnasamy,241502.58
SRO/TN/46239,RS/538/5C,17/07/2024,95912.7,Yochana Bahri,Mani,0.0
SRO/TN/17838,RS/373/5,12/01/2026,3161.25,Urvi Deo,Kalaiarasan,15158.96
SRO/TN/31501,RS/484/5B,08/07/2025,60139.74,Abhiram Kapur,Sushila,0.0
SRO/TN/67702,T-789/3,08/11/2022,26801.79,Dalaja Maharaj,Chelvam,0.0
SRO/TN/61099,T-394/2,18/07/2025,22282.89,Krisha Palla,Pazhani,14237616.87
SRO/TN/41766,T-457/2,28/07/2025,25634.12,Zayyan Kamdar,Kalairasan,133633.22
SRO/TN/60825,SF/197/7B,19/06/2026,5153.97,Chasmum Verma,Vadivel,53832.27
SRO/TN/25159,RS/430/9B,03/05/2026,18638.55,Harsh Amble,Jeyaram,19420303.46
SRO/TN/20605,SF/449/9A,05/04/2026,29244.66,Barkha Misra,Tamilselvan,180857.9
SRO/TN/62990,SF/901/9A,09/10/2022,100030.0,Vasatika Bhatt,Annamma,2209155.83
SRO/TN/34897,SF/655/3,30/01/2025,18979.88,Aradhana Nair,Suresh,97700.24
SRO/TN/10446,T-356/6,26/08/2026,13816.0,Advika Misra,Karthik,19355528.32
SRO/TN/43454,RS/225/5,26/01/2022,24024.27,Mason Varughese,Ramaswamy,338406.19
SRO/TN/16285,T-650/9,06/04/2025,61975.09,Dakshesh Raval,Ilangovan,31549699.78
SRO/TN/86231,T-744/7,06/05/2025,31842.95,Logan Bal,Veluchami,518556.19
SRO/TN/53875,T-185/5,19/12/2023,14742.45,Chakrika Lad,Venkat,333500.06
SRO/TN/20965,T-540/3C,18/02/2026,32047.9,Nidhi Rama,Raja,95838485.74
SRO/TN/55190,SF/136/4D,11/01/2023,29225.5,Ranveer Oza,Lakshmi,364748.11
SRO/TN/60108,RS/874/2,20/01/2022,56497.13,Vamakshi Parmer,Chelvam,521523.28
SRO/TN/25235,SF/22/1,31/08/2023,44735.52,Onkar Golla,Aiyanar,0.0
SRO/TN/94766,RS/151/6C,13/04/2024,175761.89,Gunbir Sinha,Sumati,0.0
SRO/TN/10374,RS/79/6,16/02/2025,96372.53,Aarna Goswami,Pandi,133829384.38
SRO/TN/82785,SF/696/7,12/04/2023,11323.08,Gaurav Kapadia,Periyasamy,108512.89
SRO/TN/75646,RS/956/5D,20/12/2022,101522.31,Udant Mohanty,Surase,2793345.17
SRO/TN/31739,RS/835/2,15/04/2022,54322.6,Garima Prabhu,Kalaiarasan,46776962.67
SRO/TN/14629,RS/507/7A,22/09/2024,49957.95,Chaitaly Sheth,Venkata,1145497.05
SRO/TN/36218,RS/563/8B,15/07/2024,124729.38,Upma Bera,Kalaiarasan,175474403.01
SRO/TN/85988,T-831/4C,13/05/2022,201422.82,Urmi Hayer,Thangaraj,1510842904.53
SRO/TN/78754,SF/302/8,12/09/2024,155146.66,Lakshmi Wagle,Ayyanar,1827669.16
SRO/TN/78713,SF/986/3A,23/11/2025,39361.43,Odika Bhagat,Saravanan,0.0
SRO/TN/95330,T-892/3,08/01/2022,62593.91,Laksh Iyer,Annamma,438794.25
SRO/TN/46859,RS/762/3C,23/08/2025,84415.02,Nimrat Shankar,Thangaraj,1767247.8
SRO/TN/90887,SF/619/3B,19/01/2023,162982.45,Diya Gole,Kalaiarasan,921400.42
SRO/TN/43363,T-217/7B,05/01/2026,53727.36,Vinaya Natarajan,Rajendran,760557.05
SRO/TN/17645,RS/663/7,23/02/2022,64427.32,Dhriti Bhardwaj,Velu,139867178.93
SRO/TN/53010,RS/193/9,30/08/2026,28954.03,Siya Mahal,Palani,283432.04
SRO/TN/54319,RS/982/7B,05/07/2022,36100.83,Om Dutt,Tamizhelvan,235905.77
SRO/TN/98724,RS/489/1,19/03/2022,131062.65,Gaurang Dayal,Selvam,185421225.75
SRO/TN/42601,T-670/3D,11/03/2022,262033.15,Pushti Raval,Saravanan,7661100.56
SRO/TN/63181,T-397/4,17/09/2022,68780.68,Vansha Rajagopal,Arumugam,495744.71
SRO/TN/96158,RS/561/2A,28/11/2025,176096.87,Baljiwan Walla,Selvam,0.0
SRO/TN/63428,SF/728/8,19/04/2026,112047.14,Kashvi Atwal,Sanmugam,0.0
SRO/TN/34730,SF/373/5A,26/12/2023,49857.42,Rayaan Badami,Pandi,31507633.75
SRO/TN/24850,SF/699/7B,02/08/2024,113045.38,Yuvraj Kara,Ramasamy,86848286.34
SRO/TN/54602,T-841/9,21/04/2025,266927.93,Devika Dayal,Shiva,0.0
SRO/TN/96630,T-96/6A,11/02/2024,67392.78,Leela Thakur,Saravanan,1343318.43
SRO/TN/67330,RS/205/7,23/06/2024,273572.7,Oliver Bhattacharyya,Selvam,1922036716.37
SRO/TN/24420,T-160/8,22/06/2026,8126.1,Chanchal Mannan,Pandi,80971.31
SRO/TN/89118,SF/56/4D,11/01/2024,145650.64,Zinal Viswanathan,Shanmugam,1769143.75
SRO/TN/41171,SF/306/8D,27/05/2024,72947.38,Radha Desai,Raja,1416867.69
SRO/TN/86402,RS/169/4,18/06/2022,68879.16,Vrishti Parmer,Nagammal,0.0
SRO/TN/78786,T-204/2C,24/07/2023,81516.74,Nitesh Raval,Periyaswamy,1180175.84
SRO/TN/18939,SF/462/3C,03/09/2022,16512.15,Vedant Kapur,Baala,261649.95
SRO/TN/99541,SF/616/7,06/05/2022,63974.49,Siddharth Bains,Thangaraj,1259410.81
SRO/TN/43844,RS/515/2C,23/12/2024,93967.88,Jatin Peri,Vasantha,0.0
SRO/TN/35078,RS/117/3A,12/05/2022,246276.42,Keya Kumer,Periyasamy,8673790.15
SRO/TN/17533,T-961/2,21/09/2022,45650.99,Chanakya Chokshi,Periyasamy,2851961.26
SRO/TN/25421,T-103/8B,15/03/2023,42863.89,Chanakya D’Alia,Karuppasamy,846046.31
SRO/TN/20260,SF/877/8,05/01/2026,57649.83,Sachi Rai,Muthukumar,631004.97
SRO/TN/28368,RS/690/4,30/03/2022,147435.83,Zayyan Som,Veluchami,954055.43
SRO/TN/88169,RS/344/3B,23/04/2023,94181.0,Samesh Andra,Arumugam,1450516.68
SRO/TN/95063,RS/132/7C,17/06/2023,58885.21,Osha Chaudhuri,Shiva,0.0
SRO/TN/47273,T-591/7D,18/01/2026,115187.94,Laksh Sahota,Manimagalai,2238644.11
SRO/TN/68077,SF/644/3,26/03/2024,85552.34,Yasti Dalal,Mani,0.0
SRO/TN/46238,T-647/6,11/02/2024,158797.88,Ishaan Cherian,Padma,0.0
SRO/TN/40977,SF/282/2,01/01/2023,21645.99,Rushil Iyengar,Nagarajan,284935.9
SRO/TN/21712,RS/269/3,25/11/2025,71615.99,Saksham Parmar,Balasubramanian,850082.05
SRO/TN/76272,RS/983/2,04/04/2026,43719.41,Chakrika Dyal,Manimegalai,0.0
SRO/TN/77359,RS/629/9,07/10/2024,5119.1,Watika Johal,Venkata,87952.73
SRO/TN/34371,SF/222/6,11/06/2022,37772.03,Ganga Keer,Lakshmi,0.0
SRO/TN/11884,SF/977/2,11/12/2023,22060.4,Agastya Chakraborty,Kannen,399755.32
SRO/TN/51600,RS/985/7,11/09/2022,14678.84,Wakeeta Dixit,Veluchami,162434.97
SRO/TN/70827,RS/638/2B,04/02/2022,47846.18,Yasti Borde,Karuppasamy,680077.02
SRO/TN/61450,RS/619/9,23/05/2024,66516.38,Aahana Kashyap,Marimuthu,1187386.65
SRO/TN/54069,RS/381/3D,08/01/2023,62779.37,Chaman Lalla,Pazhani,227844319.8
SRO/TN/92462,T-218/9,20/01/2025,16183.42,Chandresh Chaudhry,Tamilselvan,17382637.47
SRO/TN/46820,SF/202/1D,03/12/2024,20824.92,Balveer Mannan,Velu,146323.66
SRO/TN/15108,SF/591/1,23/07/2024,30183.81,Dhriti Sandhu,Balasubramanian,572548.45
SRO/TN/93909,SF/918/9B,01/06/2024,65391.88,Girish Bath,Kannan,667585.85
SRO/TN/91619,RS/410/2B,08/06/2022,21759.01,Lakshit Garde,Mahesh,164060.22
SRO/TN/47862,RS/961/2,20/12/2025,26509.44,Ishita Sarma,Karuppasamy,306250.55
SRO/TN/18627,SF/266/1,15/10/2022,12156.0,Girik Pradhan,Periyaswamy,219434.45
SRO/TN/65497,SF/327/3D,01/01/2026,11789.38,Qadim Comar,Nagarajan,195553.46
SRO/TN/15976,RS/678/8,09/06/2023,55274.24,Mugdha Shan,Aarumugam,0.0
SRO/TN/33194,SF/676/4C,06/01/2022,82653.73,Lekha Sridhar,Mani,2702777.29
SRO/TN/79347,SF/676/4C,31/01/2022,82653.73,Mani,Ojas Chowdhury,3149403.23
SRO/TN/42116,RS/214/9B,13/02/2026,27623.93,Daniel Dutta,Nagrajan,412566.46
SRO/TN/49979,SF/939/6A,29/11/2025,61264.67,Omaja Subramanian,Chinnasamy,584141.15
SRO/TN/15244,RS/898/2C,22/11/2025,40486.69,Pratyush Raghavan,Suresh,257441.23
SRO/TN/24166,SF/950/9,02/03/2025,17737.83,Ayush De,Aarumugam,91151.68
SRO/TN/16733,SF/665/7C,23/02/2026,39306.86,Vinaya Chowdhury,Marimuthu,419588.89
SRO/TN/40460,SF/698/1C,20/03/2024,84203.51,Ridhi Batra,Balasubramanian,1337633.55
SRO/TN/72287,SF/698/1C,10/05/2024,84203.51,Balasubramanian,Advika Murthy,1883695.57
SRO/TN/51725,T-415/7A,15/10/2022,28053.74,Udarsh Nigam,Pazhani,619223.59
SRO/TN/51350,T-611/5C,22/01/2025,98209.39,Rachita Kothari,Karthick,0.0
SRO/TN/93447,SF/171/3,29/10/2022,56094.88,Hiral Rajan,Pazhani,0.0
SRO/TN/51930,SF/696/1B,26/03/2026,32289.44,Chatura Apte,Venkat,398449.32
SRO/TN/58260,T-172/3D,01/10/2023,22994.81,Yashasvi Singh,Murugan,511921.28
SRO/TN/44539,RS/374/8,01/12/2023,32077.5,Noah Borde,Vadivel,95762406.22
SRO/TN/35779,T-532/1,18/02/2025,5624.78,Ekani Khosla,Balasubramanian,63512.32
SRO/TN/73120,RS/369/4C,01/10/2022,21713.15,Arunima Bedi,Pazhani,12484078.02
SRO/TN/75580,T-180/5C,26/02/2024,39184.69,Kritika Rau,Anbazhagan,510345.52
SRO/TN/55385,RS/296/2,09/04/2022,98248.9,Farhan Sharaf,Arun,1936410.7
SRO/TN/71755,RS/499/5,04/10/2025,19840.24,Sara Chakrabarti,Ramasamy,242629.97
SRO/TN/84758,RS/361/1,25/08/2026,15519.28,Sanya Mutti,Siva,96739.19
SRO/TN/90269,SF/443/2,29/07/2022,17233.87,Widisha Badami,Subramani,350480.86
SRO/TN/45447,RS/178/7C,27/04/2023,57405.6,Netra Sachar,Periyasamy,677209.58
SRO/TN/32998,RS/559/3A,13/03/2023,39091.58,Aadi Chand,Thankaraj,878498.18
SRO/TN/51491,RS/480/6A,07/09/2022,21323.07,Yashoda Jhaveri,Chinnasamy,371774.54
SRO/TN/28921,T-557/5,21/12/2025,43068.41,Harita Patla,Andal,378573.12
SRO/TN/46436,SF/57/5D,21/05/2026,28974.16,Udant Sha,Arumugam,344637.54
SRO/TN/12421,T-55/4B,12/07/2022,66558.58,Urvashi Patla,Gopi,987516.95
SRO/TN/85315,T-960/1D,05/12/2024,21767.51,Ishaan Chatterjee,Raja,303282.33
SRO/TN/96137,SF/107/8,19/04/2025,64771.01,Aarnav Om,Pandi,922895.92
SRO/TN/83841,T-267/8D,21/12/2021,35435.73,Bishakha Vig,Venkat,229534.06
SRO/TN/12902,T-560/4A,20/07/2022,3821.08,Hitesh Bath,Pazhani,55927.85
SRO/TN/59556,SF/476/7D,19/10/2022,26748.29,Waida Dey,Suresh,328620.49
SRO/TN/24839,T-635/8,14/01/2023,18846.62,Hredhaan Kumar,Rajeswari,821546.7
SRO/TN/72360,T-400/9,13/09/2022,9530.03,Raghav Dara,Raman,282233.82
SRO/TN/76208,T-311/7,21/05/2022,45149.93,Tanveer Shankar,Kannan,53423421.74
SRO/TN/51444,T-539/5,28/10/2023,38259.21,Hamsini Chokshi,Tamilselvan,232173.73
SRO/TN/47864,T-163/4,09/12/2021,42848.5,Chakradhar Dasgupta,Velu,938423.85
SRO/TN/26924,T-914/7D,28/09/2025,12981.37,Tanvi Thaman,Pazhani,24094130.75
SRO/TN/60395,RS/622/1,28/05/2022,17286.93,Wishi Agrawal,Padma,178216.88
SRO/TN/44515,SF/89/1C,10/02/2022,41691.49,Rachita Subramanian,Arun,595515.92
SRO/TN/37425,SF/349/3C,07/08/2023,73671.47,Oscar Dave,Andal,1301420.76
SRO/TN/30416,RS/366/9D,27/11/2023,21248.58,Lila Nagy,Tamilselvan,409696.5
SRO/TN/77400,RS/104/2A,01/10/2023,27412.64,Omya Kothari,Parvathi,363726.98
SRO/TN/90616,SF/894/3,10/09/2024,7096.64,Mitali Oza,Rajendran,157183.42
SRO/TN/43878,RS/432/5,15/07/2026,7124.73,Sneha Deol,Velusamy,0.0
SRO/TN/14890,T-927/1,11/04/2026,33745.26,Nitara Vala,Siva,486862.7
SRO/TN/30224,RS/741/1,25/12/2025,10984.34,Dipta Kalla,Seetha,110506.55
SRO/TN/81417,SF/793/4B,30/05/2026,20112.78,Shaurya Mannan,Saravannan,59692731.56
SRO/TN/10612,SF/441/7B,09/10/2022,59410.7,Kevin Gokhale,Nagarajan,67675651.6
SRO/TN/87964,T-582/1D,16/06/2022,30636.21,Jack Pandey,Arun,0.0
SRO/TN/85003,RS/617/4,13/12/2024,14531.26,Omisha Walla,Chelvi,115368915.84
SRO/TN/30099,SF/455/5,18/11/2021,23832.46,Pahal Arya,Sita,30991374.69
SRO/TN/84730,RS/923/7C,25/05/2026,70615.7,Aryan Raj,Vadivel,60527227.49
SRO/TN/28467,T-451/8,24/05/2025,27938.03,Chatresh Bhalla,Arumugam,416019.69
SRO/TN/69311,T-394/8,16/11/2021,54389.88,Amara Dyal,Mani,714878.18
SRO/TN/79557,RS/33/9D,16/12/2022,17978.94,Zashil Dhingra,Periyasamy,401638.39
SRO/TN/90768,T-445/7D,09/01/2022,12536.07,Chakrika Jani,Rajendran,149729.54
SRO/TN/32563,RS/435/9,15/09/2023,30369.05,Jagrati Sethi,Dinesh,528054.66
SRO/TN/92066,RS/40/5,21/06/2023,3178.69,Udarsh Ramachandran,Lakshmi,2219742.05
SRO/TN/86051,RS/18/8,18/03/2024,17210.61,Yasti Mani,Rajeswari,17909046.14
SRO/TN/45817,RS/185/5D,18/04/2026,23427.84,Lakshmi Ram,Siva,447507.34
SRO/TN/57917,SF/671/1,10/05/2025,84235.48,Dhriti Bhagat,Ramasamy,939340.36
SRO/TN/36816,RS/17/6B,24/03/2025,22137.25,Zayan Jain,Siva,643728.75
SRO/TN/27742,RS/585/6D,03/07/2025,18127.16,Umang Pillai,Chinnasamy,198081.37
SRO/TN/37436,RS/966/5B,22/07/2024,13145.84,Rishi Menon,Bala,231417.76
SRO/TN/47601,RS/524/9D,12/03/2022,27307.15,Peter Borde,Selvam,235289.0
SRO/TN/56462,SF/579/9B,02/04/2026,32309.68,Oscar Varkey,Pathmaa,627152.71
SRO/TN/57446,T-533/8,09/01/2023,18701.74,Krishna Baria,Shiva,131740.96
SRO/TN/99686,T-996/2C,29/11/2024,40362.8,Arya Lalla,Sanmugam,685783.66
SRO/TN/28334,T-496/4A,27/08/2024,23710.5,Naveen Kumer,Chinnasamy,0.0
SRO/TN/89286,SF/419/7B,07/01/2026,37051.39,Ganga Shukla,Pazhani,75318012.64
SRO/TN/92573,RS/761/2,26/09/2022,111984.49,Balveer Dube,Muthukumar,1172667.09
SRO/TN/53745,RS/363/3A,01/07/2024,444951.53,Charan Mitra,Muthammal,6118785.02
SRO/TN/70958,SF/740/1,15/03/2023,242916.04,Ishita Bora,Gopee,15436326.42
SRO/TN/54419,T-138/3C,04/01/2024,44430.69,Thomas Gour,Periyasamy,501598.16
SRO/TN/42524,T-465/7,12/11/2022,244048.29,Yashasvi Dutta,Ilangovan,0.0
SRO/TN/38200,RS/776/3,20/07/2024,147800.73,Netra Chanda,Rajeswari,2906038.7
SRO/TN/56927,SF/295/5A,19/09/2025,121607.96,Timothy Kala,Suresh,0.0
SRO/TN/58829,T-925/1B,28/06/2026,298152.5,Garima Patel,Selvam,5783950.55
SRO/TN/45653,RS/303/2C,10/01/2022,439545.26,Tejas Wali,Dinesh,9345862.99
SRO/TN/17929,T-120/6D,15/08/2022,397699.63,Aditya Contractor,Kannan,5309700.46
SRO/TN/19022,T-689/2C,16/07/2022,99520.87,Sanaya Khosla,Suresh,188966325.13
SRO/TN/50309,T-677/1C,22/12/2021,159829.49,Balveer Nagi,Arumugam,2297780.01
SRO/TN/33957,SF/204/2B,19/02/2025,213030.39,Ishaan Raju,Aroon,3309075.3
SRO/TN/76782,RS/705/5B,03/07/2026,398949.42,Barkha Bakshi,Karthik,5753640.27
SRO/TN/29539,SF/897/5C,14/12/2021,130035.66,Yoshita Trivedi,Venkat,2447772.5
SRO/TN/71531,RS/430/8,05/06/2022,149752.65,Vidhi Bassi,Selvam,1245529.36
SRO/TN/80866,SF/298/5B,16/05/2025,82159.23,Reyansh Nagi,Jeyaram,1019492.36
SRO/TN/41275,RS/436/7,05/03/2022,103817.28,Gopal Ganesh,Bala,1585533.86
SRO/TN/72037,T-897/3B,21/06/2025,319054.16,Dominic Kade,Mahesh,298314487.19
SRO/TN/48441,SF/822/7,13/08/2022,656857.09,Panini Chawla,Balasubramaniam,0.0
SRO/TN/60599,T-406/4,22/12/2021,155606.17,Radhika Bora,Saraswathi,3240490.26
SRO/TN/93927,T-105/9A,25/07/2026,436680.98,Arjun Sharaf,Raman,9786720.49
SRO/TN/66999,SF/833/7C,08/07/2022,249779.21,Baljiwan Chahal,Pazhani,4742892.62
SRO/TN/14258,SF/833/7C,28/08/2022,249779.21,Pazhani,Chatura Gokhale,6549610.4
SRO/TN/46044,T-620/3,29/06/2022,105803.97,Ekavir Kari,Muthammal,0.0
SRO/TN/97797,SF/310/5A,03/07/2022,232276.14,Nikita Rama,Bala,4701776.97
SRO/TN/28319,T-286/8,23/05/2024,689870.94,Nidhi Sant,Mani,836341163.69
SRO/TN/26004,T-732/2A,08/06/2022,183023.22,Anay Ramachandran,Velusamy,3416808.59
SRO/TN/97858,RS/148/2,04/12/2024,660952.97,Abeer Bhatnagar,Tamilselvan,8080651.4
SRO/TN/59088,T-741/4,08/01/2024,11595.3,Elijah Parmar,Valli,0.0
SRO/TN/76704,RS/893/1,22/04/2023,412620.54,Bimala Mitra,Bala,3012516.97
SRO/TN/70112,T-495/9B,11/02/2024,196264.75,Baghyawati Sarma,Kalaiarasan,195508598.91
SRO/TN/31330,SF/533/2,03/08/2026,141258.53,Megha Balasubramanian,Nagarajan,1265777.13
SRO/TN/66971,RS/121/7,07/08/2026,203326.84,Naksh Walla,Anbazhagan,3957509.6
SRO/TN/25449,RS/536/4D,13/11/2025,34135.56,Laban Raman,Tamilselvan,229057.26
SRO/TN/69683,SF/169/9C,26/08/2022,181221.77,Maanas Misra,Gopi,2649436.47
SRO/TN/84829,SF/711/2B,03/08/2025,193114.48,Advay Dhaliwal,Lakshmi,4387175.96
SRO/TN/72348,RS/644/1,27/05/2025,655433.46,Benjamin Ahluwalia,Chandra,4890579.96
SRO/TN/40653,T-555/4,23/03/2025,130721.65,Frederick Mody,Ramasamy,0.0
SRO/TN/46087,T-785/7,21/05/2023,90061.98,Hemangini Kakar,Kannan,1126257.99
SRO/TN/59084,T-151/3,25/02/2022,110332.67,Yauvani Dhar,Ramasamy,1289860.36
SRO/TN/62016,RS/724/8,17/07/2024,434691.92,Qarin Kant,Manimegalai,2087694.02
SRO/TN/31772,RS/502/5C,20/07/2023,237842.69,Rishi Contractor,Kumar,5517521.12
SRO/TN/51584,T-435/4B,27/09/2024,139063.13,Chatura Shenoy,Muthukumar,117998004.32
SRO/TN/32383,T-200/1B,16/08/2024,272325.16,Bina Bhavsar,Raaman,0.0
SRO/TN/80021,RS/658/8A,23/01/2023,188795.36,Guneet Hora,Balasubramanian,2249970.73
SRO/TN/32858,T-648/8A,05/01/2024,421979.22,Ganga Parikh,Sundar,4972449.82
SRO/TN/30203,SF/723/3D,07/09/2022,21774.51,Wahab Chaudhry,Mahalakshmi,176804.26
SRO/TN/10586,T-285/4C,25/11/2021,118724.42,Ekaraj Hari,Siva,0.0
SRO/TN/65606,RS/427/1,30/12/2022,69164.19,Vedika Seshadri,Kumar,0.0
SRO/TN/37116,T-518/7,02/08/2025,14529.11,Damini Dua,Murughan,164675.83
SRO/TN/47689,T-89/8,09/07/2023,54955.52,Diya Sangha,Pandi,0.0
SRO/TN/76716,SF/223/6A,07/04/2022,36762.38,Aayush Munshi,Sundar,67247910.22
SRO/TN/58901,RS/183/5,14/09/2022,28366.0,Timothy Sarin,Arun,476858.86
SRO/TN/90754,RS/95/8,22/03/2024,85956.2,Jagvi Desai,Dinesh,0.0
SRO/TN/59494,T-395/3B,26/12/2021,124213.36,Varsha Shere,Kumar,1857706.43
SRO/TN/47686,T-565/5,19/10/2022,97894.98,Jagrati Mody,Dinesh,1558681.36
SRO/TN/26635,RS/144/8B,21/08/2025,25216.27,Ikbal Gill,Aarumugam,169648.8
SRO/TN/13876,SF/936/6,21/02/2026,42207.08,Avni Dey,Selvam,41841292.11
SRO/TN/46049,T-409/8D,07/04/2024,56180.13,Adya Bose,Elangovan,43339683.87
SRO/TN/15586,T-111/7A,25/05/2025,101280.87,Anirudh Tripathi,Murugan,1491028.38
SRO/TN/94507,T-204/3,19/10/2022,32845.72,Nidhi Kala,Maheash,441365.72
SRO/TN/92530,RS/170/8,11/02/2024,46788.84,Abha Zacharia,Raajaa,1010314.5
SRO/TN/74922,SF/158/9D,29/08/2022,22335.95,Manthan Pau,Karthik,395069.44
SRO/TN/11589,T-386/8C,14/01/2024,25633.9,Udant Mannan,Velusamy,549992.28
SRO/TN/82707,T-748/7B,27/01/2025,84634.07,Ucchal Thaker,Veluchami,600529.2
SRO/TN/61745,T-843/1B,19/10/2024,133573.33,Mekhala Patla,Saravanan,1749266.71
SRO/TN/68973,SF/348/7C,13/04/2024,47437.05,William Gandhi,Murugan,643294.22
SRO/TN/63608,SF/477/2,05/10/2023,109330.01,Sanaya Dutta,Rajendiran,4156863.6
SRO/TN/60753,T-412/7D,16/01/2023,62261.63,Madhav Sule,Kalaivani,0.0
SRO/TN/96869,RS/730/6D,30/04/2022,29245.52,Banjeet Kanda,Marimuthu,56840496.59
SRO/TN/43335,T-746/8A,02/11/2023,64096.76,Vincent Bhatnagar,Nagarajan,58896675.64
SRO/TN/49981,RS/346/5D,31/03/2025,185096.67,Kala Kaur,Balasubramanian,3120275.15
SRO/TN/10116,T-115/6C,08/07/2026,49100.18,Samuel Vasa,Kalaivaani,812500.51
SRO/TN/96219,RS/915/5,07/12/2023,179122.81,Lipika Singh,Pathmaa,2405754.27
SRO/TN/95443,T-742/2A,27/10/2025,2572.68,Chakradhar Baral,Arumugam,24514.43
SRO/TN/31819,RS/739/2D,02/07/2022,90893.49,Harshil Verma,Veluchami,1920585.98
SRO/TN/96188,SF/711/1,27/11/2021,52882.61,Adya Ghosh,Ramasamy,31779712.79
SRO/TN/90899,SF/620/7,27/11/2022,41123.7,Kritika Pau,Venkat,0.0
SRO/TN/44711,T-810/6,06/02/2024,54087.52,Zansi Krishnamurthy,Kannen,313402.62
SRO/TN/73327,RS/651/6B,04/06/2023,10282.0,Udant Varty,Balasubramanian,115629.74
SRO/TN/70825,T-511/4B,30/11/2021,45822.78,Ira Pai,Marimuthu,508871.82
SRO/TN/55958,RS/86/4C,08/07/2023,49265.29,Vasatika Ahuja,Mani,869092.32
SRO/TN/83658,SF/640/6B,16/05/2023,157218.92,Ria Gandhi,Sundar,1020498.21
SRO/TN/85611,SF/114/5,06/06/2025,31900.65,Faraj Varkey,Karuppasamy,630931.82
SRO/TN/96102,T-781/6B,13/11/2022,21938.01,Siddharth Doctor,Jeyaram,0.0
SRO/TN/57269,SF/410/5,27/10/2021,30413.83,Nakul Pathak,Marimuthu,0.0
SRO/TN/86896,RS/421/4C,07/05/2024,123883.12,Victor Sachdeva,Nagarajan,2640202.71
SRO/TN/86908,RS/625/4,26/07/2026,61467.9,Ishaan Subramaniam,Annamma,466845.26
SRO/TN/40124,SF/871/3A,04/11/2023,34445.99,Varenya Kade,Kalaiarasan,799763.7
SRO/TN/67190,SF/816/3A,04/03/2024,73928.51,Nirja Bains,Baala,1057000.7
SRO/TN/28094,SF/8/1C,28/08/2022,55135.39,Caleb Datta,Kumaar,296297.63
SRO/TN/38577,T-663/9C,12/05/2022,118163.62,Krish Vala,Nagammal,0.0
SRO/TN/64535,T-645/8A,29/08/2022,40072.6,Manan Bhalla,Murugan,42397085.27
SRO/TN/25068,RS/216/5,07/05/2025,151685.09,Aarna Gole,Pandi,0.0
SRO/TN/78746,RS/582/5B,27/09/2022,80079.43,Anirudh Mander,Rajendran,627031.17
SRO/TN/47214,RS/968/3B,20/01/2025,23059.4,Tarak Sen,Tamilselvan,374334.98
SRO/TN/68340,RS/264/4,13/01/2025,83300.42,Vasatika Garde,Kannan,1006117.11
SRO/TN/79112,RS/489/3,03/10/2023,41686.22,Nirja Dhar,Chinnasamy,290924.14
SRO/TN/49981,T-494/3A,22/10/2021,32868.75,Yasti Lalla,Karuppasamy,475955.16
SRO/TN/91459,T-809/2C,13/04/2023,91212.64,Hema Setty,Saravanan,0.0
SRO/TN/51771,T-920/4C,26/04/2022,158162.81,Victor Radhakrishnan,Pathmaa,2247103.86
SRO/TN/29093,T-551/2D,17/09/2023,124491.82,Kevin Chopra,Velu,1239089.44
SRO/TN/45449,T-735/8,09/06/2025,32349.39,Samaksh Virk,Kalaiarasan,342133.51
SRO/TN/61331,T-311/1,27/11/2025,55121.29,Mason Char,Velu,770290.6
SRO/TN/80160,SF/202/8,10/02/2023,80788.24,Vamakshi Barad,Siva,863756.32
SRO/TN/48899,RS/882/2C,28/05/2023,140695.37,Girik Subramaniam,Maheash,1097667.36
SRO/TN/75758,T-181/6B,09/12/2023,47665.67,Aarav Sankar,Muthukumar,864121.25
SRO/TN/31585,T-317/8,18/07/2023,54564.9,Kamala Bassi,Gopi,2579290.71
SRO/TN/22198,SF/779/7C,30/08/2025,25005.72,Veer Subramaniam,Ayyanar,189623.04
SRO/TN/12944,SF/219/5B,30/01/2026,31342.86,Inaya Chaudhari,Venkata,666276.99
SRO/TN/83416,SF/873/3B,24/06/2024,121734.33,Krish Kumar,Karthik,1979408.07
SRO/TN/16293,SF/873/3B,08/07/2024,121734.33,Karthik,Viraj Chacko,2462516.82
SRO/TN/53095,SF/956/5A,20/02/2025,180425.35,Nilima Kurian,Thangaraj,2114560.32
SRO/TN/41013,T-403/7,24/04/2024,60073.86,Abdul Amble,Bala,1296617.38
SRO/TN/95745,T-208/4C,18/07/2026,149781.71,Zinal Amble,Muthukumar,0.0
SRO/TN/66932,SF/817/4B,09/07/2022,84330.21,Samesh Mutti,Bala,467372.1
SRO/TN/98304,RS/975/1D,18/05/2023,32663.49,Janaki Chhabra,Ayyanar,472794.87
SRO/TN/54098,SF/58/6,26/04/2026,92715.18,Pooja Kulkarni,Balasubramanian,0.0
SRO/TN/30973,T-424/3D,05/05/2022,210536.82,Pallavi Pau,Velu,2102066.72
SRO/TN/52057,RS/571/9D,25/12/2022,69850.82,Mekhala Jani,Tamilselvan,1558180.28
SRO/TN/75437,RS/766/4,20/08/2024,216331.57,Vasudha Gola,Baala,364947409.31
SRO/TN/19586,SF/144/2C,22/06/2022,3081.7,Veda Kulkarni,Rajendran,54759.46
SRO/TN/75020,RS/33/9D,30/06/2023,133233.08,Hemangini Rao,Chinnaswamy,2233523.07
SRO/TN/31005,SF/545/3D,21/07/2023,68161.75,Jagat Karpe,Velu,371055.53
SRO/TN/97326,T-442/5A,07/05/2022,53953.62,Neel Chaudhry,Arun,1133817.86
SRO/TN/17955,T-301/1B,21/06/2024,63077.1,Yashoda Rattan,Chandra,42525328.96
SRO/TN/93457,RS/546/8C,11/05/2022,9337.58,Charles Dyal,Saravanan,119330.92
SRO/TN/58298,SF/212/5,09/05/2022,55529.13,Abdul Chand,Tamilselvan,410492.31
SRO/TN/97390,RS/951/4C,12/11/2024,65464.32,Urishilla Saran,Mahalakshmi,0.0
SRO/TN/72149,SF/899/8,27/07/2026,236808.6,Devansh Lall,Karthik,3112508.44
SRO/TN/26666,T-835/2,20/07/2024,38765.86,Kamala Buch,Nagarajan,216283.65
SRO/TN/63480,T-620/6C,21/12/2023,33848.38,Leena Rattan,Karthik,610441.27
SRO/TN/82701,RS/17/1A,14/01/2026,39580.8,Dakshesh Gill,Ayyanar,697353.16
SRO/TN/42312,T-308/4C,07/12/2021,125686.62,Reva Anne,Velu,0.0
SRO/TN/51785,SF/145/4,03/11/2024,77815.14,Zarna Mangal,Suresh,1542332.99
SRO/TN/48011,SF/430/3,19/05/2024,50855.88,Bahadurjit Uppal,Shiva,1615246.55
SRO/TN/36149,RS/931/5B,20/02/2023,93268.87,Omkaar Banik,Pandi,125780059.73
SRO/TN/68858,T-174/3,25/08/2022,64878.44,William Acharya,Kamakshi,807244.28
SRO/TN/63416,RS/922/5,27/12/2023,133053.75,Gabriel Majumdar,Kanakammal,2522241.08
SRO/TN/88115,SF/825/3,04/10/2023,13799.21,Ira Rana,Kanagammal,0.0
SRO/TN/12927,T-676/5,26/08/2025,42196.75,Sai Vasa,Pazhani,50175459.05
SRO/TN/10279,RS/433/6C,06/12/2025,23385.33,Ekapad Chana,Suresh,520662.34
SRO/TN/49319,SF/856/4,09/02/2023,5661.17,Ijaya Palan,Anbazhagan,0.0
SRO/TN/75047,RS/121/5C,25/08/2023,23006.65,Upkaar Hayer,Tamilselvan,150889.33
SRO/TN/50556,T-270/2D,06/10/2024,14904.99,Netra Agrawal,Karuppasamy,512097.8
SRO/TN/49980,T-730/5,03/01/2026,13094.71,Parth Ray,Muthukumaar,0.0
SRO/TN/28247,T-763/6B,18/07/2025,33092.75,Elijah Thakur,Muthammal,745630.0
SRO/TN/24258,T-171/6,18/10/2022,45362.3,Harini Dada,Shanmugam,0.0
SRO/TN/35522,RS/879/4,11/04/2023,37564.72,Zashil Savant,Raja,319755.59
SRO/TN/36614,RS/140/5,13/01/2024,9552.1,Veda Kohli,Thangaraj,158906.05
SRO/TN/60763,RS/144/3A,09/05/2026,13722.68,Tara Sharma,Balasubramaniam,14232158.57
SRO/TN/44802,SF/915/7,13/02/2025,20331.82,Vasatika Dada,Kumar,308780157.38
SRO/TN/70479,T-121/9,21/08/2026,43079.28,Ekansh Raja,Suresh,127593859.18
SRO/TN/11043,RS/158/2D,12/04/2023,14146.24,Victor Mutti,Pandi,549965.68
SRO/TN/46627,T-106/2C,17/06/2025,18724.88,Ira Varty,Rajendran,292257.86
SRO/TN/92521,RS/927/5C,11/08/2022,7969.91,Adya Kothari,Periyasamy,122110.42
SRO/TN/61180,T-500/9B,03/05/2022,6971.78,Girik Rastogi,Meenakshi,0.0
SRO/TN/72712,RS/595/7D,07/05/2025,32674.03,Faqid Gokhale,Balasubramanian,2093608.66
SRO/TN/21190,T-797/7C,05/03/2023,54456.51,Dipta Pandya,Tamizhelvan,1122615.72
SRO/TN/61938,SF/747/8D,23/02/2022,16567.9,Amruta Goswami,Dinesh,132644.09
SRO/TN/66439,RS/470/5D,11/06/2026,48238.85,Wishi Iyengar,Suresh,77469756.08
SRO/TN/66899,SF/865/8D,13/04/2022,28083.66,Wyatt Lanka,Veluchami,41677083.93
SRO/TN/96409,RS/637/8C,19/05/2024,10951.51,Veer Jain,Baala,242938.72
SRO/TN/95486,SF/596/5B,16/01/2026,26354.01,Ishani Dugal,Marimuthu,174130.08
SRO/TN/19731,T-613/7D,05/03/2026,63364.5,Jagdish Brar,Velu,77800847.7
SRO/TN/27280,RS/629/2,17/07/2022,27309.52,Abeer Basak,Selvam,422592.32
SRO/TN/30883,T-225/4,02/06/2025,67732.38,Kamya Murty,Suresh,673056.02
SRO/TN/32693,RS/570/9B,09/03/2024,3531.64,Anvi Swaminathan,Ramasamy,23816.91
SRO/TN/37006,RS/823/5A,23/09/2022,34822.19,Yasti Mammen,Nagarajan,444076.29
SRO/TN/36952,T-253/9B,21/01/2022,19898.68,Tristan Dave,Kannan,0.0
SRO/TN/24448,T-234/6C,08/01/2022,14808.22,Pallavi Sridhar,Baala,19748179.69
SRO/TN/50501,RS/606/7,14/03/2024,21862.88,Yadavi Palan,Siva,141753755.52
SRO/TN/81836,SF/66/6,29/09/2022,3191.17,Owen Shankar,Mahalakshmi,32424.99
SRO/TN/70909,SF/66/6,31/10/2022,3191.17,Mahalakshmi,Zarna Sharma,38369.01
SRO/TN/41680,T-463/5B,20/06/2025,15088.62,Abhiram Arora,Jayalakshmi,325372.42
SRO/TN/19990,T-55/6B,18/08/2026,23184.58,Ladli Chaudhuri,Thangaraj,446561.39
SRO/TN/15788,SF/856/3,28/04/2023,74323.65,Janaki Lad,Arun,1459042.11
SRO/TN/18661,SF/856/3,27/05/2023,74323.65,Arun,Adya Khalsa,1715579.76
SRO/TN/25441,RS/825/7A,20/10/2022,14694.45,Urishilla Oza,Tamizhelvan,297497.74
SRO/TN/28507,SF/189/5A,24/11/2023,10855.39,Qarin Tara,Periyasamy,145236.24
SRO/TN/65945,T-63/9,09/08/2026,12031.89,Shivansh Saini,Selvam,95355.2
SRO/TN/26048,T-63/9,02/10/2026,12031.89,Selvam,Janya Rattan,124503.48
SRO/TN/44615,RS/187/9,09/03/2023,33467.98,Shravya Gole,Kalaivani,333813.5
SRO/TN/74959,SF/520/3D,15/09/2022,25291.72,Veer Chaudhry,Venkata,36097612.58
SRO/TN/60445,RS/111/6C,08/12/2024,15863.73,Warinder Sankaran,Pandi,110300.31
SRO/TN/57933,T-562/7D,21/02/2024,30182.51,Rohan Dhingra,Ramasamy,0.0
SRO/TN/73049,SF/814/7,16/12/2023,19066.42,Urvashi Andra,Pazhani,354214.88
SRO/TN/23774,T-589/9B,12/09/2023,42281.35,Oviya Tata,Ilangovan,0.0
SRO/TN/61835,RS/414/7A,13/03/2023,28272.78,Zansi Walla,Arun,531491.41
SRO/TN/62869,RS/790/1B,04/04/2022,82681.39,Vidhi Mital,Mahesh,1172191.53
SRO/TN/52139,RS/790/1B,29/04/2022,82681.39,Mahesh,Champak Rao,1678916.12
SRO/TN/84567,RS/395/4,12/06/2026,49919.2,Nihal Bhasin,Tamilselvan,708810.58
SRO/TN/48375,RS/973/3,25/02/2026,11806.49,Aachal Soni,Arumugam,74357197.79
SRO/TN/38190,SF/922/2,20/07/2024,51207.53,Shivani Natt,Raman,621885.23
SRO/TN/47989,T-253/5A,01/12/2025,27158.61,Jalsa Parsa,Nagrajan,137114527.83
SRO/TN/92714,RS/707/1A,22/02/2025,19962.94,Hemangini Bahri,Kalaiarasan,0.0
SRO/TN/54162,T-405/1C,18/02/2023,55329.35,Jairaj Panchal,Rajendran,0.0
SRO/TN/19305,SF/188/9,04/12/2023,75986.89,Owen Mane,Selvi,60681048.43
SRO/TN/47871,SF/405/4,01/06/2022,76612.17,Ekta Uppal,Dinesh,0.0
SRO/TN/34020,RS/449/3A,15/03/2023,20253.68,Sanya Brar,Selvam,235840.17
SRO/TN/10279,RS/944/3,15/10/2024,32079.54,Bhavini Sheth,Karthik,0.0
SRO/TN/40930,T-200/6C,02/09/2025,51525.17,Oliver Nazareth,Chinnasamy,795255.45
SRO/TN/47411,SF/420/9B,23/10/2022,82122.1,Nidhi Bora,Dinesh,1104970.45
SRO/TN/62268,RS/4/1D,19/08/2026,19661.99,Neel Oza,Meenakshi,21114449.31
SRO/TN/40086,RS/290/7A,19/01/2023,31306.7,Dipta Nadig,Seetha,0.0
SRO/TN/99726,RS/550/6,28/10/2025,15558.68,Amara Rana,Anbazhagan,169328.24
SRO/TN/95343,SF/412/3D,20/08/2023,14127.3,Sai Patil,Kumar,316929.42
SRO/TN/42163,RS/137/9,11/12/2022,85061.83,Odika Ganesh,Marimuthu,484171.28
SRO/TN/77538,T-668/8,15/01/2026,111980.51,Arin Dass,Ramaswamy,1522588.14
SRO/TN/20182,T-394/9A,29/10/2025,36472.29,Zayan Buch,Gopi,0.0
SRO/TN/95505,T-788/3C,31/10/2022,91077.13,Ojas Ranganathan,Surase,126178314.54
SRO/TN/84210,RS/626/9C,19/12/2023,52797.04,Girish Bhatt,Kannan,566927.22
SRO/TN/97210,RS/954/6,04/03/2026,18506.27,Chatura Bal,Saraswathi,182701.2
SRO/TN/32195,RS/487/6C,05/01/2022,49658.71,Fiyaz Chawla,Bala,1144481.04
SRO/TN/81010,T-420/3B,01/09/2023,137297.1,Nachiket Chad,Kumar,1652926268.67
SRO/TN/93028,SF/902/7A,14/06/2026,47169.99,Dayamai Karnik,Pandi,0.0
SRO/TN/12133,T-353/6,09/12/2022,113909.51,Bhanumati Savant,Marimuthu,1774282.68
SRO/TN/37226,T-202/6,28/03/2022,5800.77,Karan Vyas,Raja,74820.35
SRO/TN/47865,RS/174/6D,26/05/2023,68349.47,Ayush Banerjee,Sundar,634586.94
SRO/TN/18260,T-778/8C,27/02/2025,43693.9,Eshana Soni,Kalaivani,0.0
SRO/TN/23337,RS/376/9D,16/07/2024,30790.46,Anita Saxena,Tamilselvan,470273.91
SRO/TN/30561,RS/274/2A,12/12/2023,39161.97,Peter Shan,Rajendran,71592699.26
SRO/TN/84323,SF/249/2,27/12/2025,7449.91,Dayita Palan,Pandi,5004358.68
SRO/TN/58680,SF/160/8C,07/03/2023,31986.22,Utkarsh Chakraborty,Raaman,738524476.67
SRO/TN/28644,SF/94/2,08/04/2026,62377.23,Darika Pau,Arun,749919.17
SRO/TN/94407,T-724/3A,01/12/2023,117157.3,Abha Dugal,Anbazhagan,948254.96
SRO/TN/29889,RS/148/9B,12/08/2025,24340.95,Advaith Acharya,Raman,0.0
SRO/TN/58140,SF/405/5B,26/05/2025,21912.72,Hemangini Mangat,Bala,104230751.54
SRO/TN/24333,T-258/5D,02/01/2023,25342.85,Abhiram Swamy,Pazhani,119357.2
SRO/TN/75361,RS/715/2B,08/05/2022,80858.42,Chandani Andra,Andal,816452.14
SRO/TN/82087,SF/602/3,13/08/2025,47591.51,Brinda Kashyap,Karuppasamy,463583.04
SRO/TN/76288,RS/157/3C,12/02/2024,21683.12,Kashvi Gulati,Veluchami,0.0
SRO/TN/63379,SF/445/3,17/08/2024,52944.07,Rajeshri Rana,Anbalagan,1092439.93
SRO/TN/22434,RS/163/5D,24/11/2023,34511.43,Nihal Ramakrishnan,Gopi,395214.77
SRO/TN/20080,RS/163/5D,12/01/2024,34511.43,Gopi,Thomas Lall,541496.91
SRO/TN/70554,SF/500/1,07/12/2021,81919.84,Pahal Khatri,Periyasamy,1538872.83
SRO/TN/29269,SF/427/8,10/12/2023,49817.59,Bhavani Wali,Pazhani,1017187.32
SRO/TN/29835,T-289/6C,05/12/2025,149654.48,Nitara Guha,Ramasamy,2639942.47
SRO/TN/34426,SF/215/6C,01/05/2024,94340.09,Qabil Deshpande,Sundar,2318408.51
SRO/TN/29274,SF/726/4D,07/06/2023,17150.77,Indrajit Shah,Suresh,280710.82
SRO/TN/81798,T-330/2B,14/11/2025,79167.3,Anita Swamy,Chelvam,469976.13
SRO/TN/23743,T-4/6,10/06/2025,48326.14,Ekani Bahl,Marimuthu,0.0
SRO/TN/55794,SF/844/4B,13/09/2023,38543.48,Chandran Warrior,Bala,895115.69
SRO/TN/36909,SF/306/5,01/12/2021,109874.23,Quincy Chaudry,Chinnasamy,1660696.48
SRO/TN/23359,SF/609/8D,03/08/2023,159331.77,Amruta Dass,Ponnammal,231792601.4
SRO/TN/76564,RS/980/1,06/12/2025,152291.42,Abhiram Kaul,Dinesh,1894566.0
SRO/TN/91447,RS/662/6A,15/02/2023,32308.49,Matthew Aurora,Nagrajan,674636.42
SRO/TN/80853,SF/741/3A,22/10/2023,45498.79,Teerth Oommen,Tamilselvan,38289640.82
SRO/TN/58226,RS/347/2A,04/09/2024,83366.73,Devika Tara,Pazhani,967000.87
SRO/TN/69085,SF/834/4A,18/08/2023,143868.78,Ubika Balay,Veluchami,8344114.34
SRO/TN/12700,T-864/4A,14/05/2026,49254.64,Faris Dhingra,Sushila,0.0
SRO/TN/80638,T-687/7,15/07/2024,58235.71,Amaira Ramanathan,Chinnasamy,651633.26
SRO/TN/62116,SF/358/2B,15/12/2023,26825.15,Upma Golla,Velu,252240.81
SRO/TN/68482,T-289/5B,24/06/2022,20430.42,Zashil Raj,Raman,150701008.27
SRO/TN/68249,SF/457/9D,29/02/2024,117794.31,Jairaj Kothari,Arun,0.0
SRO/TN/85288,SF/908/5,27/11/2022,208218.5,Saanvi Kota,Karthik,4657148.71
SRO/TN/98747,RS/212/8C,09/11/2021,60033.93,Rushil Sharma,Karthik,3439260.59
SRO/TN/31482,RS/815/4,03/05/2023,134961.76,Sathvik Solanki,Karuppaswamy,0.0
SRO/TN/60756,RS/391/3,07/01/2025,92231.34,Devika Naidu,Surase,0.0
SRO/TN/48781,SF/305/1,01/01/2023,25123.16,Brijesh Verma,Velu,185386.13
SRO/TN/49153,SF/15/2,10/01/2024,77535.17,Zehaan Srivastava,Karthik,0.0
SRO/TN/43144,T-387/1,26/06/2024,225635.99,Rushil Patel,Sundar,0.0
SRO/TN/95356,T-279/4,04/07/2026,73522.82,Tejas Chowdhury,Murugan,1111869.1
SRO/TN/30490,RS/811/4C,10/10/2022,231138.07,Radha Nair,Periyasamy,0.0
SRO/TN/10162,T-924/6C,20/07/2024,11907.78,Oliver Majumdar,Aiyanar,227298.35
SRO/TN/92255,RS/152/8C,25/09/2024,126766.77,Meghana Kibe,Veluchami,187463285.97
SRO/TN/66186,RS/462/9D,31/01/2023,67318.51,Brijesh Soman,Gopee,995877.23
SRO/TN/16650,SF/844/7,27/06/2024,51389.66,Kamya Chakraborty,Raja,796154.49
SRO/TN/90457,T-233/6A,19/10/2025,75120.83,Nakul Tata,Subramani,1641946.92
SRO/TN/96067,T-418/2,17/09/2024,10987.68,Hamsini Bhasin,Veluchami,18187058.6
SRO/TN/89768,T-973/5,19/04/2026,47578.05,Ishani Dube,Raman,0.0
SRO/TN/73094,RS/124/4,17/07/2026,101636.83,Jeremiah Sura,Arun,1149000.19
SRO/TN/15487,T-612/5,11/08/2026,203216.73,Edhitha Palan,Mahalakshmi,4409869.7
SRO/TN/74314,RS/33/8,07/11/2022,37032.01,Reyansh Bail,Ramasamy,262923.35
SRO/TN/81465,RS/28/7,12/11/2022,30440.96,Ishita Desai,Selvam,453520.6
SRO/TN/23508,T-945/2A,15/09/2022,37269.03,Balveer Sundaram,Sumati,196731.23
SRO/TN/81931,RS/222/7,07/11/2021,149188.41,Chaitaly Suri,Subramani,1113383.98
SRO/TN/27455,T-670/1,16/07/2024,85697.11,Rachit Pall,Marimuthu,0.0
SRO/TN/36826,SF/6/7D,26/12/2023,35954.66,Upadhriti Maharaj,Kumar,388041.2
SRO/TN/68210,T-866/8,09/11/2022,110969.46,Ekapad Wali,Saravanan,1694270.2
SRO/TN/27792,T-25/8A,09/04/2023,74688.01,Shivani Merchant,Kannan,0.0
SRO/TN/34284,RS/35/5A,05/05/2024,141783.27,Jeevika Setty,Anbalagan,1120003.88
SRO/TN/42109,SF/929/3,15/11/2023,23518.37,Yashawini Raghavan,Jeyaram,211574.33
SRO/TN/79227,RS/69/3B,30/03/2025,60344.58,Anirudh Patla,Vadivel,834301.77
SRO/TN/36362,SF/523/1,14/08/2024,32388.14,Ekani Bhatnagar,Kamala,654336.4
SRO/TN/83850,RS/821/4,25/10/2021,5345.35,Ranveer Viswanathan,Bala,44684.78
SRO/TN/56502,SF/150/3D,20/02/2022,31399.16,Mitesh Mandal,Anbazhagan,540631.08
SRO/TN/21898,RS/860/6,21/02/2023,15680.53,Nimrat Nagy,Tamizhelvan,228981.95
SRO/TN/30142,T-954/6A,12/12/2022,12603.67,Gopal Virk,Veluchami,36361705.74
SRO/TN/36264,RS/615/1A,31/03/2026,46233.0,Caleb Dayal,Chinnasamy,1737442.82
SRO/TN/45272,RS/666/6,05/02/2025,49556.24,Azad Jaggi,Shanmugam,0.0
SRO/TN/34341,T-614/3A,23/11/2022,35953.04,Vedika Handa,Karuppasamy,0.0
SRO/TN/10595,RS/896/5B,09/03/2025,9145.76,Azad Rama,Vellu,0.0
SRO/TN/57664,T-193/3D,05/12/2022,17485.63,Aahana Bawa,Jeyaram,0.0
SRO/TN/52414,T-533/3,10/02/2024,38913.44,Timothy Bobal,Baala,49572587.88
SRO/TN/94799,RS/384/4A,12/01/2023,49119.98,Sathvik Swamy,Gopi,847942.07
SRO/TN/37264,RS/833/9A,24/12/2025,17047.0,Upadhriti Bhat,Balasubramanian,353559.3
SRO/TN/49630,T-111/8A,30/11/2023,18864.38,Ojasvi Pillay,Subramani,0.0
SRO/TN/99996,T-111/8A,28/12/2023,18864.38,Subramani,Amaira Wadhwa,0.0
SRO/TN/85348,RS/111/9B,21/04/2026,10621.28,Ekavir Modi,Siva,66387.22
SRO/TN/94939,RS/247/4,13/02/2025,10641.08,Tarak Venkataraman,Tamilselvan,0.0
SRO/TN/85144,RS/781/4,06/06/2023,46840.29,Harrison Kashyap,Raja,961037.35
SRO/TN/43212,RS/829/8,12/04/2023,79170.42,Ranveer Hans,Mani,807783.37
SRO/TN/33263,SF/4/4C,10/02/2025,27074.01,Praneel Sagar,Venkata,1130473.81
SRO/TN/19530,T-455/8,22/05/2024,60450.39,Ishita Shanker,Chelvam,2671611.75
SRO/TN/29344,RS/448/9,29/11/2022,29668.32,Hemang Ganesan,Surase,461413.0
SRO/TN/63625,SF/807/7,24/07/2024,12767.49,Neelima Thaman,Shanmugam,193914.04
SRO/TN/99255,SF/661/2A,21/07/2023,46404.36,Nakul Walla,Nagrajan,1080464.8
SRO/TN/21032,SF/448/5,10/04/2024,84264.98,Indira Murty,Nagammal,1389713.29
SRO/TN/95711,T-830/4D,10/05/2023,18941.88,Kamya Sachar,Ilangovan,0.0
SRO/TN/96760,T-52/5,16/10/2022,85253.42,Ekiya Khosla,Kumaar,1362485.68
SRO/TN/44197,SF/534/2,03/12/2024,3890.18,Keya Kumar,Venkat,72454.73
SRO/TN/53432,SF/828/4B,07/05/2025,44117.46,Sneha Sem,Venkat,776802.2
SRO/TN/81376,T-955/3,18/10/2025,27152.05,Aadi Banerjee,Pandi,256839.76
SRO/TN/61491,RS/139/3,28/04/2026,16660.15,Amol Vasa,Chinnaswamy,197010.42
SRO/TN/38031,SF/728/2C,03/02/2024,24713.59,Chasmum Ahuja,Suresh,160883.96
SRO/TN/53196,RS/694/7B,24/09/2023,5734.79,Tristan Kala,Raman,5276112.08
SRO/TN/43931,RS/130/1,29/11/2021,14912.85,Anthony Majumdar,Jeyaram,83151.56
SRO/TN/64966,SF/323/8,23/07/2024,28923.78,Girindra Barad,Nagarajan,0.0
SRO/TN/43425,SF/146/1,07/06/2024,71381.66,Ishani Dugal,Ilangovan,122508036.22
SRO/TN/48747,T-945/2,18/11/2025,16018.94,Alka Peri,Karthik,317264.35
SRO/TN/78880,RS/70/6,12/06/2026,13378.45,Viraj Kunda,Vellu,0.0
SRO/TN/94134,T-472/6B,01/11/2024,21655.03,George Ratta,Kamala,284423.04
SRO/TN/42299,SF/683/9C,31/10/2023,61689.09,Faras Nair,Karuppasamy,888943072.97
SRO/TN/42964,T-740/5,21/03/2024,33961.5,Oscar Sura,Gopi,0.0
SRO/TN/49411,SF/200/7B,02/08/2026,14175.63,Charita Barad,Murugan,279529.38
SRO/TN/93004,SF/880/1,30/04/2026,26617.51,Farhan Bhalla,Karthick,0.0
SRO/TN/92928,T-572/9D,25/03/2025,19261.68,Ijaya Saraf,Karuppasamy,442219.09
SRO/TN/49860,T-797/4,18/02/2025,52684.23,Jai Karan,Ilangovan,1076825.25
SRO/TN/49308,SF/476/3,05/06/2025,53033.52,Lavanya Bhagat,Veluchami,333888.63
SRO/TN/69709,T-493/2D,18/10/2025,182554.24,Benjamin Nagar,Mahesh,2343486.92
SRO/TN/32876,RS/901/8A,28/04/2025,98015.64,Eta Thakkar,Kanakammal,912555.77
SRO/TN/90024,RS/608/7D,19/04/2023,12205.08,Michael Bedi,Kumar,0.0
SRO/TN/47022,T-664/3,18/03/2022,110956.33,Sanaya Thaman,Karuppasamy,172241702.98
SRO/TN/21954,SF/630/1D,31/03/2026,63557.17,Tristan Sankaran,Jeyaram,1310899.88
SRO/TN/42248,RS/142/2A,28/03/2023,40499.71,Meera Divan,Surase,0.0
SRO/TN/84412,SF/712/8D,29/12/2022,127187.1,Gayathri Butala,Jayalakshmi,1098022.81
SRO/TN/47062,SF/712/8D,20/02/2023,127187.1,Jayalakshmi,Chandran Rastogi,1526044.72
SRO/TN/74610,SF/473/3C,08/07/2025,184062.15,Frederick Rastogi,Thangaraj,2639962.39
SRO/TN/39671,SF/290/6C,14/08/2022,184661.59,Kalpit Deshmukh,Ponnammal,2737137.45
SRO/TN/21925,T-215/8C,03/01/2025,46099.63,Rudra Sura,Subramani,410351.7
SRO/TN/15697,RS/475/7D,16/08/2025,51934.74,Rohan Viswanathan,Manimegalai,1166290.42
SRO/TN/39292,T-889/3,13/06/2022,112340.35,Xavier Bora,Periyaswamy,932878.3
SRO/TN/21348,SF/526/8,16/11/2025,170148.09,Qushi Naik,Gopi,3709142.54
SRO/TN/29546,T-207/4,24/05/2022,52927.6,Isaiah Sachdev,Gopi,1020650.45
SRO/TN/75796,T-202/7D,27/03/2023,68954.3,Jasmit Pall,Arumugam,59627220.3
SRO/TN/77286,T-643/2A,05/06/2024,31552.65,Ekani Padmanabhan,Vadivel,624413.96
SRO/TN/34003,SF/837/4C,01/01/2023,32519.57,Dalaja Gara,Baala,458841.89
SRO/TN/96326,SF/441/1,27/06/2024,161430.73,Riya Dhingra,Vasantha,1271546.3
SRO/TN/31453,T-807/5D,06/08/2022,206563.33,Chaitanya Kaur,Chinnasamy,938912474.45
SRO/TN/80521,SF/948/7B,12/11/2021,78642.56,Kashvi Dugal,Dinesh,0.0
SRO/TN/38035,SF/102/3C,15/12/2023,170490.92,Isaiah Bhagat,Gopi,240948980.4
SRO/TN/89511,RS/100/5,19/10/2025,102676.73,Manbir Mani,Periyasamy,1607770.92
SRO/TN/66118,SF/68/5,28/08/2026,46113.41,Hemal Choudhry,Pandi,1677215.27
SRO/TN/15828,RS/808/2,18/03/2026,99109.47,Shivani Sinha,Muthukumar,2240514.2
SRO/TN/44081,SF/65/3,24/03/2022,274104.87,Garima Kadakia,Jayalakshmi,4191967.87
SRO/TN/50192,RS/812/7,15/10/2024,79324.56,Samar Virk,Anbazhagan,96901521.32
SRO/TN/79344,T-69/4D,22/06/2022,281309.68,Vasudha Dhaliwal,Ayyanar,5836503.23
SRO/TN/96166,T-364/1C,19/08/2026,5378.18,Krisha Vyas,Kalairasan,152384.49
SRO/TN/93451,SF/608/3A,15/05/2022,161116.21,Aadhya Garde,Muthukumar,2233648.61
SRO/TN/67303,RS/252/5B,30/01/2023,81699.4,Bhanumati Iyer,Murugan,71305943.88
SRO/TN/41092,RS/157/5,30/01/2022,70225.19,Chatresh Shroff,Kannan,0.0
SRO/TN/38262,RS/336/3C,02/07/2026,82050.3,Ekalinga Rama,Mahesh,0.0
SRO/TN/80976,RS/326/2,22/03/2025,18385.82,Jagvi Chokshi,Meenakshi,137147.76
SRO/TN/78210,SF/832/9B,28/10/2021,75431.47,Brinda Raju,Subramanee,1278522.5
SRO/TN/11289,RS/759/1,23/10/2024,130529.19,Lajita Trivedi,Vaalli,0.0
SRO/TN/65617,RS/759/1,14/12/2024,130529.19,Vaalli,Diya Sundaram,0.0
SRO/TN/27668,T-110/5,21/05/2024,246901.37,Quincy Issac,Ayyanar,4020691.85
SRO/TN/75491,SF/646/1A,05/10/2022,56071.31,Anthony Baral,Kalaiarasan,76832793.06
SRO/TN/11768,SF/441/4B,14/05/2025,35201.07,Dalaja Nath,Chinnaswamy,274433.59
SRO/TN/36597,RS/276/4B,22/06/2023,53582.8,Maya Dugar,Elangovan,470283.46
SRO/TN/10875,T-260/3B,04/08/2025,163773.06,Idika Pandey,Pandi,2098493.81
SRO/TN/70133,RS/137/4,12/11/2022,92034.04,Chasmum Keer,Saraswathi,4011013.14
SRO/TN/48579,T-805/2D,20/08/2022,55377.04,David Kurian,Raman,130441067.89
SRO/TN/82565,SF/399/6,10/11/2025,134822.58,Ayushman Mammen,Arun,2251314.76
SRO/TN/89782,RS/475/3,01/09/2026,88691.63,Max Om,Periyasamy,99879819.14
SRO/TN/33863,RS/287/3A,24/11/2025,184319.62,Laksh Chahal,Paandi,137118787.7
SRO/TN/46523,SF/705/5D,07/03/2024,18575.15,Utkarsh Sahni,Mahesh,10417773.25
SRO/TN/38481,RS/394/4B,26/01/2023,95158.58,Michael Sandhu,Sundar,1290546.43
SRO/TN/42225,SF/581/2,07/08/2026,45169.09,Forum Sen,Chelvam,824826.09
SRO/TN/74424,RS/787/9A,21/07/2026,8010.92,Samuel Devi,Ramasamy,188380.1
SRO/TN/29741,RS/601/4C,10/03/2022,53104.99,Lakshit More,Periyasamy,701407.88
SRO/TN/65113,RS/47/6,18/04/2025,26508.58,Qushi Dhillon,Kanagammal,249032.34
SRO/TN/98579,T-918/3,31/01/2026,15371.28,Eesha Bir,Sundar,111347.36
SRO/TN/99858,RS/736/3,31/07/2023,67471.14,Qarin Nadkarni,Selvam,1340538.16
SRO/TN/24601,T-603/8,10/02/2025,97443.0,Ayushman Nagar,Thangaraj,1343453.47
SRO/TN/29640,SF/46/8C,19/02/2023,77912.77,Nisha Mitter,Balasubramanian,1510009.34
SRO/TN/18047,SF/516/4B,24/02/2026,18774.18,Anusha Doshi,Karuppaswamy,13629181.54
SRO/TN/51507,T-586/1C,04/02/2026,26966.91,Hredhaan Deep,Kumaar,617965.12
SRO/TN/63223,RS/232/3,03/01/2023,47944.46,Atharv Loke,Aroon,1695660.62
SRO/TN/66845,SF/705/2D,17/04/2024,77336.25,Vincent Kashyap,Maheash,1107732.97
SRO/TN/14701,SF/217/2,23/05/2022,23181.57,Jagrati Buch,Thangaraj,316939.86
SRO/TN/72367,T-921/6A,20/09/2023,35538.95,Krish Thakkar,Subramani,41080289.0
SRO/TN/24765,RS/286/6,25/12/2021,15530.8,Kashvi Gour,Periyasamy,521387.39
SRO/TN/56101,T-130/1,13/01/2026,15085.5,Vyanjana Som,Dinesh,17957372.61
SRO/TN/31668,SF/55/9,27/07/2022,71949.35,Nihal Hans,Kalaiarasan,0.0
SRO/TN/70987,RS/563/3D,01/04/2025,112871.12,Bachittar Rege,Balasubramanian,912295.14
SRO/TN/21121,T-152/8,22/02/2026,35934.85,Anamika Sachar,Saravanan,0.0
SRO/TN/59352,SF/794/1D,16/04/2022,66616.7,Samaksh Jayaraman,Suresh,1255960.91
SRO/TN/68885,RS/803/9C,02/02/2026,46708.33,Peter Sarna,Ilangovan,453927.43
SRO/TN/75762,SF/814/9C,21/11/2022,21763.42,Ekta Shankar,Jeyaram,26945353.64
SRO/TN/48717,RS/503/9D,11/01/2024,43506.93,Prisha Ravel,Sushila,2049704.52
SRO/TN/86314,T-446/8,10/06/2026,132112.45,Lajita Munshi,Bala,100233019.62
SRO/TN/98339,RS/387/2,30/10/2025,31175.91,Balvan Verma,Anbazhagan,33147860.6
SRO/TN/75343,SF/417/4,28/01/2024,134540.57,Siya Shan,Siva,3782255.09
SRO/TN/83187,T-976/9,10/05/2022,1879.27,Yatan Venkataraman,Sundhar,28335.79
SRO/TN/34675,T-182/9A,12/03/2025,79273.0,Balveer Ram,Rajendran,185590511.58
SRO/TN/65520,RS/249/3C,19/06/2024,39562.07,Ranveer Manne,Aarumugam,762834.65
SRO/TN/13597,T-315/7,19/12/2022,26610.3,Mitali Modi,Tamilselvan,168824.72
SRO/TN/73429,SF/842/7,25/01/2024,42020.87,Triya Ganesan,Arumugam,449348.75
SRO/TN/28797,SF/301/4D,02/11/2022,6306.25,Chaitaly Bhagat,Dinesh,31560.05
SRO/TN/61204,T-984/9B,02/11/2023,26465.85,Ubika Seth,Suresh,566067.97
SRO/TN/82355,RS/340/3A,13/01/2022,51321.74,Xiti Chowdhury,Chinnasamy,499220.69
SRO/TN/51001,RS/245/4,29/11/2021,114744.68,Krishna Ramaswamy,Anbazhagan,126399447.86
SRO/TN/37914,SF/93/2C,29/11/2025,22497.52,Ekiya Seshadri,Bala,254196.6
SRO/TN/23814,RS/222/3A,19/07/2025,20636.01,Praneel Setty,Balasubramanian,73398857.35
SRO/TN/99696,T-780/9A,24/06/2022,20619.43,Suhani Chana,Parvati,209020.16
SRO/TN/43742,T-914/1,01/09/2022,90525.26,Ekiya Gade,Thangaraj,1211270.12
SRO/TN/37582,SF/251/7,15/10/2023,50326.94,Gavin Comar,Gopi,442843.05
SRO/TN/50842,SF/904/4A,20/05/2024,26173.28,Janani Chada,Pandi,435142.78
SRO/TN/86994,T-655/5,22/10/2021,48048.11,Yasti Dutta,Velu,1021239.17
SRO/TN/57542,SF/175/3,03/06/2024,34037.17,Lajita Bassi,Ilangovan,201018.27
SRO/TN/61538,SF/713/5,23/03/2025,72436.42,Gautami Doctor,Thangaraj,1347680.69
SRO/TN/51818,T-48/9C,31/03/2022,29145.95,Maanav Gola,Gopi,101100163.9
SRO/TN/71121,T-91/1A,31/05/2024,115659.29,Oni Morar,Arun,704002.82
SRO/TN/89775,RS/522/9,12/02/2022,59592.72,Sanaya Mani,Selvi,1272010.93
SRO/TN/45328,SF/538/5,01/03/2023,12400.44,Jacob Deep,Kalaiarasan,283892.73
SRO/TN/12021,T-935/9C,16/01/2024,61347.45,Aarush Kulkarni,Muthammal,659246.18
SRO/TN/70734,RS/463/1B,22/12/2022,37248.8,Tara Tank,Pandi,611468.24
SRO/TN/68776,SF/732/8,23/08/2025,22550.91,Abdul Tak,Rajeswari,0.0
SRO/TN/88570,RS/851/9C,08/01/2023,82649.75,Teerth Soni,Anbalagan,101759943.14
SRO/TN/54412,T-394/4,02/09/2024,101001.12,Nimrat Sathe,Muthukumar,159812863.51
SRO/TN/54119,SF/977/3,06/11/2021,102600.2,Abeer Konda,Ramasamy,1244675.79
SRO/TN/52514,SF/418/1B,16/07/2023,26659.17,Sarthak Bawa,Periyaswamy,208847189.51
SRO/TN/56243,SF/533/4,02/08/2022,34998.93,Manbir Bhakta,Sundhar,672128.24
SRO/TN/91390,SF/857/5D,30/07/2023,59125.89,Balhaar Dhillon,Kannan,1323864.64
SRO/TN/53847,SF/416/6B,19/04/2022,115207.21,Chanchal Narula,Tamizhelvan,2571826.05
SRO/TN/94840,RS/101/3D,15/12/2023,28663.3,Chandran Chopra,Nagarajan,360883.28
SRO/TN/84488,T-921/1D,15/02/2025,39886.17,Pranav Edwin,Rajendran,311940.05
SRO/TN/25378,RS/65/1,30/06/2024,18960.29,Peter Shah,Muthammal,134898.26
SRO/TN/51317,SF/50/2A,06/02/2022,19479.75,Balendra Chander,Ramasamy,374723.97
SRO/TN/68197,SF/884/9,15/05/2024,74552.82,Ekantika Pillay,Bala,924274.58
SRO/TN/69297,RS/18/8A,20/02/2025,158670.33,Ekansh Sane,Mahalaxmi,1197768.02
SRO/TN/65722,SF/353/1B,15/05/2023,46078.32,Brinda Sinha,Kannan,1622525.58
SRO/TN/78758,T-717/2D,19/10/2025,109843.98,Jairaj Maharaj,Nagarajan,1041050.8
SRO/TN/77434,RS/733/3,04/12/2024,68290.27,Odika Vohra,Arun,0.0
SRO/TN/36629,T-105/2B,23/09/2025,27642.34,Shaurya Bhardwaj,Lakshmi,389005.75
SRO/TN/72494,T-588/6A,02/12/2023,59681.84,Gagan Sule,Bala,645266.08
SRO/TN/17464,SF/145/7,31/10/2024,162728.1,Prisha Nadig,Rajendran,6724860.81
SRO/TN/32195,RS/852/2A,28/10/2022,50308.85,Irya Dayal,Pazhani,242374.77
SRO/TN/52931,SF/15/3C,20/08/2025,171153.76,Zinal Tank,Chinnasamy,3391587.46
SRO/TN/59044,RS/176/9,27/09/2023,1443.55,Pranit Kaul,Anbalagan,11276292.71
SRO/TN/22996,T-249/2D,28/05/2025,102082.89,Rishi Agarwal,Periyasamy,173015482.99
SRO/TN/49129,SF/505/9C,22/07/2022,51463.07,Arjun Shroff,Tamilselvan,0.0
SRO/TN/65358,SF/922/7B,26/11/2023,31716.05,Sarthak Sachdeva,Siva,0.0
SRO/TN/65046,SF/185/4C,22/12/2022,55422.14,Chakradev Nath,Sita,87379329.65
SRO/TN/24509,T-459/2C,23/10/2024,8671.61,Simon Apte,Sanmugam,410660.67
SRO/TN/99761,SF/336/7A,04/07/2023,40089.82,Baghyawati Kumar,Venkat,46357074.77
SRO/TN/56509,T-296/9D,28/03/2023,78217.92,Darika Mital,Palani,551866.44
SRO/TN/71897,T-236/9A,10/10/2022,155471.3,Abeer Comar,Murugan,0.0
SRO/TN/96416,RS/867/9B,28/04/2023,34205.63,Harita Randhawa,Kannan,61463081.23
SRO/TN/50599,SF/712/8,19/06/2022,25941.75,Parth Hari,Muthukumar,489611.87
SRO/TN/31608,SF/27/8,28/12/2022,27760.64,Hamsini Srinivas,Aroon,0.0
SRO/TN/52043,T-589/7B,06/11/2021,93493.62,Balendra Deshpande,Muthukumaar,608389.31
SRO/TN/70952,SF/810/9,09/07/2022,53383.88,Nachiket Sharma,Arun,0.0
SRO/TN/90311,RS/774/7A,06/11/2021,32729.58,Turvi Sachdev,Shanmugam,685757.84
SRO/TN/22110,SF/798/6D,31/08/2023,70786.74,Chandani Mutti,Kumar,1127933.62
SRO/TN/33279,T-302/3C,12/01/2022,54849.71,Sathvik Narula,Arun,0.0
SRO/TN/97621,SF/349/7,26/06/2023,102843.9,Dominic Dixit,Veluchami,146121161.3
SRO/TN/31089,RS/172/3A,02/10/2024,30020.52,Azaan Nori,Ayyanar,0.0
SRO/TN/27192,T-109/9C,29/10/2021,125070.06,Noah Ramachandran,Sanmugam,213046022.42
SRO/TN/24269,RS/17/6D,02/08/2023,46218.57,Jackson Morar,Nagarajan,0.0
SRO/TN/42048,T-845/2D,08/11/2022,6933.78,Azad Magar,Anbazhagan,64072542.42
SRO/TN/42449,SF/89/6,17/03/2025,47347.49,Gabriel Taneja,Gopee,391731.06
SRO/TN/57261,SF/375/4D,05/08/2022,26434.31,Kamya Seth,Arun,447247.48
SRO/TN/86238,SF/983/5D,07/06/2026,14347.42,Tarak Vohra,Marimutthu,0.0
SRO/TN/74773,SF/468/7B,26/09/2024,46277.34,Parth Choudhury,Mani,154600005.73
SRO/TN/75648,RS/7/5,19/12/2025,90327.63,Baljiwan Jaggi,Balasubramanian,320454515.79
SRO/TN/92197,RS/427/1,20/02/2022,125526.56,Sachi Toor,Kumar,1758634.48
SRO/TN/27847,RS/759/5B,03/11/2023,21757.39,Vasudha Tella,Surase,423626.11
SRO/TN/81701,SF/312/2,16/11/2023,35257.48,Ranveer Oak,Ramasamy,779307.76
SRO/TN/85875,RS/382/4B,23/03/2022,59054.95,Dayita Narang,Murugan,671803.22
SRO/TN/53213,RS/71/4,27/10/2021,102190.31,Guneet Varty,Pandi,0.0
SRO/TN/69721,RS/292/9B,05/02/2025,28162.67,Samesh Bansal,Venkat,613025.29
SRO/TN/72973,RS/737/5C,17/04/2022,38017.45,Lila Vig,Kamala,688780.28
SRO/TN/33520,SF/725/9D,15/02/2022,15706.36,Aayush Mukhopadhyay,Kumar,92586.27
SRO/TN/90845,SF/642/5B,14/01/2023,8509.29,Gagan Nath,Raja,149969.94
SRO/TN/62674,T-567/8,11/07/2025,33450.0,Chakradhar Chauhan,Rajendiran,760427.51
SRO/TN/23264,RS/492/8,14/09/2025,53900.55,Arin Muni,Ponnammal,1226891.64
SRO/TN/93899,RS/146/2B,30/06/2026,31724.23,Ekani Iyer,Kamakshi,620848.66
SRO/TN/79478,SF/563/3C,30/06/2024,137100.44,Bhavini Malhotra,Pazhani,106867146.8
SRO/TN/72338,T-223/3D,20/08/2022,61180.61,Ridhi Dalal,Arun,1143296.0
SRO/TN/69072,SF/979/2C,22/05/2024,21736.62,Manthan Dugar,Ramasamy,407871.44
SRO/TN/77357,SF/333/6C,22/05/2025,40598.74,Ishwar Aurora,Subramani,0.0
SRO/TN/82339,RS/743/8C,27/12/2025,157296.64,Samuel Palla,Mahesh,0.0
SRO/TN/89998,RS/592/8B,31/03/2025,56023.3,Anika Dhaliwal,Sundhar,507312.84
SRO/TN/60732,T-179/8,05/08/2025,175377.51,Yash Garg,Ilangovan,0.0
SRO/TN/25963,RS/725/6,10/07/2025,74156.92,Deepa Nigam,Karuppaswamy,132755723.43
SRO/TN/54045,RS/747/1B,03/09/2024,35469.2,Chandresh De,Selvam,0.0
SRO/TN/98510,SF/710/6C,25/10/2022,15278.39,Urishilla Bedi,Muthukumaar,664809.56
SRO/TN/37651,SF/207/1,16/04/2022,20607.27,Leela Bhagat,Vasantha,213886.45
SRO/TN/56824,SF/356/3,30/01/2024,5495.29,Pooja Ramanathan,Tamizhelvan,40684.84
SRO/TN/64586,T-965/6C,13/04/2022,37001.44,Sanaya Parekh,Kalaiarasan,0.0
SRO/TN/25608,SF/216/8,06/01/2024,57722.81,Gaurangi Hora,Aroon,1065175.67
SRO/TN/98589,T-947/8A,29/12/2025,115540.46,Udyati Deep,Pandi,2202656.06
SRO/TN/58357,RS/108/3,24/07/2024,21549.54,Upadhriti Chatterjee,Mani,124688.95
SRO/TN/64168,SF/948/4,31/03/2025,12209.28,Dayita Shroff,Arumugam,257977.41
SRO/TN/25291,T-831/5D,14/10/2021,22448.01,Vincent Kapur,Selvi,143585.34
SRO/TN/60005,RS/641/9,03/11/2022,55982.29,Aarna Patla,Lakshmi,86031983.41
SRO/TN/86590,SF/861/4C,19/12/2025,17484.56,Qadim Narayanan,Jayalaxmi,362998.04
SRO/TN/14689,T-683/6,10/06/2025,16609.45,Sudiksha Sura,Kalaiarasan,101060.15
SRO/TN/49536,RS/553/6A,25/07/2023,73007.98,Dhruv Soman,Muthukumar,145183356.71
SRO/TN/65358,SF/433/2,14/12/2023,50272.69,Indali Srinivas,Raja,390590.45
SRO/TN/25656,T-988/2A,03/09/2022,75293.59,Onkar Mandal,Ramasamy,730927.72
SRO/TN/51371,RS/328/5D,30/01/2026,128432.92,Joshua Trivedi,Arumugam,1836749.85
SRO/TN/23248,SF/18/6A,29/04/2026,627271.87,Nidra Chhabra,Dinesh,11273879.45
SRO/TN/12269,RS/605/6,04/08/2024,344393.46,Ekavir Mittal,Mahesh,310096869.24
SRO/TN/60807,RS/445/1,13/04/2025,57236.82,Nandini Sachdev,Kannan,0.0
SRO/TN/44003,RS/409/5D,25/02/2026,326306.66,Yagnesh Dutt,Malathi,1743726.11
SRO/TN/86295,RS/459/2,17/12/2022,212148.93,Leena Bhatti,Meenakshi,1046201.2
SRO/TN/46831,RS/464/2,22/06/2026,129578.63,Sathvik Sankar,Parvathi,2014681.17
SRO/TN/75106,SF/26/1B,02/10/2022,526314.78,Hema Keer,Dinesh,4566967.97
SRO/TN/17472,RS/204/4B,16/08/2026,528279.73,Faras Sur,Periyasamy,0.0
SRO/TN/62699,SF/81/6B,08/04/2024,514847.24,Ubika Nanda,Periyasamy,0.0
SRO/TN/24772,T-604/1D,11/11/2024,144589.53,Sai Goda,Saraswathi,1598934.95
SRO/TN/72417,T-269/4B,24/06/2022,205780.8,Nidra Boase,Rajendran,5788202.07
SRO/TN/48418,SF/323/4C,06/06/2023,281196.45,Ladli Narang,Anbazhagan,813943933.55
SRO/TN/16114,RS/663/8A,21/05/2023,581916.35,Darsh Chana,Chinnasamy,311025534.79
SRO/TN/49411,SF/834/7A,05/11/2022,165102.08,Liam Acharya,Ponnammal,1089248.93
SRO/TN/89593,RS/448/3,04/09/2025,233931.52,Manthan Sethi,Raja,1199103.05
SRO/TN/46833,SF/69/5,27/02/2024,117091.96,Madhavi Sekhon,Paandi,82111118.31
SRO/TN/33131,T-865/3,08/02/2022,80132.71,Samesh Nadig,Siva,0.0
SRO/TN/46208,SF/241/6C,05/03/2022,523147.61,Daksha Saran,Manimagalai,4276044.41
SRO/TN/93051,SF/86/8,03/11/2025,874001.34,Gaurav Anand,Ilangovan,15444432.76
SRO/TN/75501,SF/777/2A,12/12/2025,243293.09,Joshua Menon,Chinnasamy,4403172.48
SRO/TN/70326,SF/266/9,22/04/2026,547360.46,Kala Bera,Marimuthu,10078255.07
SRO/TN/34021,T-685/2,30/05/2022,344510.35,Jagrati Choudhary,Arun,664953363.79
SRO/TN/27275,SF/475/7B,29/10/2023,177401.56,Azaan Keer,Periyasamy,1175277497.28
SRO/TN/95412,SF/475/7B,17/12/2023,177401.56,Periyasamy,Meera Nadkarni,1315424187.17
SRO/TN/20403,SF/810/7,08/04/2022,351447.04,Nidra Raj,Sarasvati,0.0
SRO/TN/45509,T-567/9,18/02/2022,863374.89,Siddharth Ghose,Dinesh,0.0
SRO/TN/27726,RS/393/9,13/04/2023,258631.87,Liam Guha,Kalaiarasan,4207196.67
SRO/TN/89696,SF/575/6,16/08/2026,826037.94,Jagvi Sahni,Raja,13485266.88
SRO/TN/25525,T-129/1B,17/08/2023,20180.05,Bhavya Dass,Anbazhagan,0.0
SRO/TN/52773,RS/141/5A,25/06/2026,512175.1,Advay Bora,Chinnasamy,371864422.89
SRO/TN/17204,SF/92/5,19/01/2022,294830.65,Maanas Sur,Periyasamy,505740732.07
SRO/TN/58350,SF/732/7,26/01/2022,210758.56,Laban Chad,Jayaram,2231856.11
SRO/TN/19376,RS/570/9,19/03/2025,309968.35,Ojasvi Shah,Pazhani,2316123.42
SRO/TN/59331,SF/714/5,10/10/2021,43624.47,Pranit Sha,Suresh,49950737.06
SRO/TN/64473,SF/714/5,28/11/2021,43624.47,Suresh,Shivani Rajagopalan,59645783.06
SRO/TN/49514,SF/791/9,29/06/2022,256029.16,Upkaar Grewal,Aiyanar,2111401.91
SRO/TN/67945,SF/888/7A,05/08/2022,309574.5,Abhimanyu Tara,Seetha,4570190.17
SRO/TN/64087,RS/638/3A,13/12/2021,865911.73,Yachana Luthra,Selvam,19375332.04
SRO/TN/67924,RS/714/9A,06/06/2023,179392.99,Jeevika Bandi,Palani,2281493.84
SRO/TN/34491,SF/128/3C,13/06/2026,124646.82,Vasudha Pillay,Bala,1895976.24
SRO/TN/60222,RS/81/7C,31/03/2026,173496.63,Vasatika Buch,Pazhani,0.0
SRO/TN/58423,SF/103/9B,06/01/2023,596690.45,Ati Shroff,Veluchami,13728214.31
SRO/TN/23211,RS/827/3,26/06/2023,344742.53,Gaurang Korpal,Jayalakshmi,5231616.46
SRO/TN/67092,T-883/9B,14/02/2025,177438.48,Faras Zacharia,Nagarajan,1054553.39
SRO/TN/73249,RS/775/8,16/08/2024,358824.29,Chatresh Oza,Raman,6315751.14
SRO/TN/86973,RS/897/7D,22/03/2022,296666.65,Upasna Setty,Saravanan,6648592.93
SRO/TN/82405,T-623/6,11/10/2024,567109.96,Garima Sama,Selvam,1543391011.17
SRO/TN/20623,SF/987/8A,10/01/2025,39555.18,Chaitaly Mann,Pandi,0.0
SRO/TN/43836,SF/107/2,25/06/2024,144626.99,Balendra Modi,Kalaivani,230980327.28
SRO/TN/83118,T-529/7A,19/01/2024,73455.87,Darsh Solanki,Rajendran,561509.66
SRO/TN/16700,RS/139/7D,10/02/2025,13327.32,Charan Manne,Balasubramanian,79902.48
SRO/TN/31557,RS/235/8,27/09/2023,75053.01,Bhavini Sundaram,Kumaar,399121715.79
SRO/TN/91146,T-173/6,01/10/2024,47717.23,Jonathan Tiwari,Shiva,2777836.53
SRO/TN/18136,SF/33/7,16/03/2025,29224.96,Arunima Krishnan,Saravanan,653498.66
SRO/TN/15211,SF/144/4,13/04/2026,101419.19,Avni Maharaj,Arun,193500305.49
SRO/TN/69432,T-836/2A,25/03/2023,136630.7,Akshay Choudhury,Karuppasamy,1445270.39
SRO/TN/86339,RS/174/1,28/09/2025,111984.28,Matthew Sekhon,Kalairasan,158277905.17
SRO/TN/15834,T-556/1D,09/08/2026,28165.14,Parth Lal,Kanagammal,564431.91
SRO/TN/77823,SF/396/4,09/08/2025,46015.03,Vedhika Golla,Kalaivani,966296.94
SRO/TN/24071,SF/396/4,12/09/2025,46015.03,Kalaivani,Hemal Chad,1322047.94
SRO/TN/27497,SF/879/2B,17/08/2026,72613.16,Mitesh Tandon,Saravannan,547995.47
SRO/TN/88430,SF/286/5,14/10/2024,128783.07,Leela Khanna,Velu,883523.51
SRO/TN/51871,T-68/8B,24/08/2024,35874.36,Oliver Kade,Karthik,827514.13
SRO/TN/91258,T-686/6,02/03/2022,51338.31,Chatura Lalla,Kalaiarasan,75471040.73
SRO/TN/42389,SF/907/1,16/04/2022,24921.87,Charles Ganesh,Rajendiran,473762.94
SRO/TN/81215,SF/260/7,08/11/2022,15969.21,Mohini Soni,Suresh,119407.99
SRO/TN/12084,RS/136/4D,10/09/2025,123613.38,Vamakshi Walia,Nagarajan,162332162.07
SRO/TN/27968,T-676/9A,24/01/2026,167035.6,Ladli Ramakrishnan,Selvam,1885430.84
SRO/TN/67914,SF/172/3,04/08/2023,58655.18,Adweta Dhillon,Venkat,358843.67
SRO/TN/93046,RS/445/7,28/06/2024,111507.33,Advik Mani,Parvathi,2018079.76
SRO/TN/71611,SF/561/2D,07/01/2026,75579.69,Lavanya Mutti,Ayyanar,0.0
SRO/TN/84877,RS/666/4C,13/01/2025,33252.7,Gunbir Wali,Pazhani,45700684.72
SRO/TN/33736,RS/853/2,21/05/2023,77228.94,Rachana Mahajan,Subramani,142056575.54
SRO/TN/56696,RS/967/6C,11/02/2022,206461.07,Anamika Loke,Venkat,0.0
SRO/TN/50672,RS/433/5,12/12/2022,65554.3,Aadhya Raman,Periyasamy,594423.3
SRO/TN/38537,RS/2/8B,31/05/2025,197693.23,Wyatt Hayer,Mani,4392637.43
SRO/TN/96973,SF/302/9,15/08/2023,110962.57,Pranit Munshi,Ramasamy,304743875.59
SRO/TN/20921,SF/553/7B,14/09/2023,53657.18,Abhiram Bir,Muthukumar,268806.13
SRO/TN/65343,SF/373/1,09/04/2023,51122.28,Nisha Chaudhari,Kalairasan,930799.01
SRO/TN/39562,SF/442/6A,16/03/2026,59960.3,Sanaya Panchal,Nagarajan,614518.21
SRO/TN/40089,SF/442/6A,30/04/2026,59960.3,Nagarajan,Bhanumati Krishnamurthy,697428.8
SRO/TN/10831,RS/957/3,09/07/2023,12201.42,Bahadurjit Bajwa,Raman,267120.61
SRO/TN/39708,T-690/9,17/02/2026,49971.84,Dakshesh Kalla,Kanakammal,575261.58
SRO/TN/77820,RS/739/6,25/09/2022,69346.96,Jagdish Chadha,Venkat,1213428.41
SRO/TN/57988,SF/130/6A,22/06/2023,193068.74,Keya Goyal,Murugan,3159293.94
SRO/TN/17228,RS/176/4D,03/06/2026,39993.81,Qarin Kulkarni,Valli,265546.65
SRO/TN/15652,RS/6/1,15/08/2022,28426.49,Unni Borra,Subramani,309768.19
SRO/TN/43485,SF/140/7,21/04/2025,52341.83,Aradhana Sane,Rajendran,0.0
SRO/TN/78274,SF/94/2B,09/06/2022,118723.77,Aarini Edwin,Ayyanar,0.0
SRO/TN/80583,SF/766/1C,02/04/2024,73138.33,Aradhana Bhatia,Mani,503831.57
SRO/TN/92209,RS/73/7B,22/06/2026,44696.13,Lipika Natarajan,Kannan,0.0
SRO/TN/74830,T-805/5B,22/11/2023,85801.74,Aarna Lanka,Kalaiarasan,0.0
SRO/TN/18073,T-587/4D,04/05/2023,73675.02,Ridhi Boase,Arumugam,1479065.31
SRO/TN/43808,SF/983/9,05/08/2022,129681.85,Sai Ramaswamy,Pandi,2565917.11
SRO/TN/84573,SF/158/6D,29/10/2024,21318.33,Vyanjana Chopra,Velu,380721.22
SRO/TN/11911,SF/158/6D,02/12/2024,21318.33,Velu,Raagini Kamdar,469414.37
SRO/TN/23493,T-369/8,25/04/2022,53371.61,Riya Lad,Dinesh,1061460.14
SRO/TN/55328,RS/459/4B,27/06/2022,27025.46,Bakhshi Bora,Arumugam,198816.78
SRO/TN/76541,RS/944/5A,14/05/2025,2993.76,Zashil Sehgal,Chinnaswamy,0.0
SRO/TN/88405,RS/460/6,12/06/2024,33322.99,Widisha Dixit,Surase,706154.56
SRO/TN/47316,RS/924/6,01/09/2023,11324.05,Baljiwan Ramakrishnan,Raaman,207995.82
SRO/TN/29080,SF/103/8D,11/02/2026,13835.81,Max Narayan,Selvam,170016.59
SRO/TN/78964,SF/173/1A,15/09/2022,45030.02,Aarush Varma,Dinesh,366861.79
SRO/TN/28961,RS/923/6D,23/08/2025,54443.48,Vanya Sarin,Mani,968348.43
SRO/TN/34776,SF/81/6,29/09/2022,66526.61,Ekaraj Zachariah,Thankaraj,0.0
SRO/TN/83666,RS/103/8C,13/06/2026,13916.97,Aarush Rajagopalan,Kalaiarasan,0.0
SRO/TN/94110,SF/936/4C,08/02/2023,21808.85,Jairaj Wason,Ilangovan,293820.08
SRO/TN/25030,T-13/4C,19/12/2024,36779.28,Gauri Mitter,Ramasamy,620365.18
SRO/TN/31135,T-716/5,18/11/2023,51753.91,Christopher Chana,Malathi,1038539.44
SRO/TN/12485,T-914/3B,19/03/2023,16007.21,Harini Buch,Kalaiarasan,311308.47
SRO/TN/70783,SF/35/1A,15/07/2024,17513.73,Bimala Jain,Raja,401915.17
SRO/TN/92900,T-61/2B,04/02/2022,7393.94,Balveer Rajagopalan,Periyasamy,104598.28
SRO/TN/48000,T-199/5,02/07/2025,8263.12,Chandani Ramakrishnan,Aiyanar,59240.1
SRO/TN/42257,SF/343/6,10/06/2022,60575.35,Jagrati Sur,Kanakammal,412556.96
SRO/TN/23748,RS/189/5,13/12/2025,101843.93,Raksha Gupta,Nagarajan,428584570.41
SRO/TN/59983,SF/809/4,27/10/2025,39385.54,Balendra Hans,Tamilselvan,366424.62
SRO/TN/28056,T-783/9B,24/08/2026,73509.79,William Suresh,Kalaiarasan,1201295.28
SRO/TN/27166,SF/814/3B,02/03/2024,37532.54,Dev Zachariah,Mani,461896.99
SRO/TN/89966,SF/90/3B,07/07/2023,14184.24,Xalak Walla,Muthukumar,23217840.8
SRO/TN/41444,SF/817/1C,28/02/2022,31829.07,Amol Bansal,Pazhani,605254.09
SRO/TN/45729,T-130/1A,18/10/2022,93542.6,Daksh Nazareth,Muthukumaar,1431010.83
SRO/TN/60919,T-981/3,10/04/2024,22685.24,Nidra Dani,Raaman,0.0
SRO/TN/29193,T-932/8C,04/10/2023,85992.04,Tara Yadav,Arumugam,361306880.6
SRO/TN/63184,RS/564/9,10/08/2024,69477.64,Viraj Bora,Nagammal,437892.25
SRO/TN/95163,RS/570/9,07/03/2026,31200.56,Lohit Suresh,Kumar,527372.5
SRO/TN/53468,T-283/6,21/09/2025,25114.22,Urishilla Bath,Balasubramanian,20275907.48
SRO/TN/70197,SF/565/4B,03/06/2026,28454.37,Kalpit Atwal,Aiyanar,0.0
SRO/TN/15607,T-766/2,01/07/2022,6684.81,Chandresh Mohanty,Kamachi,0.0
SRO/TN/91715,T-753/1,03/08/2022,30059.81,Tanmayi Garde,Raman,503073.73
SRO/TN/92990,SF/382/4,26/01/2026,34188.19,Hitesh Comar,Saravanan,753696.85
SRO/TN/69168,SF/699/1,29/07/2025,75618.44,Thomas Bhatnagar,Thangaraj,1615620.47
SRO/TN/99713,SF/699/1,14/09/2025,75618.44,Thangaraj,Pooja Nazareth,2261559.26
SRO/TN/85995,T-551/4,28/02/2026,12773.2,Ekta Dara,Veluchami,0.0
SRO/TN/75835,T-768/9,26/10/2025,11067.66,Ekanta Kala,Sushila,14070616.79
SRO/TN/56183,SF/962/2A,08/04/2026,26058.54,Oscar Nayak,Suresh,669898.83
SRO/TN/39127,RS/977/1A,10/06/2024,62193.28,Jai Mahal,Thangaraj,1165565.51
SRO/TN/17551,T-294/5,29/12/2024,29107.09,Ojasvi Ganguly,Sanmugam,346765.13
SRO/TN/96126,RS/195/3D,22/09/2025,11065.94,Nitesh Sarna,Balasubramanian,233330.63
SRO/TN/48624,RS/682/3D,11/04/2022,33633.85,Banjeet Deol,Raja,0.0
SRO/TN/70446,T-652/1B,24/11/2021,33149.15,Krisha Dugar,Selvam,602195.2
SRO/TN/35245,T-87/7,11/02/2022,63665.35,Vidhi Buch,Jayalaxmi,3762598.06
SRO/TN/45445,SF/374/9,20/12/2022,85819.28,Abhimanyu Gola,Dhinesh,336439898.17
SRO/TN/84000,RS/416/1,13/09/2023,263935.56,Bhanumati Saha,Pazhani,5539689.47
SRO/TN/34027,T-817/5C,02/09/2022,156342.31,Jonathan Jhaveri,Tamilselvan,0.0
SRO/TN/59886,SF/442/4,27/07/2024,18767.18,Anika Virk,Pazhani,668870.45
SRO/TN/75124,T-940/5B,23/12/2021,160634.2,Nisha Khare,Raman,4119227.29
SRO/TN/73991,RS/865/8,31/05/2024,95240.71,Baljiwan Gole,Shanmugam,45428494.84
SRO/TN/55987,SF/956/5,22/07/2024,58405.89,Gaurang Mitra,Pazhani,462258.94
SRO/TN/82305,SF/309/6,21/02/2022,188571.15,Omya Agrawal,Kumar,581027197.51
SRO/TN/76507,SF/31/9C,12/11/2022,262131.64,Rehaan Dalal,Muthukumar,4568351.5
SRO/TN/54540,T-288/6,05/03/2026,238482.17,Janaki Zacharia,Raja,0.0
SRO/TN/16167,SF/116/8,01/12/2023,54834.86,Ucchal Joshi,Chinnasamy,58791779.27
SRO/TN/94572,RS/464/3B,06/03/2024,87777.34,Chatresh Hari,Mutthammal,1032921.76
SRO/TN/65262,SF/948/6D,30/01/2023,170287.05,Manthan Som,Tamilselvi,2941230.61
SRO/TN/81758,SF/38/1,02/01/2023,235025.67,Patrick Dutta,Baala,3684929.15
SRO/TN/14967,SF/436/1B,11/08/2025,79721.96,Chatura Patla,Muthukumar,125133385.43
SRO/TN/59015,T-89/8,21/02/2023,104684.52,Shaurya Saran,Veluchami,70384790.46
SRO/TN/15693,SF/929/1B,20/06/2024,51243.59,Gaurika Setty,Raajaa,1044331.26
SRO/TN/90810,RS/848/4,10/04/2023,38462.11,Hemang Ben,Kannan,199702.06
SRO/TN/20723,RS/874/8C,02/02/2025,185075.25,Nakul Balakrishnan,Ramasamy,183577018.0
SRO/TN/84147,RS/94/1B,07/01/2024,353883.77,Yutika D’Alia,Saravannan,0.0
SRO/TN/11028,SF/850/4A,25/02/2022,94492.83,Wahab Saxena,Paandi,873664.8
SRO/TN/18502,T-574/3C,14/07/2023,230320.87,Oni Issac,Subramani,1383592.13
SRO/TN/68716,RS/772/5,01/11/2024,158951.7,Victor Choudhary,Rajendran,141223647.36
SRO/TN/96694,RS/574/3C,02/11/2025,66483.55,Vedant Chaudhari,Raja,0.0
SRO/TN/37370,SF/841/6,23/07/2024,119510.51,Nitara Iyengar,Jeyaram,1982342.97
SRO/TN/22460,RS/407/8,22/05/2026,429444.52,Thomas Borah,Ayyanar,9227082.72
SRO/TN/72851,T-332/3,28/12/2022,90066.83,Vedhika Bhagat,Maheash,874579.08
SRO/TN/23699,RS/235/8C,14/12/2022,420886.14,Maanav Kalita,Chinnasamy,450751863.39
SRO/TN/44109,SF/378/2A,05/01/2023,27577.43,Pranav Ram,Kalaivani,32214219.14
SRO/TN/39551,RS/607/4B,18/08/2022,193571.52,Laban Shankar,Gopi,2649791.19
SRO/TN/43076,RS/173/7,03/08/2026,115488.14,Jagrati Madan,Raman,1232709.22
SRO/TN/34783,SF/964/4B,20/12/2024,91785.71,Gautami Datta,Sushila,0.0
SRO/TN/35250,SF/580/9A,04/06/2024,120780.43,Darpan Mand,Tamilselvan,0.0
SRO/TN/87720,SF/449/7C,30/08/2025,18097.02,Indrajit Shroff,Jayalakshmi,259292.71
SRO/TN/57599,RS/361/4D,27/08/2023,93593.4,Omya Garg,Ramasamy,637349.31
SRO/TN/52234,SF/646/7,25/04/2023,120054.73,Thomas Merchant,Mahesh,1006674.9
SRO/TN/45002,SF/361/1D,29/05/2023,416526.87,Onkar Karpe,Gopee,9365126.29
SRO/TN/36856,SF/2/3A,23/09/2022,81444.94,Nisha Vig,Dinesh,1131074.69
SRO/TN/23530,RS/608/8,11/06/2023,57457.48,Tarak Solanki,Karuppasamy,533315.27
SRO/TN/72893,SF/24/7,13/11/2024,83911.06,Arya Atwal,Murugan,483069238.03
SRO/TN/87102,SF/986/8A,06/04/2023,217525.61,Yatin Kota,Suresh,3698513.99
SRO/TN/78624,SF/712/6B,05/07/2025,148830.4,Radha Kapadia,Nagarajan,2350664.7
SRO/TN/11204,RS/307/4,28/06/2025,74180.92,Abdul Sahni,Muthukumar,1082294.87
SRO/TN/76911,RS/358/5A,16/04/2023,198464.79,Banjeet Singhal,Tamilselvan,0.0
SRO/TN/12880,RS/627/2A,05/04/2022,122468.43,Pavani Wali,Dinesh,0.0
SRO/TN/78597,RS/232/5A,19/02/2024,233615.38,Varenya Chaudhari,Rajendran,2358205.57
SRO/TN/28669,RS/232/5A,01/04/2024,233615.38,Rajendran,Warhi Khosla,2639926.61
SRO/TN/97996,T-489/4B,06/04/2023,11240.2,Advik Ray,Raajaa,7822017.53
SRO/TN/15072,SF/991/1D,29/10/2025,58248.09,Kevin Parmer,Suresh,111793335.92
SRO/TN/29277,T-357/4,02/01/2025,36200.5,William Chana,Murugan,55631991.26
SRO/TN/97377,SF/310/5B,05/08/2026,5911.0,Varsha Mody,Kannan,126237.33
SRO/TN/29132,SF/919/6,24/07/2026,31699.9,Tripti Bajwa,Tamilselvan,0.0
SRO/TN/78934,RS/195/6B,13/05/2023,14383.48,Ubika Devi,Jeyaram,19119483.4
SRO/TN/62807,SF/968/2,17/04/2023,14457.86,Qasim Prabhakar,Mani,284466.05
SRO/TN/28865,SF/304/3,15/06/2026,36050.02,Aarav Bobal,Saravanan,516142.44
SRO/TN/92096,SF/272/7,14/01/2025,52410.83,Gaurangi Wali,Arun,100485520.78
SRO/TN/36889,T-406/9D,12/11/2022,47437.58,Chaman Sandhu,Chinnaswamy,1021753.02
SRO/TN/68776,RS/449/5,03/01/2023,13009.79,Sarthak Buch,Raja,0.0
SRO/TN/51392,RS/970/1,21/03/2022,15434.46,Christopher Varma,Raja,173700.52
SRO/TN/79912,SF/204/4,26/07/2022,32165.87,Charan Choudhry,Marimuthu,0.0
SRO/TN/78935,SF/210/1,20/01/2026,55687.36,Jasmit Shroff,Kalaivani,26783367.11
SRO/TN/94460,RS/374/1A,23/04/2024,15928.2,Jasmit Peri,Paandi,107479.85
SRO/TN/63650,SF/178/5C,07/07/2022,18798.83,Ekalinga Jayaraman,Bala,95244.31
SRO/TN/23663,RS/175/4,12/03/2025,9210.13,Gaurika Khare,Ilangovan,0.0
SRO/TN/45989,T-829/1,17/03/2022,6327.13,Vanya Kadakia,Rajeswari,0.0
SRO/TN/33170,T-905/9A,07/04/2025,36430.42,Ekani Pandit,Sanmugam,1386408.36
SRO/TN/98513,RS/109/3,21/03/2025,67984.15,Yahvi Sampath,Karuppasamy,0.0
SRO/TN/58846,T-152/6B,01/02/2024,19806.76,Chatura Bhatnagar,Raja,243974.4
SRO/TN/49304,RS/404/9,11/10/2024,56672.26,Hemani Sethi,Ilangovan,802725.62
SRO/TN/43813,T-788/2D,23/02/2024,35343.27,Yachana Vyas,Pazhani,57474924.13
SRO/TN/75112,RS/705/9A,14/10/2022,10495.23,Upma Wali,Chinnasamy,107424.85
SRO/TN/98552,SF/361/2B,03/05/2023,36553.67,Siya Pillai,Velu,526536.96
SRO/TN/88077,SF/146/8A,04/09/2025,87595.97,Raghav Shankar,Pandi,44843843.66
SRO/TN/65725,RS/181/7C,26/01/2026,22007.22,Faris Raman,Rajeswari,314920.26
SRO/TN/41980,T-2/9D,15/07/2022,98189.26,Bhavya Bose,Arun,1377622.84
SRO/TN/89744,T-512/9B,13/12/2021,5893.45,Nitesh Majumdar,Sundhar,115055.31
SRO/TN/23121,T-701/6,25/07/2024,41480.73,Manbir Taneja,Sanmugam,345687.12
SRO/TN/25317,SF/971/6A,23/06/2025,21853.41,Samarth Verma,Ramaswamy,156106.8
SRO/TN/32366,SF/18/7,18/07/2023,15975.24,Chaaya Saha,Kumar,0.0
SRO/TN/37628,SF/74/6D,08/02/2025,24488.84,Urvi Palan,Chandra,1324579.02
SRO/TN/15010,SF/475/3C,22/03/2024,6086.77,Sachi Bail,Elangovan,103615.85
SRO/TN/71254,SF/662/9,17/10/2023,21764.71,Ranbir Bhatnagar,Murugan,21403632.55
SRO/TN/10261,SF/839/2,07/10/2025,29594.37,Vincent Venkatesh,Murughan,637489.66
SRO/TN/47661,SF/891/7B,08/09/2023,85809.06,Nisha Oza,Dhinesh,302046944.47
SRO/TN/53754,RS/313/3D,19/06/2024,16416.13,Vedika Wagle,Annamma,179781.28
SRO/TN/98894,RS/251/6B,20/09/2023,10138.95,Tanvi Modi,Karuppasamy,4950911.34
SRO/TN/71959,T-122/7C,09/05/2022,14212.01,Damini Garg,Veluchami,120598.9
SRO/TN/55730,SF/198/3,22/08/2025,40768.7,Utkarsh Sule,Periyaswamy,715744.23
SRO/TN/59451,T-940/2,10/12/2023,30780.23,Bhavya Batta,Pandi,392368.53
SRO/TN/47807,T-716/4,02/10/2025,12755.11,Ira Mane,Balasubramanian,261004.5
SRO/TN/33980,T-716/4,23/11/2025,12755.11,Balasubramanian,Ojas Dyal,310640.48
SRO/TN/49055,SF/357/4C,05/05/2026,34350.94,Qabil Gill,Kumaar,524239.93
SRO/TN/36561,SF/277/4B,17/11/2024,30107.81,Neel Khanna,Kalaivani,424247.87
SRO/TN/23727,SF/676/1,12/03/2023,51168.46,Benjamin Nadig,Thangaraj,446440.42
SRO/TN/36600,T-625/7C,02/07/2025,38150.49,Ridhi Lad,Pazhani,207497.96
SRO/TN/45846,SF/905/9D,27/02/2023,175930.78,Qarin Jha,Mani,2273672.7
SRO/TN/62823,SF/1/2,21/04/2022,91183.58,Edhitha Padmanabhan,Subramanee,1623066.69
SRO/TN/78608,T-877/2B,07/05/2023,13249.61,Kashish Sen,Raja,191320.17
SRO/TN/89744,SF/651/9B,12/10/2025,93437.11,Charvi Dara,Kanakammal,181187768.59
SRO/TN/77987,T-114/6B,16/11/2023,48885.01,Nidhi Tata,Muthukumar,680948.57
SRO/TN/17870,SF/734/3C,27/11/2022,46292.41,Tara Nagarajan,Karuppaswamy,222959.48
SRO/TN/41415,T-850/2,22/09/2024,103334.62,Aayush Tripathi,Kumar,0.0
SRO/TN/28707,T-280/7C,21/06/2025,167053.14,Chakrika Som,Kumaar,3752592.56
SRO/TN/91371,RS/434/5,28/03/2023,143832.94,Manan Sathe,Balasubramanian,213795623.47
SRO/TN/33368,T-697/8,19/12/2024,37769.66,Isaiah Srinivas,Manimegalai,192405.63
SRO/TN/29119,T-868/5,23/04/2023,53886.45,Liam Dada,Chinnasamy,0.0
SRO/TN/81745,T-828/9,20/05/2023,87423.53,Aryan Ratti,Karthik,0.0
SRO/TN/77885,T-656/9D,19/09/2025,141912.87,Sanaya Parikh,Raman,2446856.38
SRO/TN/38466,RS/41/7A,27/11/2025,51916.44,Eta Bhakta,Murugan,0.0
SRO/TN/76994,T-899/9B,29/08/2026,60977.17,Tristan Mall,Vadivel,1110100.08
SRO/TN/60928,T-755/8,30/03/2023,25643.48,Arin Chacko,Vadivellu,202106790.46
SRO/TN/12280,RS/938/1,12/03/2024,34173.77,Gagan Vala,Palani,326644.1
SRO/TN/45782,T-365/4,08/10/2021,135050.02,Robert Swaminathan,Selvam,884075.94
SRO/TN/11015,T-681/5A,27/03/2024,216519.4,Yasti Bhalla,Tamilselvan,4969803.32
SRO/TN/65871,SF/438/6C,22/06/2022,61281.36,Mitali Divan,Kalaiarasan,31049939.06
SRO/TN/25138,RS/496/5C,14/06/2026,148515.13,Kala Raju,Kannan,0.0
SRO/TN/48302,RS/146/3,05/06/2026,104640.61,Advik Mane,Kumar,0.0
SRO/TN/73267,RS/242/4C,10/08/2026,41461.04,Indali Morar,Nagammal,609927.05
SRO/TN/21923,T-805/6,22/01/2025,87314.28,Gagan Kale,Nagarajan,151816015.66
SRO/TN/84384,SF/501/2,15/12/2024,229873.2,Ojasvi Savant,Saravanan,2820080.77
SRO/TN/63111,SF/404/3C,01/07/2022,69671.17,Nihal Samra,Balasubramanian,1606281.31
SRO/TN/47059,T-559/4B,22/08/2023,233680.61,Liam Chadha,Pazhani,0.0
SRO/TN/12975,T-862/6,21/09/2025,10135.72,Sarthak Mitter,Ilangovan,14683673.38
SRO/TN/18683,T-95/5A,01/12/2024,130772.24,Gautami Bhatti,Shanmugam,1327137.07
SRO/TN/62531,T-750/5,26/10/2021,82192.17,Gaurang Ahuja,Raajaa,782076.01
SRO/TN/60549,RS/868/4,28/03/2025,48997.81,Anjali Sachdeva,Tamilselvan,932552.65
SRO/TN/85319,SF/705/4,09/10/2021,82656.2,Turvi Devan,Malathi,1523506.17
SRO/TN/53124,SF/832/9,15/09/2023,14930.07,Quincy Raj,Chinnasamy,168153.26
SRO/TN/21149,T-65/6,25/11/2024,56532.22,Vritti Basak,Subramani,405517.71
SRO/TN/25067,T-885/2,03/11/2023,100128.81,Daksha Tak,Bala,1223938.87
SRO/TN/33333,T-955/2,15/06/2024,205233.77,Udarsh Bala,Ayyanar,970668.67
SRO/TN/91527,RS/995/6,02/04/2024,48694.59,Mitesh Lala,Nagrajan,301757.9
SRO/TN/19663,SF/853/6,22/09/2023,36457.01,Urmi Dash,Seetha,65329650.4
SRO/TN/27311,T-305/8B,31/10/2023,52665.72,Omisha Gola,Dinesh,576325.42
SRO/TN/46149,T-357/9,27/09/2022,151317.4,Yash Balakrishnan,Karuppasamy,0.0
SRO/TN/93027,T-552/2D,07/02/2024,92310.24,Aradhana Tailor,Marimuthu,0.0
SRO/TN/17549,T-542/5,16/11/2024,41137.37,Janaki Srivastava,Mani,828235.74
SRO/TN/53298,SF/187/4C,14/02/2026,112293.42,Aarna Soni,Karuppaswamy,113175846.96
SRO/TN/79951,RS/855/9,20/04/2023,67905.25,Kashvi Vala,Mani,1511308.07
SRO/TN/28799,SF/456/8B,24/09/2025,152228.24,Aashi Gaba,Manimegalai,2183369.23
SRO/TN/69695,RS/92/6C,08/04/2022,8107.48,Madhav Nagarajan,Karthick,154026.69
SRO/TN/20866,RS/21/2,03/12/2022,27721.78,Krishna Parikh,Bala,44697685.23
SRO/TN/56367,RS/138/6,18/01/2024,17566.58,Chatresh Mahajan,Kannan,385891.97
SRO/TN/62836,T-735/2,09/11/2021,3244.35,Oni Parekh,Vadivel,31524.38
SRO/TN/57861,T-815/9A,17/10/2024,17817.81,Bimala Manne,Veluchami,207324.52
SRO/TN/90851,RS/582/4,02/05/2023,9090.22,Yoshita Hari,Jeyaram,189035.47
SRO/TN/86263,RS/93/6C,05/07/2022,8266.35,Girindra Ganesh,Baala,288816.74
SRO/TN/43142,SF/104/7,28/03/2022,20301.25,Diya Mitra,Nagarajan,445352.33
SRO/TN/31254,T-432/7A,25/08/2023,23430.1,Janani Char,Pazhani,391735.56
SRO/TN/71542,T-700/7,15/02/2022,28173.43,Maanas Arya,Rajendran,1115059.77
SRO/TN/72463,T-894/5A,17/10/2024,6845.3,Zarna Manda,Anbazhagan,0.0
SRO/TN/49146,RS/220/1,18/12/2025,9356.3,Vedhika Sabharwal,Subramani,90669.11
SRO/TN/12631,SF/949/1B,01/12/2024,21143.96,Nicholas Chaudry,Selvam,383306.45
SRO/TN/81856,SF/584/3,24/10/2022,30565.71,Mohammed Thakur,Balasubramaniam,150143.25
SRO/TN/42798,RS/115/4D,20/06/2022,9677.82,Raghav Vora,Suresh,62967.94
SRO/TN/47754,SF/658/7D,25/07/2025,10922.02,Omisha Sharma,Paandi,9098891.75
SRO/TN/58004,SF/208/5,31/05/2022,4420.3,Jackson Deep,Suresh,66389.39
SRO/TN/31992,RS/985/9,29/06/2022,5476.89,Varsha Pall,Aiyanar,0.0
SRO/TN/70842,SF/620/1B,26/08/2022,20032.59,Janani Dewan,Tamilselvi,422913.11
SRO/TN/73971,T-131/7,11/08/2025,32775.86,Hema Gera,Thangaraj,187094.62
SRO/TN/97790,SF/275/5,17/12/2025,10069.74,Ayush Dani,Selvi,0.0
SRO/TN/37478,RS/381/4D,04/10/2025,28041.04,Kabir Dhar,Selvam,535824.03
SRO/TN/49283,SF/602/9A,27/01/2024,16540.89,Damyanti Dass,Anbazhagan,358570.52
SRO/TN/97857,SF/602/9A,26/03/2024,16540.89,Anbazhagan,Kalpit Brar,509524.68
SRO/TN/36621,T-662/4,03/03/2025,9132.74,Isaac Brahmbhatt,Venkat,133991.44
SRO/TN/57032,T-391/4,08/02/2026,14666.78,Veda Sankar,Nagarajan,84023757.2
SRO/TN/46443,RS/915/7C,17/05/2025,41089.36,Ronith Chokshi,Raja,690519.09
SRO/TN/51491,T-989/1,26/03/2022,10549.27,Yochana Bhargava,Raman,284016.59
SRO/TN/46666,SF/112/4B,29/09/2025,53972.78,Jagat Kulkarni,Kalaiarasan,1043715.14
SRO/TN/13870,SF/26/5,30/08/2025,2011.77,Dominic Mitra,Vaalli,8068535.11
SRO/TN/51490,T-828/2A,16/09/2025,26549.59,Gopal Dasgupta,Kanagammal,592196.75
SRO/TN/72640,RS/301/3,22/05/2022,14679.91,Ryan Goyal,Raja,324670.77
SRO/TN/46654,SF/978/1B,14/03/2026,9834.01,Ayush Chana,Ilangovan,177620.03
SRO/TN/77809,RS/324/2,04/03/2023,14788.95,Arunima Pall,Nagarajan,263057.95
SRO/TN/72127,RS/324/2,26/04/2023,14788.95,Nagarajan,Naveen Tella,306358.04
SRO/TN/11902,SF/277/6D,25/11/2022,2257.51,Yashasvi Bir,Subramani,23624.8
SRO/TN/95696,RS/979/9B,20/01/2026,8266.89,Akshay Wadhwa,Meenakshi,148712.71
SRO/TN/22804,T-907/7,20/03/2022,15730.58,Rehaan Manda,Dhinesh,76143377.92
SRO/TN/84713,SF/524/4A,01/04/2025,33892.94,Aayush Chaudhary,Kannan,0.0
SRO/TN/73611,T-134/2A,23/12/2021,7118.27,Yamini Soman,Karuppasamy,262085.38
SRO/TN/25909,RS/236/5B,09/08/2025,7322.79,Qasim Sarraf,Arun,129371.81
SRO/TN/58218,SF/68/3,26/08/2026,10317.63,Pratyush Pant,Pandi,96225.91
SRO/TN/84165,SF/3/1,16/07/2025,25641.33,Panini Kala,Kalaivani,0.0
SRO/TN/23589,SF/627/1,21/05/2023,15554.48,Nikita Chowdhury,Veluchami,352722.33
SRO/TN/78669,T-156/4,10/07/2022,6887.39,Jatin Shukla,Meenakshi,11063793.99
SRO/TN/57077,T-815/6,29/08/2026,16091.92,Zinal Deshpande,Tamilselvan,368037.04
SRO/TN/97689,T-836/9,24/07/2026,10417.41,Jalsa Mani,Periyaswamy,367331.83
SRO/TN/96852,T-904/2,21/02/2026,29946.14,Fitan Narang,Marimuthu,487516.25
SRO/TN/37889,SF/652/5D,31/07/2026,15092.6,Jack Rajan,Raja,224405.81
SRO/TN/23246,RS/385/5,06/03/2024,34540.92,Tanmayi Muni,Thankaraj,470542.68
SRO/TN/84830,SF/274/1D,31/07/2023,25981.69,Upkaar Reddy,Siva,0.0
SRO/TN/48860,SF/153/7,14/01/2025,5303.7,Priya Gulati,Kannen,0.0
SRO/TN/42528,RS/653/4A,23/03/2022,20566.15,Vamakshi Pillai,Kannan,0.0
SRO/TN/21972,T-429/2C,11/01/2026,14535.14,Agastya Swamy,Rajeswary,174660.54
SRO/TN/94335,SF/476/3,30/06/2026,15010.9,Meghana Sarma,Velusamy,279253.03
SRO/TN/73609,SF/92/3,04/03/2026,32071.58,Jagdish Dhar,Arumugam,526232.46
SRO/TN/70031,RS/770/6,19/04/2024,38808.38,Nandini Chaudry,Jeyaram,20512927.22
SRO/TN/58169,T-308/7D,14/06/2025,31851.99,Dhruv Patla,Nagarajan,74802108.92
SRO/TN/32441,RS/504/3,25/07/2022,9599.35,Hamsini Iyer,Anbazhagan,94244.89
SRO/TN/55215,SF/768/3D,07/12/2024,12666.53,Jason Kaul,Kumar,174758.49
SRO/TN/21841,SF/980/8A,11/02/2025,23049.28,Xalak Mallick,Thangaraj,232667.8
SRO/TN/23251,T-164/1C,27/03/2026,39940.1,Mugdha Parekh,Aiyanar,0.0
SRO/TN/17204,SF/315/1,05/02/2022,15260.95,Nidhi Sundaram,Mahesh,303182.15
SRO/TN/74202,T-444/5B,29/03/2022,18694.74,Manan Sha,Raja,15942849.18
SRO/TN/64546,RS/659/2D,08/02/2025,10121.94,Jason Krishna,Veluchami,78322.28
SRO/TN/77534,SF/315/4,18/04/2024,8932.64,Widisha Kashyap,Mani,147099.66
SRO/TN/84346,RS/266/1,26/05/2024,38563.61,Ayushman Chaudhary,Velu,700299.96
SRO/TN/15068,T-286/2D,07/01/2023,65727.28,Ekansh Tara,Sanmugam,0.0
SRO/TN/28710,RS/146/2C,28/04/2025,25325.84,Praneel Raja,Jayalakshmi,359431.03
SRO/TN/78482,SF/92/5,05/06/2026,43685.83,Michael Mitter,Siva,484027.23
SRO/TN/78325,T-102/8D,11/11/2023,21608.96,Faraj Venkatesh,Meenakshi,0.0
SRO/TN/88219,RS/701/1C,30/10/2025,13201.17,Unnati Jaggi,Nagarajan,8027406.17
SRO/TN/49725,SF/982/8,29/03/2026,20779.82,Widisha Swaminathan,Arumugam,223483.21
SRO/TN/71486,RS/536/1A,19/10/2021,77943.34,Hemal Zachariah,Subramani,53155455.25
SRO/TN/67426,T-482/3,01/05/2022,19956.92,Azad Sani,Thangaraj,35488284.72
SRO/TN/55731,SF/549/4A,20/04/2022,69825.2,Leela Sengupta,Rajendiran,0.0
SRO/TN/99805,T-16/9,03/02/2025,2103.05,Krisha Savant,Raman,46471.42
SRO/TN/49065,SF/818/3,20/01/2025,30552.15,Balendra Bali,Rajendran,0.0
SRO/TN/58440,RS/266/7C,27/11/2021,18342.55,Chavvi Gala,Murugan,211402.01
SRO/TN/14825,SF/330/1C,03/12/2025,12639.4,Raagini Desai,Jayalakshmi,177435.47
SRO/TN/28383,SF/373/1D,05/06/2025,15745.97,Lopa Sura,Kanakammal,303754.69
SRO/TN/71339,SF/592/3,07/11/2021,3722.37,Vritti Zacharia,Paandi,0.0
SRO/TN/26178,SF/834/1,26/04/2023,24513.6,Vamakshi Dugar,Selvam,191533.01
SRO/TN/26504,T-884/6,18/10/2021,30112.33,Mahika Lall,Shanmugam,1344571.68
SRO/TN/36038,RS/266/3A,04/12/2023,71826.43,Krishna Pandit,Andal,1348741.14
SRO/TN/61887,SF/928/8A,17/05/2022,12534.02,Ekani Bhat,Kanakammal,22017756.44
SRO/TN/21017,RS/159/7D,17/08/2024,11949.33,Chakradev Dave,Chinnaswamy,58830.97
SRO/TN/33749,RS/446/6D,05/01/2025,11677.86,Ikshita Bala,Nagrajan,18414069.75
SRO/TN/10064,SF/847/9A,02/07/2025,50240.61,Lajita Chatterjee,Meenakshi,859234.23
SRO/TN/58642,RS/315/4B,03/12/2023,26943.55,Hemani Parikh,Kalaiarasan,471701.74
SRO/TN/80482,T-177/6,25/10/2025,9818.72,Indali Bhalla,Chinnasamy,72482.76
SRO/TN/69431,RS/700/4,13/01/2023,26799.74,Yug Keer,Venkat,306024.3
SRO/TN/37933,RS/428/3,26/05/2024,17955.69,Frado Bhatti,Subramani,0.0
SRO/TN/96789,T-403/4,21/10/2023,50172.8,Ishwar Nazareth,Balasubramanian,758783.88
SRO/TN/98838,T-791/3A,13/10/2023,50973.63,Anmol Yohannan,Manimegalai,1113999.98
SRO/TN/90061,T-486/9B,07/05/2026,175349.96,Baljiwan Sharma,Marimutthu,4046328.67
SRO/TN/13109,SF/248/9,02/11/2021,87466.7,Yutika Sama,Velu,2021787.77
SRO/TN/44763,SF/724/3,04/09/2025,13615.36,Anmol Singh,Muthukumar,267549.92
SRO/TN/99739,SF/434/3,01/12/2023,101962.23,Edhitha Purohit,Shanmugam,566285.17
SRO/TN/37643,SF/34/6,26/07/2023,48219.37,Ekantika Chaudhari,Subramani,0.0
SRO/TN/10966,T-424/9,01/09/2025,36712.22,Harish Jha,Venkat,0.0
SRO/TN/71265,SF/944/4D,14/06/2022,117612.51,Watika Thakkar,Velu,603998.52
SRO/TN/38024,SF/424/8,17/07/2025,176901.36,Ojas Mistry,Kalaivani,1383706.18
SRO/TN/40025,T-6/9,06/05/2025,161479.81,Rajata Jaggi,Marimuthu,3473173.57
SRO/TN/44183,T-620/4,23/06/2025,39393.94,Faqid Wason,Kumar,412172.35
SRO/TN/80070,RS/228/6C,04/01/2026,57212.28,Bhavna Lanka,Kumar,47082686.27
SRO/TN/77588,RS/662/6D,06/03/2024,95285.59,Chameli Ratti,Nagammal,659899.19
SRO/TN/41273,T-642/6,02/03/2023,139295.85,George Chandran,Ilangovan,2749299.94
SRO/TN/86657,RS/867/1,02/09/2024,49248.93,Anjali Bhavsar,Thankaraj,0.0
SRO/TN/48143,SF/791/2,16/10/2025,56207.26,Prisha Kadakia,Kumar,103291243.75
SRO/TN/37773,T-231/3,03/07/2026,26314.83,Faraj Mittal,Tamilselvi,0.0
SRO/TN/94030,RS/928/6,17/10/2025,21080.56,Rachita Zacharia,Jeyaram,450727.07
SRO/TN/27875,T-517/9D,14/06/2024,135550.87,Ryan Sachdeva,Dinesh,3014183.85
SRO/TN/30417,SF/404/3B,23/01/2025,209784.75,Zayan Varma,Aroon,2178319.09
SRO/TN/15713,SF/130/5D,18/05/2025,55825.57,Pranit Bahl,Vadivel,1049399.2
SRO/TN/64586,T-616/3,26/10/2021,159998.59,Xalak Kala,Balasubramanian,2019957.37
SRO/TN/86051,SF/68/1A,14/02/2025,98606.15,Amrita Walia,Mahesh,1106875.44
SRO/TN/54038,SF/601/3,16/03/2022,43497.78,Darpan Vig,Marimuthu,322718.42
SRO/TN/82582,RS/485/6,08/04/2024,85101.65,Janya Shere,Veluchami,1082246.25
SRO/TN/62317,RS/485/6,24/05/2024,85101.65,Veluchami,Wridesh Dora,1393426.99
SRO/TN/96174,RS/124/8D,15/03/2023,262558.97,Radhika Roy,Kamachi,0.0
SRO/TN/69806,SF/277/1,22/11/2024,69743.08,Devansh Jani,Vadivellu,664038.56
SRO/TN/74349,SF/738/3,18/02/2025,264359.12,Amara Mangat,Raman,5516983.92
SRO/TN/84144,T-998/3,04/02/2024,8547.18,Aahana Keer,Marimutthu,110222.56
SRO/TN/53605,SF/310/9A,17/07/2022,137499.46,William Comar,Pazhani,2687091.5
SRO/TN/64968,RS/363/2,10/07/2023,80724.73,Rehaan Bala,Karthik,1227149.06
SRO/TN/88377,SF/905/9,20/02/2025,58898.34,Dayita Shetty,Dinesh,292945.44
SRO/TN/30312,RS/717/7C,27/04/2022,83688.46,Rajata Sami,Vadivel,1469438.97
SRO/TN/36393,T-798/3,18/12/2022,15412.94,Saksham Dutta,Veluchami,23340521.57
SRO/TN/41500,RS/9/2B,25/08/2025,64859.49,Laban Balakrishnan,Mani,66593820.28
SRO/TN/12084,RS/194/5,28/07/2023,90071.45,Arunima Goda,Mahesh,119236100.15
SRO/TN/76318,SF/621/7A,17/04/2022,234232.15,Vedika Bahri,Suresh,0.0
SRO/TN/26182,SF/986/6A,20/01/2022,45592.01,Fiyaz Murthy,Vasantha,277981.23
SRO/TN/25510,T-779/2B,14/05/2026,41457.38,Devansh Ray,Sumati,0.0
SRO/TN/10439,SF/973/4A,28/02/2026,47025.0,Gautam Ranganathan,Rajeswari,1066047.43
SRO/TN/19594,SF/973/4A,16/04/2026,47025.0,Rajeswari,Warinder Choudhury,1369268.24
SRO/TN/20907,RS/410/5A,20/06/2026,121197.85,Zayan Taneja,Muthukumar,2121729.31
SRO/TN/85814,RS/11/1B,31/08/2022,90362.4,Wazir Das,Periyaswamy,1465550.85
SRO/TN/63901,SF/690/2,22/11/2021,45231.41,Forum Ramakrishnan,Periyasamy,935861.37
SRO/TN/73166,SF/989/7,14/09/2022,122409.65,Pallavi Kamdar,Ramasamy,76959179.08
SRO/TN/86439,SF/471/3A,30/06/2022,74269.73,Hredhaan Gill,Dinesh,1602452.59
SRO/TN/25855,SF/810/5B,12/10/2022,147237.67,Anvi Sarraf,Murughan,7637052.39
SRO/TN/38357,RS/103/9B,11/11/2021,71283.82,Aachal Bhalla,Velu,1360997.64
SRO/TN/64912,SF/43/3,25/09/2022,243668.97,Kavya Chowdhury,Arun,0.0
SRO/TN/43289,RS/800/6D,15/09/2024,158892.17,Pallavi Soman,Kumar,2168226.91
SRO/TN/77436,RS/792/9,11/10/2021,12469.55,Arunima Dhillon,Raman,264089.91
SRO/TN/49913,SF/529/7C,26/09/2025,139697.98,Vaishnavi Pillai,Surase,145311089.3
SRO/TN/88563,RS/241/6D,12/08/2022,86476.31,Ansh Banerjee,Saravanan,1705953.66
SRO/TN/78855,RS/52/5A,29/11/2022,56755.57,Wriddhish Kulkarni,Vadivellu,59892081.35
SRO/TN/87551,RS/53/7C,09/07/2025,159764.8,Dayamai Patil,Aarumugam,111994707.88
SRO/TN/16826,RS/774/4A,28/09/2021,251002.63,Warjas Savant,Thangaraj,3219954.79
SRO/TN/37816,T-765/1,05/02/2022,229819.17,Abhiram Ramaswamy,Manee,0.0
SRO/TN/47217,SF/715/8C,10/10/2024,53889.79,Charvi Chana,Andal,223512301.2
SRO/TN/64775,SF/28/7A,24/04/2025,70139.4,Chameli Kade,Periyasamy,458026.57
SRO/TN/97568,SF/753/3A,04/12/2025,137184.61,Reva Nadig,Paandi,2253111.06
SRO/TN/14802,RS/521/9A,01/11/2023,258521.65,Bahadurjit Mahal,Ramasamy,0.0
SRO/TN/39978,T-425/4,06/07/2025,82039.86,Vyanjana Sinha,Nagrajan,3037260.45
SRO/TN/28412,T-865/6D,20/07/2026,87767.23,Gaurangi Sami,Ayyanar,1902959.25
SRO/TN/41838,T-433/2B,06/01/2023,44221.65,Naveen Lal,Kannan,1014931.52
SRO/TN/42972,SF/592/1A,09/06/2024,35407.2,Indira Salvi,Siva,704571.48
SRO/TN/90102,SF/576/3A,22/12/2023,183445.81,Sudiksha Bala,Ramasamy,1503746.99
SRO/TN/77544,RS/626/5,08/02/2022,334235.56,Qarin Sawhney,Manee,490936273.25
SRO/TN/26844,RS/704/1,23/10/2024,97799.61,Aarush Rattan,Pazhani,1486251.81
SRO/TN/75654,T-349/9A,14/05/2026,231038.29,Dalaja Murthy,Valli,10304176.7
SRO/TN/66646,T-349/9A,08/07/2026,231038.29,Valli,Indrajit Dugar,13142113.14
SRO/TN/13973,T-795/5C,24/10/2023,144995.65,Zaitra De,Suresh,0.0
SRO/TN/49641,SF/396/7C,29/10/2021,66063.33,Ekaja Seth,Vellu,112524347.49
SRO/TN/86534,T-674/3D,25/05/2023,127019.83,Kiaan Lad,Siva,2170798.5
SRO/TN/17309,SF/526/9,12/07/2025,358434.43,Falak Manda,Pandi,12184211.3
SRO/TN/63783,RS/564/3C,19/04/2023,97354.85,Frado Sachdeva,Raja,0.0
SRO/TN/43894,RS/151/9B,13/08/2026,361018.73,Qabil Ramaswamy,Sundhar,7142399.08
SRO/TN/32417,RS/151/9B,12/09/2026,361018.73,Sundhar,Udarsh Bail,10110363.1
SRO/TN/47638,RS/553/1A,03/04/2026,11122.55,Veer Chakraborty,Anbazhagan,0.0
SRO/TN/10956,SF/544/3D,29/07/2023,215524.71,Rushil Lala,Pandi,326290693.23
SRO/TN/33452,RS/276/4,09/03/2025,116249.37,Chandran Rattan,Thangaraj,1822765.76
SRO/TN/12148,RS/922/1,19/10/2021,78399.94,Abha Dixit,Arumugam,116985869.72
SRO/TN/70959,T-93/3,01/08/2026,110479.38,Jhalak Garde,Mahesh,1447129.41
SRO/TN/52003,RS/249/7,31/05/2022,24955.35,Akshay Vora,Veluchami,508189.92
SRO/TN/98363,SF/717/9D,16/06/2022,82826.06,Sudiksha Talwar,Periyasamy,127073526.03
SRO/TN/67210,RS/896/8A,01/01/2026,117842.1,Udarsh Jani,Velusamy,0.0
SRO/TN/41236,RS/40/7A,12/05/2025,362319.55,Amaira Mani,Arun,0.0
SRO/TN/49081,RS/581/8D,30/05/2023,66550.4,Lavanya De,Velu,831914.89
SRO/TN/77789,SF/985/7B,18/08/2025,44177.41,Samuel Kale,Balasubramanian,529967.72
SRO/TN/67990,SF/914/6A,09/09/2025,85885.59,Ranbir Sahota,Tamizhelvan,1460074.78
SRO/TN/25589,T-562/4,25/04/2023,229262.24,Nilima Dhingra,Ilangovan,0.0
SRO/TN/92611,RS/538/3,28/04/2025,139384.11,Bina Lala,Muthukumaar,4282471.77
SRO/TN/11133,T-195/2,04/10/2023,66282.16,Shravya Kothari,Bala,353249.11
SRO/TN/30015,T-742/2D,12/11/2025,143863.08,Tara Chada,Shiva,1845072.25
SRO/TN/21832,SF/18/4B,24/12/2024,105763.07,Upasna Deol,Tamilselvan,1421102.72
SRO/TN/42010,SF/18/4B,08/02/2025,105763.07,Tamilselvan,Mitali Kala,2040727.82
SRO/TN/45291,T-446/6D,03/04/2023,244146.35,Pallavi Kunda,Kannan,8694653.43
SRO/TN/59802,SF/240/6D,28/09/2023,53574.94,Girish Bhargava,Dhinesh,49213793.57
SRO/TN/80990,T-928/7,13/03/2025,147654.12,Gaurangi Keer,Chelvam,2517233.98
SRO/TN/43120,SF/486/6,16/08/2026,86164.59,Irya Bath,Murugan,0.0
SRO/TN/28154,SF/776/5D,02/01/2024,15621.54,Zehaan Thaman,Periyaswamy,116446.74
SRO/TN/64541,T-199/8C,20/04/2026,97709.09,Chasmum Rana,Kumar,449040491.57
SRO/TN/26528,RS/994/6,08/04/2026,55307.93,Kevin Barman,Arun,496811.83
SRO/TN/28895,RS/994/6,30/04/2026,55307.93,Arun,Abha Gara,659439.34
SRO/TN/97900,T-204/9A,28/04/2026,38791.8,Harinakshi Sidhu,Raja,474477.52
SRO/TN/44528,RS/506/7,29/04/2022,109382.86,Gaurav Nadig,Maheash,870745.97
SRO/TN/88704,T-858/8A,31/08/2026,164169.93,Lucky Lad,Velu,6765712.37
SRO/TN/18811,T-171/9B,12/05/2025,137802.25,Dhriti Basu,Subramani,2098064.15
SRO/TN/70114,SF/329/8,17/02/2022,37085.3,Xalak Mand,Vasanta,507089.06
SRO/TN/75803,T-504/8,07/06/2026,42763.68,Qushi Mandal,Pandi,484270.04
SRO/TN/49074,SF/619/9,14/08/2026,91355.91,Aishani Varughese,Rajeswari,1179407.17
SRO/TN/27278,T-41/4B,11/07/2022,164183.17,Rajata Gala,Kumaar,3724771.31
SRO/TN/89837,SF/623/6,14/11/2024,55337.53,Vyanjana Dora,Sundar,373444.77
SRO/TN/97636,SF/620/8,24/05/2026,55897.69,Chatresh Gulati,Malathi,90022458.49
SRO/TN/50094,T-733/2B,21/06/2026,27862.36,Chatura Karpe,Periyaswamy,0.0
SRO/TN/19876,RS/388/2,07/11/2025,24460.64,Balendra Singhal,Dhinesh,0.0
SRO/TN/40218,SF/115/7,01/01/2023,138992.84,Nihal Sibal,Valli,2557129.46
SRO/TN/32057,RS/744/1D,11/01/2025,222639.86,Jack Talwar,Bala,115911101.9
SRO/TN/16677,T-279/7D,02/05/2025,65652.69,Riya Parikh,Mani,150995509.46
SRO/TN/53021,SF/768/7,11/08/2026,163025.94,Tanvi Tailor,Baala,3769557.58
SRO/TN/23549,T-411/1,06/07/2024,88405.63,Manbir Dasgupta,Marimutthu,1252178.45
SRO/TN/71296,T-544/2C,24/12/2025,42895.54,Girik Jani,Raman,805887.25
SRO/TN/52979,SF/169/1D,11/05/2023,91421.25,Pranit Ganguly,Malathi,1387986.02
SRO/TN/60650,RS/776/6B,26/07/2025,248636.94,Simon Agrawal,Gopi,4136857.31
SRO/TN/87898,SF/639/9A,27/06/2026,63647.48,Omaja Bose,Venkat,489919.3
SRO/TN/70510,T-571/5C,19/01/2025,229777.08,Wishi Chandra,Dinesh,3321919.06
SRO/TN/39230,T-399/6C,25/08/2023,10350.24,Atharv Mane,Seetha,119025.42
SRO/TN/57677,RS/153/2A,17/11/2022,123160.65,Meera Prakash,Veluchami,0.0
SRO/TN/66626,SF/318/9A,06/05/2024,70488.26,Ekiya Dube,Thangaraj,104150759.93
SRO/TN/75223,RS/819/2,17/07/2025,62686.15,Finn Sharma,Velusamy,1385820.78
SRO/TN/24225,T-974/2A,30/07/2022,65035.48,Sudiksha Luthra,Ponnammal,1469243.93
SRO/TN/91936,RS/310/2,17/09/2025,14947.18,Forum Bassi,Siva,327225.67
SRO/TN/16430,SF/100/6C,14/08/2024,57755.0,Ekta Dayal,Rajendran,1176786.5
SRO/TN/82542,T-955/9C,03/04/2026,90582.95,Chanakya Mandal,Tamilselvan,548286.75
SRO/TN/72746,T-507/5C,14/09/2022,239118.85,Christopher Bobal,Veluchami,0.0
SRO/TN/60809,T-711/8D,24/04/2025,52358.84,George Rastogi,Siva,552132.6
SRO/TN/23239,SF/27/6A,13/08/2025,35805.47,Pranav Khatri,Chandra,298402.94
SRO/TN/73279,SF/27/6A,12/09/2025,35805.47,Chandra,Gaurav Bail,421404.38
SRO/TN/72945,SF/216/7,17/11/2022,49967.21,Nicholas Rama,Ayyanar,0.0
SRO/TN/77833,RS/386/3,20/02/2022,159224.67,Bhavani Dube,Kumar,1976829.8
SRO/TN/93711,T-1/2A,02/04/2025,88876.02,Chanchal Swaminathan,Vadivel,967479.56
SRO/TN/82734,T-73/9,12/12/2023,52164.77,Dayita Deep,Karthik,92983753.13
SRO/TN/18498,T-351/3A,04/03/2025,98362.35,Gopal Pillai,Mani,106883921.34
SRO/TN/56869,SF/31/1C,18/06/2025,73075.69,Vrishti Sehgal,Velu,544402.98
SRO/TN/78319,T-798/3,06/03/2023,156690.09,Vamakshi Loyal,Andal,0.0
SRO/TN/99491,RS/4/4B,10/03/2022,34659.76,Gautam Sami,Chinnasamy,598780.22
SRO/TN/74947,SF/646/5,05/01/2025,132573.14,Quincy Saraf,Ramasamy,225723205.67
SRO/TN/10056,RS/519/3A,06/01/2024,81128.38,Girik Baria,Kannen,1322859.94
SRO/TN/49191,SF/724/7,15/06/2026,15030.71,Ubika Kapur,Kumaar,131702.2
SRO/TN/18624,T-459/5,08/02/2025,68226.98,Warhi Vyas,Veluchami,1241177.63
SRO/TN/18969,T-497/9C,01/07/2023,37494.97,Bina Sidhu,Elangovan,812665.02
SRO/TN/98973,T-636/6D,28/05/2023,31792.79,Fariq Sridhar,Chinnasamy,22160541.88
SRO/TN/26041,SF/999/5A,14/07/2022,78974.41,Manthan Datta,Thangaraj,3808410.29
SRO/TN/59842,T-888/2,26/03/2026,140341.56,Yuvraj Virk,Vadivel,182955620.49
SRO/TN/32692,RS/760/3,21/02/2024,116978.94,Chakrika Batta,Parvati,567458.27
SRO/TN/62118,T-473/9C,30/05/2024,29475.43,Chakradev Varghese,Karuppasamy,0.0
SRO/TN/40307,T-560/8,21/09/2023,40823.06,Yashvi Sandal,Kannen,75186574.02
SRO/TN/33304,SF/715/5B,22/07/2022,67805.68,Girindra Shetty,Nagarajan,0.0
SRO/TN/96096,RS/198/9,23/04/2022,127304.43,Isha Kumar,Surase,994238.8
SRO/TN/57433,T-61/3A,01/01/2022,34687.42,Yahvi Babu,Manimegalai,0.0
SRO/TN/21798,T-417/5,14/11/2022,46311.68,Turvi Gola,Baala,2156734.23
SRO/TN/40916,SF/990/3,01/09/2024,24540.51,Maya Bath,Jeyaram,0.0
SRO/TN/13231,T-877/3,25/04/2024,24390.89,Omaja Mishra,Arumugam,406726.88
SRO/TN/82431,RS/267/2D,17/03/2025,94631.58,Suhani Sengupta,Raja,666640.76
SRO/TN/11636,T-437/1B,16/05/2024,145547.3,Harita Grover,Aroon,0.0
SRO/TN/93879,RS/830/5,03/03/2023,52838.16,Qasim Brar,Marimuthu,382503371.44
SRO/TN/40029,T-754/9,09/09/2023,121702.36,Hitesh Saraf,Gopi,1293345.94
SRO/TN/50421,RS/611/8D,24/04/2023,60699.68,Abdul Rana,Ilangovan,0.0
SRO/TN/83134,RS/113/4,13/07/2023,35684.8,Agastya Garg,Gopi,457845.42
SRO/TN/40318,RS/770/8,12/05/2022,72977.84,Triveni Ravel,Malathi,939199.44
SRO/TN/31853,SF/910/6B,02/12/2022,170251.64,Chavvi Patel,Saravanan,813375.36
SRO/TN/64792,SF/821/4,11/02/2022,38189.89,Chasmum Chahal,Kumar,1803660.1
SRO/TN/67111,RS/196/5,12/08/2026,215703.93,Krishna Atwal,Ramaswamy,0.0
SRO/TN/70203,T-317/2B,11/01/2026,8214.47,Isaac Babu,Vadivel,6873881.92
SRO/TN/49174,T-533/7C,26/11/2024,97677.44,Avi Kadakia,Arun,0.0
SRO/TN/92343,SF/755/6C,30/03/2024,59311.24,Maanav Khurana,Saravanan,1287608.0
SRO/TN/32798,SF/102/8,02/10/2023,47474.61,Rayaan Chadha,Ayyanar,62604299.18
SRO/TN/82353,RS/95/9D,03/03/2026,56165.38,Ubika Divan,Kalaiarasan,864438.62
SRO/TN/51864,RS/577/5A,04/02/2022,10830.74,Pahal Bains,Valli,185456.87
SRO/TN/76571,SF/670/8,24/11/2025,44244.69,Ojas Dua,Kamakshi,572694.02
SRO/TN/41129,T-556/8,12/02/2025,83362.85,Vedhika Sinha,Saravanan,1591677.17
SRO/TN/88709,T-554/1D,02/02/2022,167920.39,Shivani Kibe,Rajendran,678624133.63
SRO/TN/80950,T-310/6B,18/07/2023,33800.15,Chaitaly Ramanathan,Kanakammal,570867.51
SRO/TN/33689,T-454/7,08/08/2023,23797.37,Gauri Anand,Karthik,161588.79
SRO/TN/98916,T-618/1C,25/02/2023,30261.09,Rachana Sagar,Raja,0.0
SRO/TN/46555,SF/524/3D,30/12/2022,111528.75,Bina Bansal,Annamma,2444437.44
SRO/TN/47610,RS/567/4,25/11/2025,64617.41,Mugdha Sunder,Balasubramanian,540692.25
SRO/TN/63085,RS/503/6A,18/06/2026,41384.72,Vincent Bhat,Balasubramanian,54846236.99
SRO/TN/41934,SF/758/2D,12/03/2024,77631.29,Pahal Mutti,Arun,1072043.33
SRO/TN/34829,RS/451/1,15/11/2022,64492.45,Amrita Sahni,Gopee,0.0
SRO/TN/96948,RS/270/1,07/09/2022,107563.01,Jackson Talwar,Saravanan,593804.69
SRO/TN/88116,RS/872/1,17/01/2023,27640.51,Saumya Sarin,Maheash,288237.9
SRO/TN/80242,RS/872/1,10/03/2023,27640.51,Maheash,Neel Mani,350848.91
SRO/TN/68312,SF/597/8D,09/07/2022,105088.06,Upasna Padmanabhan,Vadivel,4924336.58
SRO/TN/14553,RS/422/8B,06/01/2025,61513.64,Vincent Tripathi,Mahesh,511579.62
SRO/TN/23145,SF/68/7,12/02/2022,9322.4,Harinakshi Sidhu,Periyasamy,7516919.9
SRO/TN/20724,SF/616/3C,09/09/2022,59920.16,Chaaya Ramakrishnan,Karthik,1250521.49
SRO/TN/46248,SF/340/9,03/01/2022,38021.0,Jagvi Sodhi,Murugan,320566.73
SRO/TN/17943,RS/817/7,30/05/2023,31129.84,Sarthak Mandal,Venkat,650657.57
SRO/TN/77084,RS/558/5C,07/07/2023,72335.24,Vasudha Dayal,Rajendran,937505.7
SRO/TN/45107,SF/415/9,16/12/2022,98513.15,Ryan Dugar,Pandi,2023551.26
SRO/TN/57072,RS/396/1C,21/12/2022,96955.83,Harrison Sagar,Mahesh,0.0
SRO/TN/57666,T-830/3B,24/12/2025,21806.91,Chavvi Keer,Sundar,463267.62
SRO/TN/98106,T-394/3,26/01/2023,31214.77,Champak Badami,Sundar,0.0
SRO/TN/96335,RS/976/2,03/05/2024,53382.27,Advika Parikh,Nagarajan,602216.07
SRO/TN/18415,SF/137/4,22/11/2021,107127.07,Owen Thakur,Saraswathi,2095144.76
SRO/TN/80632,T-74/6,25/02/2024,26955.39,Devansh Nazareth,Periyasamy,401883.42
SRO/TN/73544,RS/65/8,07/05/2022,38783.73,Ishaan Karan,Selvi,694782.03
SRO/TN/58975,T-393/4A,06/02/2026,19485.89,Udarsh Sur,Nagrajan,283199.4
SRO/TN/13356,T-343/6B,03/04/2023,21787.32,Harini Pant,Kalaiarasan,377765.21
SRO/TN/55657,T-47/1,08/01/2025,79295.28,Amara Dora,Rajendiran,701740.43
SRO/TN/73853,RS/66/4D,26/10/2024,154023.66,Chandresh Sarma,Selvi,0.0
SRO/TN/53733,SF/980/4,29/05/2022,48452.51,Indrajit Cherian,Subramanee,85280803.23
SRO/TN/66051,SF/267/8B,19/02/2026,105643.7,Benjamin Tripathi,Susila,743526.5
SRO/TN/36741,RS/293/4A,25/05/2023,63277.85,Oliver Dalal,Raman,1347516.38
SRO/TN/22154,SF/741/9A,28/04/2026,30974.09,Janaki Dugar,Shanmugam,238674.34
SRO/TN/46699,RS/548/7,09/04/2024,59909.28,Riya Toor,Parvati,768684.64
SRO/TN/38555,RS/309/3,15/11/2024,180705.11,Hardik Dube,Ponnammal,1343186.63
SRO/TN/26011,T-673/4,19/01/2022,41063.2,Gaurika Devi,Raja,325517.45
SRO/TN/43817,SF/190/4,15/07/2026,164369.92,Saksham Sarna,Arun,3402412.56
SRO/TN/74184,T-794/8D,04/05/2024,69307.46,Thangaraj,Diya Ahluwalia,83263556.99
SRO/TN/67878,T-794/8D,03/06/2024,69307.46,Diya Ahluwalia,Robert Natt,145711224.72
SRO/TN/62619,T-794/8D,03/07/2024,69307.46,Robert Natt,Aryan Kara,208158892.46
